row_index,target_field,permit_type_true,is_masked_type_subtype,final_value,final_confidence,decision_status,decision_method,selected_algorithm,supporting_algorithms,vote_count,candidate_count,generated_candidate_count,accepted_candidate_count,minimum_confidence,validation_record_status,is_accepted,candidates_json,permit_type_input
6,permit_type,Building - In House Plan Check,1,Building - Full Plan Check,0.7129320416787528,Accepted,majority_vote,association_rules,"[""association_rules"", ""clustering"", ""knn""]",3,4,4,4,0.0,valid,True,"[{""row_index"": 6, ""target_field"": ""permit_type"", ""algorithm"": ""grouped_majority"", ""predicted_value"": ""Building Permit OTC"", ""confidence"": 0.5, ""prediction_source"": ""group_majority"", ""passes_threshold"": true, ""candidate_status"": ""Accepted"", ""rejection_reason"": null, ""validation_record_status"": ""valid""}, {""row_index"": 6, ""target_field"": ""permit_type"", ""algorithm"": ""association_rules"", ""predicted_value"": ""Building - Full Plan Check"", ""confidence"": 1.0, ""prediction_source"": ""matched_rules"", ""passes_threshold"": true, ""candidate_status"": ""Accepted"", ""rejection_reason"": null, ""validation_record_status"": ""valid""}, {""row_index"": 6, ""target_field"": ""permit_type"", ""algorithm"": ""clustering"", ""predicted_value"": ""Building - Full Plan Check"", ""confidence"": 0.4, ""prediction_source"": ""cluster_majority"", ""passes_threshold"": true, ""candidate_status"": ""Accepted"", ""rejection_reason"": null, ""validation_record_status"": ""valid""}, {""row_index"": 6, ""target_field"": ""permit_type"", ""algorithm"": ""knn"", ""predicted_value"": ""Building - Full Plan Check"", ""confidence"": 0.7387961250362586, ""prediction_source"": ""nearest_neighbors"", ""passes_threshold"": true, ""candidate_status"": ""Accepted"", ""rejection_reason"": null, ""validation_record_status"": ""valid""}]",
7,permit_type,Building - In House Plan Check,1,Building - In House Plan Check,1.0,Accepted,majority_vote,association_rules,"[""association_rules"", ""knn""]",2,4,4,4,0.0,valid,True,"[{""row_index"": 7, ""target_field"": ""permit_type"", ""algorithm"": ""grouped_majority"", ""predicted_value"": ""Building Permit OTC"", ""confidence"": 0.5, ""prediction_source"": ""group_majority"", ""passes_threshold"": true, ""candidate_status"": ""Accepted"", ""rejection_reason"": null, ""validation_record_status"": ""valid""}, {""row_index"": 7, ""target_field"": ""permit_type"", ""algorithm"": ""association_rules"", ""predicted_value"": ""Building - In House Plan Check"", ""confidence"": 1.0, ""prediction_source"": ""matched_rules"", ""passes_threshold"": true, ""candidate_status"": ""Accepted"", ""rejection_reason"": null, ""validation_record_status"": ""valid""}, {""row_index"": 7, ""target_field"": ""permit_type"", ""algorithm"": ""clustering"", ""predicted_value"": ""Building - Full Plan Check"", ""confidence"": 0.4, ""prediction_source"": ""cluster_majority"", ""passes_threshold"": true, ""candidate_status"": ""Accepted"", ""rejection_reason"": null, ""validation_record_status"": ""valid""}, {""row_index"": 7, ""target_field"": ""permit_type"", ""algorithm"": ""knn"", ""predicted_value"": ""Building - In House Plan Check"", ""confidence"": 1.0, ""prediction_source"": ""nearest_neighbors"", ""passes_threshold"": true, ""candidate_status"": ""Accepted"", ""rejection_reason"": null, ""validation_record_status"": ""valid""}]",
9,permit_type,Building - In House Plan Check,1,Building Permit OTC,0.7267857142857144,Accepted,unanimous_vote,association_rules,"[""association_rules"", ""clustering"", ""grouped_majority"", ""knn""]",4,4,4,4,0.0,valid,True,"[{""row_index"": 9, ""target_field"": ""permit_type"", ""algorithm"": ""grouped_majority"", ""predicted_value"": ""Building Permit OTC"", ""confidence"": 0.5, ""prediction_source"": ""group_majority"", ""passes_threshold"": true, ""candidate_status"": ""Accepted"", ""rejection_reason"": null, ""validation_record_status"": ""valid""}, {""row_index"": 9, ""target_field"": ""permit_type"", ""algorithm"": ""association_rules"", ""predicted_value"": ""Building Permit OTC"", ""confidence"": 0.8571428571428571, ""prediction_source"": ""matched_rules"", ""passes_threshold"": true, ""candidate_status"": ""Accepted"", ""rejection_reason"": null, ""validation_record_status"": ""valid""}, {""row_index"": 9, ""target_field"": ""permit_type"", ""algorithm"": ""clustering"", ""predicted_value"": ""Building Permit OTC"", ""confidence"": 0.75, ""prediction_source"": ""cluster_majority"", ""passes_threshold"": true, ""candidate_status"": ""Accepted"", ""rejection_reason"": null, ""validation_record_status"": ""valid""}, {""row_index"": 9, ""target_field"": ""permit_type"", ""algorithm"": ""knn"", ""predicted_value"": ""Building Permit OTC"", ""confidence"": 0.8, ""prediction_source"": ""nearest_neighbors"", ""passes_threshold"": true, ""candidate_status"": ""Accepted"", ""rejection_reason"": null, ""validation_record_status"": ""valid""}]",
11,permit_type,Building - In House Plan Check,1,Building - In House Plan Check,0.6666666666666666,Accepted,majority_vote,association_rules,"[""association_rules"", ""knn""]",2,4,4,4,0.0,valid,True,"[{""row_index"": 11, ""target_field"": ""permit_type"", ""algorithm"": ""grouped_majority"", ""predicted_value"": ""Building Permit OTC"", ""confidence"": 0.5, ""prediction_source"": ""group_majority"", ""passes_threshold"": true, ""candidate_status"": ""Accepted"", ""rejection_reason"": null, ""validation_record_status"": ""valid""}, {""row_index"": 11, ""target_field"": ""permit_type"", ""algorithm"": ""association_rules"", ""predicted_value"": ""Building - In House Plan Check"", ""confidence"": 0.6666666666666666, ""prediction_source"": ""matched_rules"", ""passes_threshold"": true, ""candidate_status"": ""Accepted"", ""rejection_reason"": null, ""validation_record_status"": ""valid""}, {""row_index"": 11, ""target_field"": ""permit_type"", ""algorithm"": ""clustering"", ""predicted_value"": ""Building - Full Plan Check"", ""confidence"": 0.4, ""prediction_source"": ""cluster_majority"", ""passes_threshold"": true, ""candidate_status"": ""Accepted"", ""rejection_reason"": null, ""validation_record_status"": ""valid""}, {""row_index"": 11, ""target_field"": ""permit_type"", ""algorithm"": ""knn"", ""predicted_value"": ""Building - In House Plan Check"", ""confidence"": 0.6666666666666666, ""prediction_source"": ""nearest_neighbors"", ""passes_threshold"": true, ""candidate_status"": ""Accepted"", ""rejection_reason"": null, ""validation_record_status"": ""valid""}]",
16,permit_type,Building Permit OTC,1,Building Permit OTC,0.9375,Accepted,unanimous_vote,association_rules,"[""association_rules"", ""clustering"", ""grouped_majority"", ""knn""]",4,4,4,4,0.0,valid,True,"[{""row_index"": 16, ""target_field"": ""permit_type"", ""algorithm"": ""grouped_majority"", ""predicted_value"": ""Building Permit OTC"", ""confidence"": 1.0, ""prediction_source"": ""group_majority"", ""passes_threshold"": true, ""candidate_status"": ""Accepted"", ""rejection_reason"": null, ""validation_record_status"": ""valid""}, {""row_index"": 16, ""target_field"": ""permit_type"", ""algorithm"": ""association_rules"", ""predicted_value"": ""Building Permit OTC"", ""confidence"": 1.0, ""prediction_source"": ""matched_rules"", ""passes_threshold"": true, ""candidate_status"": ""Accepted"", ""rejection_reason"": null, ""validation_record_status"": ""valid""}, {""row_index"": 16, ""target_field"": ""permit_type"", ""algorithm"": ""clustering"", ""predicted_value"": ""Building Permit OTC"", ""confidence"": 0.75, ""prediction_source"": ""cluster_majority"", ""passes_threshold"": true, ""candidate_status"": ""Accepted"", ""rejection_reason"": null, ""validation_record_status"": ""valid""}, {""row_index"": 16, ""target_field"": ""permit_type"", ""algorithm"": ""knn"", ""predicted_value"": ""Building Permit OTC"", ""confidence"": 1.0, ""prediction_source"": ""nearest_neighbors"", ""passes_threshold"": true, ""candidate_status"": ""Accepted"", ""rejection_reason"": null, ""validation_record_status"": ""valid""}]",
17,permit_type,Building Permit OTC,1,Building Permit OTC,0.6243877858773145,Accepted,unanimous_vote,association_rules,"[""association_rules"", ""clustering"", ""grouped_majority"", ""knn""]",4,4,4,4,0.0,valid,True,"[{""row_index"": 17, ""target_field"": ""permit_type"", ""algorithm"": ""grouped_majority"", ""predicted_value"": ""Building Permit OTC"", ""confidence"": 0.5, ""prediction_source"": ""group_majority"", ""passes_threshold"": true, ""candidate_status"": ""Accepted"", ""rejection_reason"": null, ""validation_record_status"": ""valid""}, {""row_index"": 17, ""target_field"": ""permit_type"", ""algorithm"": ""association_rules"", ""predicted_value"": ""Building Permit OTC"", ""confidence"": 1.0, ""prediction_source"": ""matched_rules"", ""passes_threshold"": true, ""candidate_status"": ""Accepted"", ""rejection_reason"": null, ""validation_record_status"": ""valid""}, {""row_index"": 17, ""target_field"": ""permit_type"", ""algorithm"": ""clustering"", ""predicted_value"": ""Building Permit OTC"", ""confidence"": 0.4117647058823529, ""prediction_source"": ""cluster_majority"", ""passes_threshold"": true, ""candidate_status"": ""Accepted"", ""rejection_reason"": null, ""validation_record_status"": ""valid""}, {""row_index"": 17, ""target_field"": ""permit_type"", ""algorithm"": ""knn"", ""predicted_value"": ""Building Permit OTC"", ""confidence"": 0.585786437626905, ""prediction_source"": ""nearest_neighbors"", ""passes_threshold"": true, ""candidate_status"": ""Accepted"", ""rejection_reason"": null, ""validation_record_status"": ""valid""}]",
18,permit_type,Building Permit OTC,1,Building Permit OTC,0.5705882352941177,Accepted,majority_vote,knn,"[""clustering"", ""grouped_majority"", ""knn""]",3,4,4,4,0.0,valid,True,"[{""row_index"": 18, ""target_field"": ""permit_type"", ""algorithm"": ""grouped_majority"", ""predicted_value"": ""Building Permit OTC"", ""confidence"": 0.5, ""prediction_source"": ""group_majority"", ""passes_threshold"": true, ""candidate_status"": ""Accepted"", ""rejection_reason"": null, ""validation_record_status"": ""valid""}, {""row_index"": 18, ""target_field"": ""permit_type"", ""algorithm"": ""association_rules"", ""predicted_value"": ""Building - In House Plan Check"", ""confidence"": 0.6666666666666666, ""prediction_source"": ""matched_rules"", ""passes_threshold"": true, ""candidate_status"": ""Accepted"", ""rejection_reason"": null, ""validation_record_status"": ""valid""}, {""row_index"": 18, ""target_field"": ""permit_type"", ""algorithm"": ""clustering"", ""predicted_value"": ""Building Permit OTC"", ""confidence"": 0.4117647058823529, ""prediction_source"": ""cluster_majority"", ""passes_threshold"": true, ""candidate_status"": ""Accepted"", ""rejection_reason"": null, ""validation_record_status"": ""valid""}, {""row_index"": 18, ""target_field"": ""permit_type"", ""algorithm"": ""knn"", ""predicted_value"": ""Building Permit OTC"", ""confidence"": 0.8, ""prediction_source"": ""nearest_neighbors"", ""passes_threshold"": true, ""candidate_status"": ""Accepted"", ""rejection_reason"": null, ""validation_record_status"": ""valid""}]",
23,permit_type,Building Permit OTC,1,Building Permit OTC,0.6934523809523809,Accepted,unanimous_vote,association_rules,"[""association_rules"", ""clustering"", ""grouped_majority"", ""knn""]",4,4,4,4,0.0,valid,True,"[{""row_index"": 23, ""target_field"": ""permit_type"", ""algorithm"": ""grouped_majority"", ""predicted_value"": ""Building Permit OTC"", ""confidence"": 0.5, ""prediction_source"": ""group_majority"", ""passes_threshold"": true, ""candidate_status"": ""Accepted"", ""rejection_reason"": null, ""validation_record_status"": ""valid""}, {""row_index"": 23, ""target_field"": ""permit_type"", ""algorithm"": ""association_rules"", ""predicted_value"": ""Building Permit OTC"", ""confidence"": 0.8571428571428571, ""prediction_source"": ""matched_rules"", ""passes_threshold"": true, ""candidate_status"": ""Accepted"", ""rejection_reason"": null, ""validation_record_status"": ""valid""}, {""row_index"": 23, ""target_field"": ""permit_type"", ""algorithm"": ""clustering"", ""predicted_value"": ""Building Permit OTC"", ""confidence"": 0.75, ""prediction_source"": ""cluster_majority"", ""passes_threshold"": true, ""candidate_status"": ""Accepted"", ""rejection_reason"": null, ""validation_record_status"": ""valid""}, {""row_index"": 23, ""target_field"": ""permit_type"", ""algorithm"": ""knn"", ""predicted_value"": ""Building Permit OTC"", ""confidence"": 0.6666666666666666, ""prediction_source"": ""nearest_neighbors"", ""passes_threshold"": true, ""candidate_status"": ""Accepted"", ""rejection_reason"": null, ""validation_record_status"": ""valid""}]",
30,permit_type,Building Permit OTC,1,Building Permit OTC,0.7279411764705882,Accepted,unanimous_vote,association_rules,"[""association_rules"", ""clustering"", ""grouped_majority"", ""knn""]",4,4,4,4,0.0,valid,True,"[{""row_index"": 30, ""target_field"": ""permit_type"", ""algorithm"": ""grouped_majority"", ""predicted_value"": ""Building Permit OTC"", ""confidence"": 0.5, ""prediction_source"": ""group_majority"", ""passes_threshold"": true, ""candidate_status"": ""Accepted"", ""rejection_reason"": null, ""validation_record_status"": ""valid""}, {""row_index"": 30, ""target_field"": ""permit_type"", ""algorithm"": ""association_rules"", ""predicted_value"": ""Building Permit OTC"", ""confidence"": 1.0, ""prediction_source"": ""matched_rules"", ""passes_threshold"": true, ""candidate_status"": ""Accepted"", ""rejection_reason"": null, ""validation_record_status"": ""valid""}, {""row_index"": 30, ""target_field"": ""permit_type"", ""algorithm"": ""clustering"", ""predicted_value"": ""Building Permit OTC"", ""confidence"": 0.4117647058823529, ""prediction_source"": ""cluster_majority"", ""passes_threshold"": true, ""candidate_status"": ""Accepted"", ""rejection_reason"": null, ""validation_record_status"": ""valid""}, {""row_index"": 30, ""target_field"": ""permit_type"", ""algorithm"": ""knn"", ""predicted_value"": ""Building Permit OTC"", ""confidence"": 1.0, ""prediction_source"": ""nearest_neighbors"", ""passes_threshold"": true, ""candidate_status"": ""Accepted"", ""rejection_reason"": null, ""validation_record_status"": ""valid""}]",
33,permit_type,Building Permit OTC,1,Building Permit OTC,0.6779411764705883,Accepted,unanimous_vote,association_rules,"[""association_rules"", ""clustering"", ""grouped_majority"", ""knn""]",4,4,4,4,0.0,valid,True,"[{""row_index"": 33, ""target_field"": ""permit_type"", ""algorithm"": ""grouped_majority"", ""predicted_value"": ""Building Permit OTC"", ""confidence"": 0.5, ""prediction_source"": ""group_majority"", ""passes_threshold"": true, ""candidate_status"": ""Accepted"", ""rejection_reason"": null, ""validation_record_status"": ""valid""}, {""row_index"": 33, ""target_field"": ""permit_type"", ""algorithm"": ""association_rules"", ""predicted_value"": ""Building Permit OTC"", ""confidence"": 1.0, ""prediction_source"": ""matched_rules"", ""passes_threshold"": true, ""candidate_status"": ""Accepted"", ""rejection_reason"": null, ""validation_record_status"": ""valid""}, {""row_index"": 33, ""target_field"": ""permit_type"", ""algorithm"": ""clustering"", ""predicted_value"": ""Building Permit OTC"", ""confidence"": 0.4117647058823529, ""prediction_source"": ""cluster_majority"", ""passes_threshold"": true, ""candidate_status"": ""Accepted"", ""rejection_reason"": null, ""validation_record_status"": ""valid""}, {""row_index"": 33, ""target_field"": ""permit_type"", ""algorithm"": ""knn"", ""predicted_value"": ""Building Permit OTC"", ""confidence"": 0.8, ""prediction_source"": ""nearest_neighbors"", ""passes_threshold"": true, ""candidate_status"": ""Accepted"", ""rejection_reason"": null, ""validation_record_status"": ""valid""}]",
34,permit_type,Building Permit OTC,1,Building Permit OTC,0.6934523809523809,Accepted,unanimous_vote,association_rules,"[""association_rules"", ""clustering"", ""grouped_majority"", ""knn""]",4,4,4,4,0.0,valid,True,"[{""row_index"": 34, ""target_field"": ""permit_type"", ""algorithm"": ""grouped_majority"", ""predicted_value"": ""Building Permit OTC"", ""confidence"": 0.5, ""prediction_source"": ""group_majority"", ""passes_threshold"": true, ""candidate_status"": ""Accepted"", ""rejection_reason"": null, ""validation_record_status"": ""valid""}, {""row_index"": 34, ""target_field"": ""permit_type"", ""algorithm"": ""association_rules"", ""predicted_value"": ""Building Permit OTC"", ""confidence"": 0.8571428571428571, ""prediction_source"": ""matched_rules"", ""passes_threshold"": true, ""candidate_status"": ""Accepted"", ""rejection_reason"": null, ""validation_record_status"": ""valid""}, {""row_index"": 34, ""target_field"": ""permit_type"", ""algorithm"": ""clustering"", ""predicted_value"": ""Building Permit OTC"", ""confidence"": 0.75, ""prediction_source"": ""cluster_majority"", ""passes_threshold"": true, ""candidate_status"": ""Accepted"", ""rejection_reason"": null, ""validation_record_status"": ""valid""}, {""row_index"": 34, ""target_field"": ""permit_type"", ""algorithm"": ""knn"", ""predicted_value"": ""Building Permit OTC"", ""confidence"": 0.6666666666666666, ""prediction_source"": ""nearest_neighbors"", ""passes_threshold"": true, ""candidate_status"": ""Accepted"", ""rejection_reason"": null, ""validation_record_status"": ""valid""}]",
39,permit_type,Building Permit OTC,1,Building Permit OTC,0.7058647700847533,Accepted,unanimous_vote,association_rules,"[""association_rules"", ""clustering"", ""grouped_majority"", ""knn""]",4,4,4,4,0.0,valid,True,"[{""row_index"": 39, ""target_field"": ""permit_type"", ""algorithm"": ""grouped_majority"", ""predicted_value"": ""Building Permit OTC"", ""confidence"": 0.5, ""prediction_source"": ""group_majority"", ""passes_threshold"": true, ""candidate_status"": ""Accepted"", ""rejection_reason"": null, ""validation_record_status"": ""valid""}, {""row_index"": 39, ""target_field"": ""permit_type"", ""algorithm"": ""association_rules"", ""predicted_value"": ""Building Permit OTC"", ""confidence"": 0.7999999999999999, ""prediction_source"": ""matched_rules"", ""passes_threshold"": true, ""candidate_status"": ""Accepted"", ""rejection_reason"": null, ""validation_record_status"": ""valid""}, {""row_index"": 39, ""target_field"": ""permit_type"", ""algorithm"": ""clustering"", ""predicted_value"": ""Building Permit OTC"", ""confidence"": 0.75, ""prediction_source"": ""cluster_majority"", ""passes_threshold"": true, ""candidate_status"": ""Accepted"", ""rejection_reason"": null, ""validation_record_status"": ""valid""}, {""row_index"": 39, ""target_field"": ""permit_type"", ""algorithm"": ""knn"", ""predicted_value"": ""Building Permit OTC"", ""confidence"": 0.7734590803390136, ""prediction_source"": ""nearest_neighbors"", ""passes_threshold"": true, ""candidate_status"": ""Accepted"", ""rejection_reason"": null, ""validation_record_status"": ""valid""}]",
41,permit_type,Electrical - In House Plan Check,1,Residential Building Report,0.7034965034965035,Accepted,majority_vote,association_rules,"[""association_rules"", ""clustering"", ""knn""]",3,4,4,4,0.0,valid,True,"[{""row_index"": 41, ""target_field"": ""permit_type"", ""algorithm"": ""grouped_majority"", ""predicted_value"": ""Electrical OTC"", ""confidence"": 1.0, ""prediction_source"": ""group_majority"", ""passes_threshold"": true, ""candidate_status"": ""Accepted"", ""rejection_reason"": null, ""validation_record_status"": ""valid""}, {""row_index"": 41, ""target_field"": ""permit_type"", ""algorithm"": ""association_rules"", ""predicted_value"": ""Residential Building Report"", ""confidence"": 0.8181818181818181, ""prediction_source"": ""matched_rules"", ""passes_threshold"": true, ""candidate_status"": ""Accepted"", ""rejection_reason"": null, ""validation_record_status"": ""valid""}, {""row_index"": 41, ""target_field"": ""permit_type"", ""algorithm"": ""clustering"", ""predicted_value"": ""Residential Building Report"", ""confidence"": 0.6923076923076923, ""prediction_source"": ""cluster_majority"", ""passes_threshold"": true, ""candidate_status"": ""Accepted"", ""rejection_reason"": null, ""validation_record_status"": ""valid""}, {""row_index"": 41, ""target_field"": ""permit_type"", ""algorithm"": ""knn"", ""predicted_value"": ""Residential Building Report"", ""confidence"": 0.6, ""prediction_source"": ""nearest_neighbors"", ""passes_threshold"": true, ""candidate_status"": ""Accepted"", ""rejection_reason"": null, ""validation_record_status"": ""valid""}]",
43,permit_type,Electrical OTC,1,Electrical OTC,1.0,Accepted,majority_vote,association_rules,"[""association_rules"", ""grouped_majority"", ""knn""]",3,4,4,4,0.0,valid,True,"[{""row_index"": 43, ""target_field"": ""permit_type"", ""algorithm"": ""grouped_majority"", ""predicted_value"": ""Electrical OTC"", ""confidence"": 1.0, ""prediction_source"": ""group_majority"", ""passes_threshold"": true, ""candidate_status"": ""Accepted"", ""rejection_reason"": null, ""validation_record_status"": ""valid""}, {""row_index"": 43, ""target_field"": ""permit_type"", ""algorithm"": ""association_rules"", ""predicted_value"": ""Electrical OTC"", ""confidence"": 1.0, ""prediction_source"": ""matched_rules"", ""passes_threshold"": true, ""candidate_status"": ""Accepted"", ""rejection_reason"": null, ""validation_record_status"": ""valid""}, {""row_index"": 43, ""target_field"": ""permit_type"", ""algorithm"": ""clustering"", ""predicted_value"": ""Building Permit OTC"", ""confidence"": 0.4117647058823529, ""prediction_source"": ""cluster_majority"", ""passes_threshold"": true, ""candidate_status"": ""Accepted"", ""rejection_reason"": null, ""validation_record_status"": ""valid""}, {""row_index"": 43, ""target_field"": ""permit_type"", ""algorithm"": ""knn"", ""predicted_value"": ""Electrical OTC"", ""confidence"": 1.0, ""prediction_source"": ""nearest_neighbors"", ""passes_threshold"": true, ""candidate_status"": ""Accepted"", ""rejection_reason"": null, ""validation_record_status"": ""valid""}]",
45,permit_type,Electrical OTC,1,Electrical OTC,1.0,Accepted,unanimous_vote,association_rules,"[""association_rules"", ""clustering"", ""grouped_majority"", ""knn""]",4,4,4,4,0.0,valid,True,"[{""row_index"": 45, ""target_field"": ""permit_type"", ""algorithm"": ""grouped_majority"", ""predicted_value"": ""Electrical OTC"", ""confidence"": 1.0, ""prediction_source"": ""group_majority"", ""passes_threshold"": true, ""candidate_status"": ""Accepted"", ""rejection_reason"": null, ""validation_record_status"": ""valid""}, {""row_index"": 45, ""target_field"": ""permit_type"", ""algorithm"": ""association_rules"", ""predicted_value"": ""Electrical OTC"", ""confidence"": 1.0, ""prediction_source"": ""matched_rules"", ""passes_threshold"": true, ""candidate_status"": ""Accepted"", ""rejection_reason"": null, ""validation_record_status"": ""valid""}, {""row_index"": 45, ""target_field"": ""permit_type"", ""algorithm"": ""clustering"", ""predicted_value"": ""Electrical OTC"", ""confidence"": 1.0, ""prediction_source"": ""cluster_majority"", ""passes_threshold"": true, ""candidate_status"": ""Accepted"", ""rejection_reason"": null, ""validation_record_status"": ""valid""}, {""row_index"": 45, ""target_field"": ""permit_type"", ""algorithm"": ""knn"", ""predicted_value"": ""Electrical OTC"", ""confidence"": 1.0, ""prediction_source"": ""nearest_neighbors"", ""passes_threshold"": true, ""candidate_status"": ""Accepted"", ""rejection_reason"": null, ""validation_record_status"": ""valid""}]",
46,permit_type,Electrical OTC,1,Electrical OTC,1.0,Accepted,majority_vote,association_rules,"[""association_rules"", ""grouped_majority"", ""knn""]",3,4,4,4,0.0,valid,True,"[{""row_index"": 46, ""target_field"": ""permit_type"", ""algorithm"": ""grouped_majority"", ""predicted_value"": ""Electrical OTC"", ""confidence"": 1.0, ""prediction_source"": ""group_majority"", ""passes_threshold"": true, ""candidate_status"": ""Accepted"", ""rejection_reason"": null, ""validation_record_status"": ""valid""}, {""row_index"": 46, ""target_field"": ""permit_type"", ""algorithm"": ""association_rules"", ""predicted_value"": ""Electrical OTC"", ""confidence"": 1.0, ""prediction_source"": ""matched_rules"", ""passes_threshold"": true, ""candidate_status"": ""Accepted"", ""rejection_reason"": null, ""validation_record_status"": ""valid""}, {""row_index"": 46, ""target_field"": ""permit_type"", ""algorithm"": ""clustering"", ""predicted_value"": ""Building Permit OTC"", ""confidence"": 0.4117647058823529, ""prediction_source"": ""cluster_majority"", ""passes_threshold"": true, ""candidate_status"": ""Accepted"", ""rejection_reason"": null, ""validation_record_status"": ""valid""}, {""row_index"": 46, ""target_field"": ""permit_type"", ""algorithm"": ""knn"", ""predicted_value"": ""Electrical OTC"", ""confidence"": 1.0, ""prediction_source"": ""nearest_neighbors"", ""passes_threshold"": true, ""candidate_status"": ""Accepted"", ""rejection_reason"": null, ""validation_record_status"": ""valid""}]",
49,permit_type,Electrical OTC,1,Electrical OTC,1.0,Accepted,majority_vote,grouped_majority,"[""grouped_majority"", ""knn""]",2,4,4,4,0.0,valid,True,"[{""row_index"": 49, ""target_field"": ""permit_type"", ""algorithm"": ""grouped_majority"", ""predicted_value"": ""Electrical OTC"", ""confidence"": 1.0, ""prediction_source"": ""group_majority"", ""passes_threshold"": true, ""candidate_status"": ""Accepted"", ""rejection_reason"": null, ""validation_record_status"": ""valid""}, {""row_index"": 49, ""target_field"": ""permit_type"", ""algorithm"": ""association_rules"", ""predicted_value"": ""Building - Full Plan Check"", ""confidence"": 1.0, ""prediction_source"": ""matched_rules"", ""passes_threshold"": true, ""candidate_status"": ""Accepted"", ""rejection_reason"": null, ""validation_record_status"": ""valid""}, {""row_index"": 49, ""target_field"": ""permit_type"", ""algorithm"": ""clustering"", ""predicted_value"": ""Building Permit OTC"", ""confidence"": 0.4117647058823529, ""prediction_source"": ""cluster_majority"", ""passes_threshold"": true, ""candidate_status"": ""Accepted"", ""rejection_reason"": null, ""validation_record_status"": ""valid""}, {""row_index"": 49, ""target_field"": ""permit_type"", ""algorithm"": ""knn"", ""predicted_value"": ""Electrical OTC"", ""confidence"": 1.0, ""prediction_source"": ""nearest_neighbors"", ""passes_threshold"": true, ""candidate_status"": ""Accepted"", ""rejection_reason"": null, ""validation_record_status"": ""valid""}]",
53,permit_type,Electrical OTC,1,Electrical OTC,0.9333333333333332,Accepted,majority_vote,clustering,"[""clustering"", ""grouped_majority"", ""knn""]",3,4,4,4,0.0,valid,True,"[{""row_index"": 53, ""target_field"": ""permit_type"", ""algorithm"": ""grouped_majority"", ""predicted_value"": ""Electrical OTC"", ""confidence"": 1.0, ""prediction_source"": ""group_majority"", ""passes_threshold"": true, ""candidate_status"": ""Accepted"", ""rejection_reason"": null, ""validation_record_status"": ""valid""}, {""row_index"": 53, ""target_field"": ""permit_type"", ""algorithm"": ""association_rules"", ""predicted_value"": ""Plumbing OTC"", ""confidence"": 1.0, ""prediction_source"": ""matched_rules"", ""passes_threshold"": true, ""candidate_status"": ""Accepted"", ""rejection_reason"": null, ""validation_record_status"": ""valid""}, {""row_index"": 53, ""target_field"": ""permit_type"", ""algorithm"": ""clustering"", ""predicted_value"": ""Electrical OTC"", ""confidence"": 1.0, ""prediction_source"": ""cluster_majority"", ""passes_threshold"": true, ""candidate_status"": ""Accepted"", ""rejection_reason"": null, ""validation_record_status"": ""valid""}, {""row_index"": 53, ""target_field"": ""permit_type"", ""algorithm"": ""knn"", ""predicted_value"": ""Electrical OTC"", ""confidence"": 0.8, ""prediction_source"": ""nearest_neighbors"", ""passes_threshold"": true, ""candidate_status"": ""Accepted"", ""rejection_reason"": null, ""validation_record_status"": ""valid""}]",
55,permit_type,Electrical OTC,1,Electrical OTC,1.0,Accepted,majority_vote,clustering,"[""clustering"", ""grouped_majority"", ""knn""]",3,4,4,4,0.0,valid,True,"[{""row_index"": 55, ""target_field"": ""permit_type"", ""algorithm"": ""grouped_majority"", ""predicted_value"": ""Electrical OTC"", ""confidence"": 1.0, ""prediction_source"": ""group_majority"", ""passes_threshold"": true, ""candidate_status"": ""Accepted"", ""rejection_reason"": null, ""validation_record_status"": ""valid""}, {""row_index"": 55, ""target_field"": ""permit_type"", ""algorithm"": ""association_rules"", ""predicted_value"": ""Building - Full Plan Check"", ""confidence"": 1.0, ""prediction_source"": ""matched_rules"", ""passes_threshold"": true, ""candidate_status"": ""Accepted"", ""rejection_reason"": null, ""validation_record_status"": ""valid""}, {""row_index"": 55, ""target_field"": ""permit_type"", ""algorithm"": ""clustering"", ""predicted_value"": ""Electrical OTC"", ""confidence"": 1.0, ""prediction_source"": ""cluster_majority"", ""passes_threshold"": true, ""candidate_status"": ""Accepted"", ""rejection_reason"": null, ""validation_record_status"": ""valid""}, {""row_index"": 55, ""target_field"": ""permit_type"", ""algorithm"": ""knn"", ""predicted_value"": ""Electrical OTC"", ""confidence"": 1.0, ""prediction_source"": ""nearest_neighbors"", ""passes_threshold"": true, ""candidate_status"": ""Accepted"", ""rejection_reason"": null, ""validation_record_status"": ""valid""}]",
57,permit_type,Electrical OTC,1,Electrical OTC,0.9333333333333332,Accepted,majority_vote,clustering,"[""clustering"", ""grouped_majority"", ""knn""]",3,4,4,4,0.0,valid,True,"[{""row_index"": 57, ""target_field"": ""permit_type"", ""algorithm"": ""grouped_majority"", ""predicted_value"": ""Electrical OTC"", ""confidence"": 1.0, ""prediction_source"": ""group_majority"", ""passes_threshold"": true, ""candidate_status"": ""Accepted"", ""rejection_reason"": null, ""validation_record_status"": ""valid""}, {""row_index"": 57, ""target_field"": ""permit_type"", ""algorithm"": ""association_rules"", ""predicted_value"": ""Plumbing OTC"", ""confidence"": 1.0, ""prediction_source"": ""matched_rules"", ""passes_threshold"": true, ""candidate_status"": ""Accepted"", ""rejection_reason"": null, ""validation_record_status"": ""valid""}, {""row_index"": 57, ""target_field"": ""permit_type"", ""algorithm"": ""clustering"", ""predicted_value"": ""Electrical OTC"", ""confidence"": 1.0, ""prediction_source"": ""cluster_majority"", ""passes_threshold"": true, ""candidate_status"": ""Accepted"", ""rejection_reason"": null, ""validation_record_status"": ""valid""}, {""row_index"": 57, ""target_field"": ""permit_type"", ""algorithm"": ""knn"", ""predicted_value"": ""Electrical OTC"", ""confidence"": 0.8, ""prediction_source"": ""nearest_neighbors"", ""passes_threshold"": true, ""candidate_status"": ""Accepted"", ""rejection_reason"": null, ""validation_record_status"": ""valid""}]",
58,permit_type,Electrical OTC,1,Electrical OTC,1.0,Accepted,majority_vote,association_rules,"[""association_rules"", ""grouped_majority"", ""knn""]",3,4,4,4,0.0,valid,True,"[{""row_index"": 58, ""target_field"": ""permit_type"", ""algorithm"": ""grouped_majority"", ""predicted_value"": ""Electrical OTC"", ""confidence"": 1.0, ""prediction_source"": ""group_majority"", ""passes_threshold"": true, ""candidate_status"": ""Accepted"", ""rejection_reason"": null, ""validation_record_status"": ""valid""}, {""row_index"": 58, ""target_field"": ""permit_type"", ""algorithm"": ""association_rules"", ""predicted_value"": ""Electrical OTC"", ""confidence"": 1.0, ""prediction_source"": ""matched_rules"", ""passes_threshold"": true, ""candidate_status"": ""Accepted"", ""rejection_reason"": null, ""validation_record_status"": ""valid""}, {""row_index"": 58, ""target_field"": ""permit_type"", ""algorithm"": ""clustering"", ""predicted_value"": ""Building Permit OTC"", ""confidence"": 0.4117647058823529, ""prediction_source"": ""cluster_majority"", ""passes_threshold"": true, ""candidate_status"": ""Accepted"", ""rejection_reason"": null, ""validation_record_status"": ""valid""}, {""row_index"": 58, ""target_field"": ""permit_type"", ""algorithm"": ""knn"", ""predicted_value"": ""Electrical OTC"", ""confidence"": 1.0, ""prediction_source"": ""nearest_neighbors"", ""passes_threshold"": true, ""candidate_status"": ""Accepted"", ""rejection_reason"": null, ""validation_record_status"": ""valid""}]",
62,permit_type,Electrical OTC,1,Electrical OTC,1.0,Accepted,majority_vote,association_rules,"[""association_rules"", ""grouped_majority"", ""knn""]",3,4,4,4,0.0,valid,True,"[{""row_index"": 62, ""target_field"": ""permit_type"", ""algorithm"": ""grouped_majority"", ""predicted_value"": ""Electrical OTC"", ""confidence"": 1.0, ""prediction_source"": ""group_majority"", ""passes_threshold"": true, ""candidate_status"": ""Accepted"", ""rejection_reason"": null, ""validation_record_status"": ""valid""}, {""row_index"": 62, ""target_field"": ""permit_type"", ""algorithm"": ""association_rules"", ""predicted_value"": ""Electrical OTC"", ""confidence"": 1.0, ""prediction_source"": ""matched_rules"", ""passes_threshold"": true, ""candidate_status"": ""Accepted"", ""rejection_reason"": null, ""validation_record_status"": ""valid""}, {""row_index"": 62, ""target_field"": ""permit_type"", ""algorithm"": ""clustering"", ""predicted_value"": ""Building Permit OTC"", ""confidence"": 0.4117647058823529, ""prediction_source"": ""cluster_majority"", ""passes_threshold"": true, ""candidate_status"": ""Accepted"", ""rejection_reason"": null, ""validation_record_status"": ""valid""}, {""row_index"": 62, ""target_field"": ""permit_type"", ""algorithm"": ""knn"", ""predicted_value"": ""Electrical OTC"", ""confidence"": 1.0, ""prediction_source"": ""nearest_neighbors"", ""passes_threshold"": true, ""candidate_status"": ""Accepted"", ""rejection_reason"": null, ""validation_record_status"": ""valid""}]",
63,permit_type,Electrical OTC,1,Electrical OTC,0.8666666666666667,Accepted,majority_vote,clustering,"[""clustering"", ""grouped_majority"", ""knn""]",3,4,4,4,0.0,valid,True,"[{""row_index"": 63, ""target_field"": ""permit_type"", ""algorithm"": ""grouped_majority"", ""predicted_value"": ""Electrical OTC"", ""confidence"": 1.0, ""prediction_source"": ""group_majority"", ""passes_threshold"": true, ""candidate_status"": ""Accepted"", ""rejection_reason"": null, ""validation_record_status"": ""valid""}, {""row_index"": 63, ""target_field"": ""permit_type"", ""algorithm"": ""association_rules"", ""predicted_value"": ""Mechanical OTC"", ""confidence"": 1.0, ""prediction_source"": ""matched_rules"", ""passes_threshold"": true, ""candidate_status"": ""Accepted"", ""rejection_reason"": null, ""validation_record_status"": ""valid""}, {""row_index"": 63, ""target_field"": ""permit_type"", ""algorithm"": ""clustering"", ""predicted_value"": ""Electrical OTC"", ""confidence"": 1.0, ""prediction_source"": ""cluster_majority"", ""passes_threshold"": true, ""candidate_status"": ""Accepted"", ""rejection_reason"": null, ""validation_record_status"": ""valid""}, {""row_index"": 63, ""target_field"": ""permit_type"", ""algorithm"": ""knn"", ""predicted_value"": ""Electrical OTC"", ""confidence"": 0.6, ""prediction_source"": ""nearest_neighbors"", ""passes_threshold"": true, ""candidate_status"": ""Accepted"", ""rejection_reason"": null, ""validation_record_status"": ""valid""}]",
65,permit_type,Electrical OTC,1,Electrical OTC,0.9,Accepted,unanimous_vote,association_rules,"[""association_rules"", ""clustering"", ""grouped_majority"", ""knn""]",4,4,4,4,0.0,valid,True,"[{""row_index"": 65, ""target_field"": ""permit_type"", ""algorithm"": ""grouped_majority"", ""predicted_value"": ""Electrical OTC"", ""confidence"": 1.0, ""prediction_source"": ""group_majority"", ""passes_threshold"": true, ""candidate_status"": ""Accepted"", ""rejection_reason"": null, ""validation_record_status"": ""valid""}, {""row_index"": 65, ""target_field"": ""permit_type"", ""algorithm"": ""association_rules"", ""predicted_value"": ""Electrical OTC"", ""confidence"": 1.0, ""prediction_source"": ""matched_rules"", ""passes_threshold"": true, ""candidate_status"": ""Accepted"", ""rejection_reason"": null, ""validation_record_status"": ""valid""}, {""row_index"": 65, ""target_field"": ""permit_type"", ""algorithm"": ""clustering"", ""predicted_value"": ""Electrical OTC"", ""confidence"": 1.0, ""prediction_source"": ""cluster_majority"", ""passes_threshold"": true, ""candidate_status"": ""Accepted"", ""rejection_reason"": null, ""validation_record_status"": ""valid""}, {""row_index"": 65, ""target_field"": ""permit_type"", ""algorithm"": ""knn"", ""predicted_value"": ""Electrical OTC"", ""confidence"": 0.6, ""prediction_source"": ""nearest_neighbors"", ""passes_threshold"": true, ""candidate_status"": ""Accepted"", ""rejection_reason"": null, ""validation_record_status"": ""valid""}]",
66,permit_type,Electrical OTC,1,Electrical OTC,1.0,Accepted,majority_vote,association_rules,"[""association_rules"", ""grouped_majority"", ""knn""]",3,4,4,4,0.0,valid,True,"[{""row_index"": 66, ""target_field"": ""permit_type"", ""algorithm"": ""grouped_majority"", ""predicted_value"": ""Electrical OTC"", ""confidence"": 1.0, ""prediction_source"": ""group_majority"", ""passes_threshold"": true, ""candidate_status"": ""Accepted"", ""rejection_reason"": null, ""validation_record_status"": ""valid""}, {""row_index"": 66, ""target_field"": ""permit_type"", ""algorithm"": ""association_rules"", ""predicted_value"": ""Electrical OTC"", ""confidence"": 1.0, ""prediction_source"": ""matched_rules"", ""passes_threshold"": true, ""candidate_status"": ""Accepted"", ""rejection_reason"": null, ""validation_record_status"": ""valid""}, {""row_index"": 66, ""target_field"": ""permit_type"", ""algorithm"": ""clustering"", ""predicted_value"": ""Building Permit OTC"", ""confidence"": 0.4117647058823529, ""prediction_source"": ""cluster_majority"", ""passes_threshold"": true, ""candidate_status"": ""Accepted"", ""rejection_reason"": null, ""validation_record_status"": ""valid""}, {""row_index"": 66, ""target_field"": ""permit_type"", ""algorithm"": ""knn"", ""predicted_value"": ""Electrical OTC"", ""confidence"": 1.0, ""prediction_source"": ""nearest_neighbors"", ""passes_threshold"": true, ""candidate_status"": ""Accepted"", ""rejection_reason"": null, ""validation_record_status"": ""valid""}]",
69,permit_type,Mechanical OTC,1,Mechanical OTC,0.9624447237944163,Accepted,unanimous_vote,association_rules,"[""association_rules"", ""clustering"", ""grouped_majority"", ""knn""]",4,4,4,4,0.0,valid,True,"[{""row_index"": 69, ""target_field"": ""permit_type"", ""algorithm"": ""grouped_majority"", ""predicted_value"": ""Mechanical OTC"", ""confidence"": 1.0, ""prediction_source"": ""group_majority"", ""passes_threshold"": true, ""candidate_status"": ""Accepted"", ""rejection_reason"": null, ""validation_record_status"": ""valid""}, {""row_index"": 69, ""target_field"": ""permit_type"", ""algorithm"": ""association_rules"", ""predicted_value"": ""Mechanical OTC"", ""confidence"": 1.0, ""prediction_source"": ""matched_rules"", ""passes_threshold"": true, ""candidate_status"": ""Accepted"", ""rejection_reason"": null, ""validation_record_status"": ""valid""}, {""row_index"": 69, ""target_field"": ""permit_type"", ""algorithm"": ""clustering"", ""predicted_value"": ""Mechanical OTC"", ""confidence"": 1.0, ""prediction_source"": ""cluster_majority"", ""passes_threshold"": true, ""candidate_status"": ""Accepted"", ""rejection_reason"": null, ""validation_record_status"": ""valid""}, {""row_index"": 69, ""target_field"": ""permit_type"", ""algorithm"": ""knn"", ""predicted_value"": ""Mechanical OTC"", ""confidence"": 0.8497788951776651, ""prediction_source"": ""nearest_neighbors"", ""passes_threshold"": true, ""candidate_status"": ""Accepted"", ""rejection_reason"": null, ""validation_record_status"": ""valid""}]",
70,permit_type,Mechanical OTC,1,Mechanical OTC,0.8176939464406576,Accepted,majority_vote,association_rules,"[""association_rules"", ""grouped_majority"", ""knn""]",3,4,4,4,0.0,valid,True,"[{""row_index"": 70, ""target_field"": ""permit_type"", ""algorithm"": ""grouped_majority"", ""predicted_value"": ""Mechanical OTC"", ""confidence"": 1.0, ""prediction_source"": ""group_majority"", ""passes_threshold"": true, ""candidate_status"": ""Accepted"", ""rejection_reason"": null, ""validation_record_status"": ""valid""}, {""row_index"": 70, ""target_field"": ""permit_type"", ""algorithm"": ""association_rules"", ""predicted_value"": ""Mechanical OTC"", ""confidence"": 1.0, ""prediction_source"": ""matched_rules"", ""passes_threshold"": true, ""candidate_status"": ""Accepted"", ""rejection_reason"": null, ""validation_record_status"": ""valid""}, {""row_index"": 70, ""target_field"": ""permit_type"", ""algorithm"": ""clustering"", ""predicted_value"": ""Building Permit OTC"", ""confidence"": 0.4117647058823529, ""prediction_source"": ""cluster_majority"", ""passes_threshold"": true, ""candidate_status"": ""Accepted"", ""rejection_reason"": null, ""validation_record_status"": ""valid""}, {""row_index"": 70, ""target_field"": ""permit_type"", ""algorithm"": ""knn"", ""predicted_value"": ""Mechanical OTC"", ""confidence"": 0.4530818393219728, ""prediction_source"": ""nearest_neighbors"", ""passes_threshold"": true, ""candidate_status"": ""Accepted"", ""rejection_reason"": null, ""validation_record_status"": ""valid""}]",
75,permit_type,Mechanical OTC,1,Mechanical OTC,1.0,Accepted,unanimous_vote,association_rules,"[""association_rules"", ""clustering"", ""grouped_majority"", ""knn""]",4,4,4,4,0.0,valid,True,"[{""row_index"": 75, ""target_field"": ""permit_type"", ""algorithm"": ""grouped_majority"", ""predicted_value"": ""Mechanical OTC"", ""confidence"": 1.0, ""prediction_source"": ""group_majority"", ""passes_threshold"": true, ""candidate_status"": ""Accepted"", ""rejection_reason"": null, ""validation_record_status"": ""valid""}, {""row_index"": 75, ""target_field"": ""permit_type"", ""algorithm"": ""association_rules"", ""predicted_value"": ""Mechanical OTC"", ""confidence"": 1.0, ""prediction_source"": ""matched_rules"", ""passes_threshold"": true, ""candidate_status"": ""Accepted"", ""rejection_reason"": null, ""validation_record_status"": ""valid""}, {""row_index"": 75, ""target_field"": ""permit_type"", ""algorithm"": ""clustering"", ""predicted_value"": ""Mechanical OTC"", ""confidence"": 1.0, ""prediction_source"": ""cluster_majority"", ""passes_threshold"": true, ""candidate_status"": ""Accepted"", ""rejection_reason"": null, ""validation_record_status"": ""valid""}, {""row_index"": 75, ""target_field"": ""permit_type"", ""algorithm"": ""knn"", ""predicted_value"": ""Mechanical OTC"", ""confidence"": 1.0, ""prediction_source"": ""nearest_neighbors"", ""passes_threshold"": true, ""candidate_status"": ""Accepted"", ""rejection_reason"": null, ""validation_record_status"": ""valid""}]",
76,permit_type,Mechanical OTC,1,Mechanical OTC,0.949926298392555,Accepted,majority_vote,clustering,"[""clustering"", ""grouped_majority"", ""knn""]",3,4,4,4,0.0,valid,True,"[{""row_index"": 76, ""target_field"": ""permit_type"", ""algorithm"": ""grouped_majority"", ""predicted_value"": ""Mechanical OTC"", ""confidence"": 1.0, ""prediction_source"": ""group_majority"", ""passes_threshold"": true, ""candidate_status"": ""Accepted"", ""rejection_reason"": null, ""validation_record_status"": ""valid""}, {""row_index"": 76, ""target_field"": ""permit_type"", ""algorithm"": ""association_rules"", ""predicted_value"": ""Building - Full Plan Check"", ""confidence"": 1.0, ""prediction_source"": ""matched_rules"", ""passes_threshold"": true, ""candidate_status"": ""Accepted"", ""rejection_reason"": null, ""validation_record_status"": ""valid""}, {""row_index"": 76, ""target_field"": ""permit_type"", ""algorithm"": ""clustering"", ""predicted_value"": ""Mechanical OTC"", ""confidence"": 1.0, ""prediction_source"": ""cluster_majority"", ""passes_threshold"": true, ""candidate_status"": ""Accepted"", ""rejection_reason"": null, ""validation_record_status"": ""valid""}, {""row_index"": 76, ""target_field"": ""permit_type"", ""algorithm"": ""knn"", ""predicted_value"": ""Mechanical OTC"", ""confidence"": 0.8497788951776651, ""prediction_source"": ""nearest_neighbors"", ""passes_threshold"": true, ""candidate_status"": ""Accepted"", ""rejection_reason"": null, ""validation_record_status"": ""valid""}]",
78,permit_type,Mechanical OTC,1,Mechanical OTC,0.95,Accepted,unanimous_vote,association_rules,"[""association_rules"", ""clustering"", ""grouped_majority"", ""knn""]",4,4,4,4,0.0,valid,True,"[{""row_index"": 78, ""target_field"": ""permit_type"", ""algorithm"": ""grouped_majority"", ""predicted_value"": ""Mechanical OTC"", ""confidence"": 1.0, ""prediction_source"": ""group_majority"", ""passes_threshold"": true, ""candidate_status"": ""Accepted"", ""rejection_reason"": null, ""validation_record_status"": ""valid""}, {""row_index"": 78, ""target_field"": ""permit_type"", ""algorithm"": ""association_rules"", ""predicted_value"": ""Mechanical OTC"", ""confidence"": 1.0, ""prediction_source"": ""matched_rules"", ""passes_threshold"": true, ""candidate_status"": ""Accepted"", ""rejection_reason"": null, ""validation_record_status"": ""valid""}, {""row_index"": 78, ""target_field"": ""permit_type"", ""algorithm"": ""clustering"", ""predicted_value"": ""Mechanical OTC"", ""confidence"": 1.0, ""prediction_source"": ""cluster_majority"", ""passes_threshold"": true, ""candidate_status"": ""Accepted"", ""rejection_reason"": null, ""validation_record_status"": ""valid""}, {""row_index"": 78, ""target_field"": ""permit_type"", ""algorithm"": ""knn"", ""predicted_value"": ""Mechanical OTC"", ""confidence"": 0.8, ""prediction_source"": ""nearest_neighbors"", ""passes_threshold"": true, ""candidate_status"": ""Accepted"", ""rejection_reason"": null, ""validation_record_status"": ""valid""}]",
80,permit_type,Mechanical OTC,1,Mechanical OTC,1.0,Accepted,majority_vote,association_rules,"[""association_rules"", ""grouped_majority""]",2,4,4,4,0.0,valid,True,"[{""row_index"": 80, ""target_field"": ""permit_type"", ""algorithm"": ""grouped_majority"", ""predicted_value"": ""Mechanical OTC"", ""confidence"": 1.0, ""prediction_source"": ""group_majority"", ""passes_threshold"": true, ""candidate_status"": ""Accepted"", ""rejection_reason"": null, ""validation_record_status"": ""valid""}, {""row_index"": 80, ""target_field"": ""permit_type"", ""algorithm"": ""association_rules"", ""predicted_value"": ""Mechanical OTC"", ""confidence"": 1.0, ""prediction_source"": ""matched_rules"", ""passes_threshold"": true, ""candidate_status"": ""Accepted"", ""rejection_reason"": null, ""validation_record_status"": ""valid""}, {""row_index"": 80, ""target_field"": ""permit_type"", ""algorithm"": ""clustering"", ""predicted_value"": ""Building Permit OTC"", ""confidence"": 0.4117647058823529, ""prediction_source"": ""cluster_majority"", ""passes_threshold"": true, ""candidate_status"": ""Accepted"", ""rejection_reason"": null, ""validation_record_status"": ""valid""}, {""row_index"": 80, ""target_field"": ""permit_type"", ""algorithm"": ""knn"", ""predicted_value"": ""Electrical OTC"", ""confidence"": 0.4, ""prediction_source"": ""nearest_neighbors"", ""passes_threshold"": true, ""candidate_status"": ""Accepted"", ""rejection_reason"": null, ""validation_record_status"": ""valid""}]",
81,permit_type,Mechanical OTC,1,Mechanical OTC,0.95,Accepted,unanimous_vote,association_rules,"[""association_rules"", ""clustering"", ""grouped_majority"", ""knn""]",4,4,4,4,0.0,valid,True,"[{""row_index"": 81, ""target_field"": ""permit_type"", ""algorithm"": ""grouped_majority"", ""predicted_value"": ""Mechanical OTC"", ""confidence"": 1.0, ""prediction_source"": ""group_majority"", ""passes_threshold"": true, ""candidate_status"": ""Accepted"", ""rejection_reason"": null, ""validation_record_status"": ""valid""}, {""row_index"": 81, ""target_field"": ""permit_type"", ""algorithm"": ""association_rules"", ""predicted_value"": ""Mechanical OTC"", ""confidence"": 1.0, ""prediction_source"": ""matched_rules"", ""passes_threshold"": true, ""candidate_status"": ""Accepted"", ""rejection_reason"": null, ""validation_record_status"": ""valid""}, {""row_index"": 81, ""target_field"": ""permit_type"", ""algorithm"": ""clustering"", ""predicted_value"": ""Mechanical OTC"", ""confidence"": 1.0, ""prediction_source"": ""cluster_majority"", ""passes_threshold"": true, ""candidate_status"": ""Accepted"", ""rejection_reason"": null, ""validation_record_status"": ""valid""}, {""row_index"": 81, ""target_field"": ""permit_type"", ""algorithm"": ""knn"", ""predicted_value"": ""Mechanical OTC"", ""confidence"": 0.8, ""prediction_source"": ""nearest_neighbors"", ""passes_threshold"": true, ""candidate_status"": ""Accepted"", ""rejection_reason"": null, ""validation_record_status"": ""valid""}]",
82,permit_type,Plumbing OTC,1,Plumbing OTC,1.0,Accepted,unanimous_vote,association_rules,"[""association_rules"", ""clustering"", ""grouped_majority"", ""knn""]",4,4,4,4,0.0,valid,True,"[{""row_index"": 82, ""target_field"": ""permit_type"", ""algorithm"": ""grouped_majority"", ""predicted_value"": ""Plumbing OTC"", ""confidence"": 1.0, ""prediction_source"": ""group_majority"", ""passes_threshold"": true, ""candidate_status"": ""Accepted"", ""rejection_reason"": null, ""validation_record_status"": ""valid""}, {""row_index"": 82, ""target_field"": ""permit_type"", ""algorithm"": ""association_rules"", ""predicted_value"": ""Plumbing OTC"", ""confidence"": 1.0, ""prediction_source"": ""matched_rules"", ""passes_threshold"": true, ""candidate_status"": ""Accepted"", ""rejection_reason"": null, ""validation_record_status"": ""valid""}, {""row_index"": 82, ""target_field"": ""permit_type"", ""algorithm"": ""clustering"", ""predicted_value"": ""Plumbing OTC"", ""confidence"": 1.0, ""prediction_source"": ""cluster_majority"", ""passes_threshold"": true, ""candidate_status"": ""Accepted"", ""rejection_reason"": null, ""validation_record_status"": ""valid""}, {""row_index"": 82, ""target_field"": ""permit_type"", ""algorithm"": ""knn"", ""predicted_value"": ""Plumbing OTC"", ""confidence"": 1.0, ""prediction_source"": ""nearest_neighbors"", ""passes_threshold"": true, ""candidate_status"": ""Accepted"", ""rejection_reason"": null, ""validation_record_status"": ""valid""}]",
86,permit_type,Plumbing OTC,1,Plumbing OTC,1.0,Accepted,unanimous_vote,association_rules,"[""association_rules"", ""clustering"", ""grouped_majority"", ""knn""]",4,4,4,4,0.0,valid,True,"[{""row_index"": 86, ""target_field"": ""permit_type"", ""algorithm"": ""grouped_majority"", ""predicted_value"": ""Plumbing OTC"", ""confidence"": 1.0, ""prediction_source"": ""group_majority"", ""passes_threshold"": true, ""candidate_status"": ""Accepted"", ""rejection_reason"": null, ""validation_record_status"": ""valid""}, {""row_index"": 86, ""target_field"": ""permit_type"", ""algorithm"": ""association_rules"", ""predicted_value"": ""Plumbing OTC"", ""confidence"": 1.0, ""prediction_source"": ""matched_rules"", ""passes_threshold"": true, ""candidate_status"": ""Accepted"", ""rejection_reason"": null, ""validation_record_status"": ""valid""}, {""row_index"": 86, ""target_field"": ""permit_type"", ""algorithm"": ""clustering"", ""predicted_value"": ""Plumbing OTC"", ""confidence"": 1.0, ""prediction_source"": ""cluster_majority"", ""passes_threshold"": true, ""candidate_status"": ""Accepted"", ""rejection_reason"": null, ""validation_record_status"": ""valid""}, {""row_index"": 86, ""target_field"": ""permit_type"", ""algorithm"": ""knn"", ""predicted_value"": ""Plumbing OTC"", ""confidence"": 1.0, ""prediction_source"": ""nearest_neighbors"", ""passes_threshold"": true, ""candidate_status"": ""Accepted"", ""rejection_reason"": null, ""validation_record_status"": ""valid""}]",
88,permit_type,Plumbing OTC,1,Plumbing OTC,1.0,Accepted,majority_vote,association_rules,"[""association_rules"", ""grouped_majority""]",2,4,4,4,0.0,valid,True,"[{""row_index"": 88, ""target_field"": ""permit_type"", ""algorithm"": ""grouped_majority"", ""predicted_value"": ""Plumbing OTC"", ""confidence"": 1.0, ""prediction_source"": ""group_majority"", ""passes_threshold"": true, ""candidate_status"": ""Accepted"", ""rejection_reason"": null, ""validation_record_status"": ""valid""}, {""row_index"": 88, ""target_field"": ""permit_type"", ""algorithm"": ""association_rules"", ""predicted_value"": ""Plumbing OTC"", ""confidence"": 1.0, ""prediction_source"": ""matched_rules"", ""passes_threshold"": true, ""candidate_status"": ""Accepted"", ""rejection_reason"": null, ""validation_record_status"": ""valid""}, {""row_index"": 88, ""target_field"": ""permit_type"", ""algorithm"": ""clustering"", ""predicted_value"": ""Building Permit OTC"", ""confidence"": 0.4117647058823529, ""prediction_source"": ""cluster_majority"", ""passes_threshold"": true, ""candidate_status"": ""Accepted"", ""rejection_reason"": null, ""validation_record_status"": ""valid""}, {""row_index"": 88, ""target_field"": ""permit_type"", ""algorithm"": ""knn"", ""predicted_value"": ""Electrical OTC"", ""confidence"": 0.4, ""prediction_source"": ""nearest_neighbors"", ""passes_threshold"": true, ""candidate_status"": ""Accepted"", ""rejection_reason"": null, ""validation_record_status"": ""valid""}]",
90,permit_type,Plumbing OTC,1,Plumbing OTC,1.0,Accepted,unanimous_vote,association_rules,"[""association_rules"", ""clustering"", ""grouped_majority"", ""knn""]",4,4,4,4,0.0,valid,True,"[{""row_index"": 90, ""target_field"": ""permit_type"", ""algorithm"": ""grouped_majority"", ""predicted_value"": ""Plumbing OTC"", ""confidence"": 1.0, ""prediction_source"": ""group_majority"", ""passes_threshold"": true, ""candidate_status"": ""Accepted"", ""rejection_reason"": null, ""validation_record_status"": ""valid""}, {""row_index"": 90, ""target_field"": ""permit_type"", ""algorithm"": ""association_rules"", ""predicted_value"": ""Plumbing OTC"", ""confidence"": 1.0, ""prediction_source"": ""matched_rules"", ""passes_threshold"": true, ""candidate_status"": ""Accepted"", ""rejection_reason"": null, ""validation_record_status"": ""valid""}, {""row_index"": 90, ""target_field"": ""permit_type"", ""algorithm"": ""clustering"", ""predicted_value"": ""Plumbing OTC"", ""confidence"": 1.0, ""prediction_source"": ""cluster_majority"", ""passes_threshold"": true, ""candidate_status"": ""Accepted"", ""rejection_reason"": null, ""validation_record_status"": ""valid""}, {""row_index"": 90, ""target_field"": ""permit_type"", ""algorithm"": ""knn"", ""predicted_value"": ""Plumbing OTC"", ""confidence"": 1.0, ""prediction_source"": ""nearest_neighbors"", ""passes_threshold"": true, ""candidate_status"": ""Accepted"", ""rejection_reason"": null, ""validation_record_status"": ""valid""}]",
91,permit_type,Plumbing OTC,1,Plumbing OTC,1.0,Accepted,majority_vote,association_rules,"[""association_rules"", ""grouped_majority"", ""knn""]",3,4,4,4,0.0,valid,True,"[{""row_index"": 91, ""target_field"": ""permit_type"", ""algorithm"": ""grouped_majority"", ""predicted_value"": ""Plumbing OTC"", ""confidence"": 1.0, ""prediction_source"": ""group_majority"", ""passes_threshold"": true, ""candidate_status"": ""Accepted"", ""rejection_reason"": null, ""validation_record_status"": ""valid""}, {""row_index"": 91, ""target_field"": ""permit_type"", ""algorithm"": ""association_rules"", ""predicted_value"": ""Plumbing OTC"", ""confidence"": 1.0, ""prediction_source"": ""matched_rules"", ""passes_threshold"": true, ""candidate_status"": ""Accepted"", ""rejection_reason"": null, ""validation_record_status"": ""valid""}, {""row_index"": 91, ""target_field"": ""permit_type"", ""algorithm"": ""clustering"", ""predicted_value"": ""Residential Building Report"", ""confidence"": 0.6923076923076923, ""prediction_source"": ""cluster_majority"", ""passes_threshold"": true, ""candidate_status"": ""Accepted"", ""rejection_reason"": null, ""validation_record_status"": ""valid""}, {""row_index"": 91, ""target_field"": ""permit_type"", ""algorithm"": ""knn"", ""predicted_value"": ""Plumbing OTC"", ""confidence"": 1.0, ""prediction_source"": ""nearest_neighbors"", ""passes_threshold"": true, ""candidate_status"": ""Accepted"", ""rejection_reason"": null, ""validation_record_status"": ""valid""}]",
93,permit_type,Plumbing OTC,1,Plumbing OTC,1.0,Accepted,majority_vote,association_rules,"[""association_rules"", ""grouped_majority""]",2,4,4,4,0.0,valid,True,"[{""row_index"": 93, ""target_field"": ""permit_type"", ""algorithm"": ""grouped_majority"", ""predicted_value"": ""Plumbing OTC"", ""confidence"": 1.0, ""prediction_source"": ""group_majority"", ""passes_threshold"": true, ""candidate_status"": ""Accepted"", ""rejection_reason"": null, ""validation_record_status"": ""valid""}, {""row_index"": 93, ""target_field"": ""permit_type"", ""algorithm"": ""association_rules"", ""predicted_value"": ""Plumbing OTC"", ""confidence"": 1.0, ""prediction_source"": ""matched_rules"", ""passes_threshold"": true, ""candidate_status"": ""Accepted"", ""rejection_reason"": null, ""validation_record_status"": ""valid""}, {""row_index"": 93, ""target_field"": ""permit_type"", ""algorithm"": ""clustering"", ""predicted_value"": ""Building Permit OTC"", ""confidence"": 0.4117647058823529, ""prediction_source"": ""cluster_majority"", ""passes_threshold"": true, ""candidate_status"": ""Accepted"", ""rejection_reason"": null, ""validation_record_status"": ""valid""}, {""row_index"": 93, ""target_field"": ""permit_type"", ""algorithm"": ""knn"", ""predicted_value"": ""Building - In House Plan Check"", ""confidence"": 0.21244472379441628, ""prediction_source"": ""nearest_neighbors"", ""passes_threshold"": true, ""candidate_status"": ""Accepted"", ""rejection_reason"": null, ""validation_record_status"": ""valid""}]",
95,permit_type,Plumbing OTC,1,Plumbing OTC,1.0,Accepted,majority_vote,association_rules,"[""association_rules"", ""grouped_majority""]",2,4,4,4,0.0,valid,True,"[{""row_index"": 95, ""target_field"": ""permit_type"", ""algorithm"": ""grouped_majority"", ""predicted_value"": ""Plumbing OTC"", ""confidence"": 1.0, ""prediction_source"": ""group_majority"", ""passes_threshold"": true, ""candidate_status"": ""Accepted"", ""rejection_reason"": null, ""validation_record_status"": ""valid""}, {""row_index"": 95, ""target_field"": ""permit_type"", ""algorithm"": ""association_rules"", ""predicted_value"": ""Plumbing OTC"", ""confidence"": 1.0, ""prediction_source"": ""matched_rules"", ""passes_threshold"": true, ""candidate_status"": ""Accepted"", ""rejection_reason"": null, ""validation_record_status"": ""valid""}, {""row_index"": 95, ""target_field"": ""permit_type"", ""algorithm"": ""clustering"", ""predicted_value"": ""Building Permit OTC"", ""confidence"": 0.4117647058823529, ""prediction_source"": ""cluster_majority"", ""passes_threshold"": true, ""candidate_status"": ""Accepted"", ""rejection_reason"": null, ""validation_record_status"": ""valid""}, {""row_index"": 95, ""target_field"": ""permit_type"", ""algorithm"": ""knn"", ""predicted_value"": ""Electrical OTC"", ""confidence"": 0.4, ""prediction_source"": ""nearest_neighbors"", ""passes_threshold"": true, ""candidate_status"": ""Accepted"", ""rejection_reason"": null, ""validation_record_status"": ""valid""}]",
100,permit_type,Plumbing OTC,1,Plumbing OTC,1.0,Accepted,majority_vote,association_rules,"[""association_rules"", ""grouped_majority""]",2,4,4,4,0.0,valid,True,"[{""row_index"": 100, ""target_field"": ""permit_type"", ""algorithm"": ""grouped_majority"", ""predicted_value"": ""Plumbing OTC"", ""confidence"": 1.0, ""prediction_source"": ""group_majority"", ""passes_threshold"": true, ""candidate_status"": ""Accepted"", ""rejection_reason"": null, ""validation_record_status"": ""valid""}, {""row_index"": 100, ""target_field"": ""permit_type"", ""algorithm"": ""association_rules"", ""predicted_value"": ""Plumbing OTC"", ""confidence"": 1.0, ""prediction_source"": ""matched_rules"", ""passes_threshold"": true, ""candidate_status"": ""Accepted"", ""rejection_reason"": null, ""validation_record_status"": ""valid""}, {""row_index"": 100, ""target_field"": ""permit_type"", ""algorithm"": ""clustering"", ""predicted_value"": ""Building Permit OTC"", ""confidence"": 0.4117647058823529, ""prediction_source"": ""cluster_majority"", ""passes_threshold"": true, ""candidate_status"": ""Accepted"", ""rejection_reason"": null, ""validation_record_status"": ""valid""}, {""row_index"": 100, ""target_field"": ""permit_type"", ""algorithm"": ""knn"", ""predicted_value"": ""Building - In House Plan Check"", ""confidence"": 0.21244472379441628, ""prediction_source"": ""nearest_neighbors"", ""passes_threshold"": true, ""candidate_status"": ""Accepted"", ""rejection_reason"": null, ""validation_record_status"": ""valid""}]",
101,permit_type,Plumbing OTC,1,Plumbing OTC,1.0,Accepted,unanimous_vote,association_rules,"[""association_rules"", ""clustering"", ""grouped_majority"", ""knn""]",4,4,4,4,0.0,valid,True,"[{""row_index"": 101, ""target_field"": ""permit_type"", ""algorithm"": ""grouped_majority"", ""predicted_value"": ""Plumbing OTC"", ""confidence"": 1.0, ""prediction_source"": ""group_majority"", ""passes_threshold"": true, ""candidate_status"": ""Accepted"", ""rejection_reason"": null, ""validation_record_status"": ""valid""}, {""row_index"": 101, ""target_field"": ""permit_type"", ""algorithm"": ""association_rules"", ""predicted_value"": ""Plumbing OTC"", ""confidence"": 1.0, ""prediction_source"": ""matched_rules"", ""passes_threshold"": true, ""candidate_status"": ""Accepted"", ""rejection_reason"": null, ""validation_record_status"": ""valid""}, {""row_index"": 101, ""target_field"": ""permit_type"", ""algorithm"": ""clustering"", ""predicted_value"": ""Plumbing OTC"", ""confidence"": 1.0, ""prediction_source"": ""cluster_majority"", ""passes_threshold"": true, ""candidate_status"": ""Accepted"", ""rejection_reason"": null, ""validation_record_status"": ""valid""}, {""row_index"": 101, ""target_field"": ""permit_type"", ""algorithm"": ""knn"", ""predicted_value"": ""Plumbing OTC"", ""confidence"": 1.0, ""prediction_source"": ""nearest_neighbors"", ""passes_threshold"": true, ""candidate_status"": ""Accepted"", ""rejection_reason"": null, ""validation_record_status"": ""valid""}]",
102,permit_type,Residential Building Report,1,Residential Building Report,0.898076923076923,Accepted,unanimous_vote,association_rules,"[""association_rules"", ""clustering"", ""grouped_majority"", ""knn""]",4,4,4,4,0.0,valid,True,"[{""row_index"": 102, ""target_field"": ""permit_type"", ""algorithm"": ""grouped_majority"", ""predicted_value"": ""Residential Building Report"", ""confidence"": 0.9, ""prediction_source"": ""group_majority"", ""passes_threshold"": true, ""candidate_status"": ""Accepted"", ""rejection_reason"": null, ""validation_record_status"": ""valid""}, {""row_index"": 102, ""target_field"": ""permit_type"", ""algorithm"": ""association_rules"", ""predicted_value"": ""Residential Building Report"", ""confidence"": 1.0, ""prediction_source"": ""matched_rules"", ""passes_threshold"": true, ""candidate_status"": ""Accepted"", ""rejection_reason"": null, ""validation_record_status"": ""valid""}, {""row_index"": 102, ""target_field"": ""permit_type"", ""algorithm"": ""clustering"", ""predicted_value"": ""Residential Building Report"", ""confidence"": 0.6923076923076923, ""prediction_source"": ""cluster_majority"", ""passes_threshold"": true, ""candidate_status"": ""Accepted"", ""rejection_reason"": null, ""validation_record_status"": ""valid""}, {""row_index"": 102, ""target_field"": ""permit_type"", ""algorithm"": ""knn"", ""predicted_value"": ""Residential Building Report"", ""confidence"": 1.0, ""prediction_source"": ""nearest_neighbors"", ""passes_threshold"": true, ""candidate_status"": ""Accepted"", ""rejection_reason"": null, ""validation_record_status"": ""valid""}]",
107,permit_type,Residential Building Report,1,Residential Building Report,0.898076923076923,Accepted,unanimous_vote,association_rules,"[""association_rules"", ""clustering"", ""grouped_majority"", ""knn""]",4,4,4,4,0.0,valid,True,"[{""row_index"": 107, ""target_field"": ""permit_type"", ""algorithm"": ""grouped_majority"", ""predicted_value"": ""Residential Building Report"", ""confidence"": 0.9, ""prediction_source"": ""group_majority"", ""passes_threshold"": true, ""candidate_status"": ""Accepted"", ""rejection_reason"": null, ""validation_record_status"": ""valid""}, {""row_index"": 107, ""target_field"": ""permit_type"", ""algorithm"": ""association_rules"", ""predicted_value"": ""Residential Building Report"", ""confidence"": 1.0, ""prediction_source"": ""matched_rules"", ""passes_threshold"": true, ""candidate_status"": ""Accepted"", ""rejection_reason"": null, ""validation_record_status"": ""valid""}, {""row_index"": 107, ""target_field"": ""permit_type"", ""algorithm"": ""clustering"", ""predicted_value"": ""Residential Building Report"", ""confidence"": 0.6923076923076923, ""prediction_source"": ""cluster_majority"", ""passes_threshold"": true, ""candidate_status"": ""Accepted"", ""rejection_reason"": null, ""validation_record_status"": ""valid""}, {""row_index"": 107, ""target_field"": ""permit_type"", ""algorithm"": ""knn"", ""predicted_value"": ""Residential Building Report"", ""confidence"": 1.0, ""prediction_source"": ""nearest_neighbors"", ""passes_threshold"": true, ""candidate_status"": ""Accepted"", ""rejection_reason"": null, ""validation_record_status"": ""valid""}]",
113,permit_type,Residential Building Report,1,Residential Building Report,0.898076923076923,Accepted,unanimous_vote,association_rules,"[""association_rules"", ""clustering"", ""grouped_majority"", ""knn""]",4,4,4,4,0.0,valid,True,"[{""row_index"": 113, ""target_field"": ""permit_type"", ""algorithm"": ""grouped_majority"", ""predicted_value"": ""Residential Building Report"", ""confidence"": 0.9, ""prediction_source"": ""group_majority"", ""passes_threshold"": true, ""candidate_status"": ""Accepted"", ""rejection_reason"": null, ""validation_record_status"": ""valid""}, {""row_index"": 113, ""target_field"": ""permit_type"", ""algorithm"": ""association_rules"", ""predicted_value"": ""Residential Building Report"", ""confidence"": 1.0, ""prediction_source"": ""matched_rules"", ""passes_threshold"": true, ""candidate_status"": ""Accepted"", ""rejection_reason"": null, ""validation_record_status"": ""valid""}, {""row_index"": 113, ""target_field"": ""permit_type"", ""algorithm"": ""clustering"", ""predicted_value"": ""Residential Building Report"", ""confidence"": 0.6923076923076923, ""prediction_source"": ""cluster_majority"", ""passes_threshold"": true, ""candidate_status"": ""Accepted"", ""rejection_reason"": null, ""validation_record_status"": ""valid""}, {""row_index"": 113, ""target_field"": ""permit_type"", ""algorithm"": ""knn"", ""predicted_value"": ""Residential Building Report"", ""confidence"": 1.0, ""prediction_source"": ""nearest_neighbors"", ""passes_threshold"": true, ""candidate_status"": ""Accepted"", ""rejection_reason"": null, ""validation_record_status"": ""valid""}]",
114,permit_type,Residential Building Report,1,Residential Building Report,0.898076923076923,Accepted,unanimous_vote,association_rules,"[""association_rules"", ""clustering"", ""grouped_majority"", ""knn""]",4,4,4,4,0.0,valid,True,"[{""row_index"": 114, ""target_field"": ""permit_type"", ""algorithm"": ""grouped_majority"", ""predicted_value"": ""Residential Building Report"", ""confidence"": 0.9, ""prediction_source"": ""group_majority"", ""passes_threshold"": true, ""candidate_status"": ""Accepted"", ""rejection_reason"": null, ""validation_record_status"": ""valid""}, {""row_index"": 114, ""target_field"": ""permit_type"", ""algorithm"": ""association_rules"", ""predicted_value"": ""Residential Building Report"", ""confidence"": 1.0, ""prediction_source"": ""matched_rules"", ""passes_threshold"": true, ""candidate_status"": ""Accepted"", ""rejection_reason"": null, ""validation_record_status"": ""valid""}, {""row_index"": 114, ""target_field"": ""permit_type"", ""algorithm"": ""clustering"", ""predicted_value"": ""Residential Building Report"", ""confidence"": 0.6923076923076923, ""prediction_source"": ""cluster_majority"", ""passes_threshold"": true, ""candidate_status"": ""Accepted"", ""rejection_reason"": null, ""validation_record_status"": ""valid""}, {""row_index"": 114, ""target_field"": ""permit_type"", ""algorithm"": ""knn"", ""predicted_value"": ""Residential Building Report"", ""confidence"": 1.0, ""prediction_source"": ""nearest_neighbors"", ""passes_threshold"": true, ""candidate_status"": ""Accepted"", ""rejection_reason"": null, ""validation_record_status"": ""valid""}]",
115,permit_type,Residential Building Report,1,Residential Building Report,0.898076923076923,Accepted,unanimous_vote,association_rules,"[""association_rules"", ""clustering"", ""grouped_majority"", ""knn""]",4,4,4,4,0.0,valid,True,"[{""row_index"": 115, ""target_field"": ""permit_type"", ""algorithm"": ""grouped_majority"", ""predicted_value"": ""Residential Building Report"", ""confidence"": 0.9, ""prediction_source"": ""group_majority"", ""passes_threshold"": true, ""candidate_status"": ""Accepted"", ""rejection_reason"": null, ""validation_record_status"": ""valid""}, {""row_index"": 115, ""target_field"": ""permit_type"", ""algorithm"": ""association_rules"", ""predicted_value"": ""Residential Building Report"", ""confidence"": 1.0, ""prediction_source"": ""matched_rules"", ""passes_threshold"": true, ""candidate_status"": ""Accepted"", ""rejection_reason"": null, ""validation_record_status"": ""valid""}, {""row_index"": 115, ""target_field"": ""permit_type"", ""algorithm"": ""clustering"", ""predicted_value"": ""Residential Building Report"", ""confidence"": 0.6923076923076923, ""prediction_source"": ""cluster_majority"", ""passes_threshold"": true, ""candidate_status"": ""Accepted"", ""rejection_reason"": null, ""validation_record_status"": ""valid""}, {""row_index"": 115, ""target_field"": ""permit_type"", ""algorithm"": ""knn"", ""predicted_value"": ""Residential Building Report"", ""confidence"": 1.0, ""prediction_source"": ""nearest_neighbors"", ""passes_threshold"": true, ""candidate_status"": ""Accepted"", ""rejection_reason"": null, ""validation_record_status"": ""valid""}]",
116,permit_type,Residential Building Report,1,Residential Building Report,0.898076923076923,Accepted,unanimous_vote,association_rules,"[""association_rules"", ""clustering"", ""grouped_majority"", ""knn""]",4,4,4,4,0.0,valid,True,"[{""row_index"": 116, ""target_field"": ""permit_type"", ""algorithm"": ""grouped_majority"", ""predicted_value"": ""Residential Building Report"", ""confidence"": 0.9, ""prediction_source"": ""group_majority"", ""passes_threshold"": true, ""candidate_status"": ""Accepted"", ""rejection_reason"": null, ""validation_record_status"": ""valid""}, {""row_index"": 116, ""target_field"": ""permit_type"", ""algorithm"": ""association_rules"", ""predicted_value"": ""Residential Building Report"", ""confidence"": 1.0, ""prediction_source"": ""matched_rules"", ""passes_threshold"": true, ""candidate_status"": ""Accepted"", ""rejection_reason"": null, ""validation_record_status"": ""valid""}, {""row_index"": 116, ""target_field"": ""permit_type"", ""algorithm"": ""clustering"", ""predicted_value"": ""Residential Building Report"", ""confidence"": 0.6923076923076923, ""prediction_source"": ""cluster_majority"", ""passes_threshold"": true, ""candidate_status"": ""Accepted"", ""rejection_reason"": null, ""validation_record_status"": ""valid""}, {""row_index"": 116, ""target_field"": ""permit_type"", ""algorithm"": ""knn"", ""predicted_value"": ""Residential Building Report"", ""confidence"": 1.0, ""prediction_source"": ""nearest_neighbors"", ""passes_threshold"": true, ""candidate_status"": ""Accepted"", ""rejection_reason"": null, ""validation_record_status"": ""valid""}]",
119,permit_type,Solar Permit,1,Building Permit OTC,0.7124999999999999,Accepted,unanimous_vote,knn,"[""association_rules"", ""clustering"", ""grouped_majority"", ""knn""]",4,4,4,4,0.0,valid,True,"[{""row_index"": 119, ""target_field"": ""permit_type"", ""algorithm"": ""grouped_majority"", ""predicted_value"": ""Building Permit OTC"", ""confidence"": 0.5, ""prediction_source"": ""group_majority"", ""passes_threshold"": true, ""candidate_status"": ""Accepted"", ""rejection_reason"": null, ""validation_record_status"": ""valid""}, {""row_index"": 119, ""target_field"": ""permit_type"", ""algorithm"": ""association_rules"", ""predicted_value"": ""Building Permit OTC"", ""confidence"": 0.7999999999999999, ""prediction_source"": ""matched_rules"", ""passes_threshold"": true, ""candidate_status"": ""Accepted"", ""rejection_reason"": null, ""validation_record_status"": ""valid""}, {""row_index"": 119, ""target_field"": ""permit_type"", ""algorithm"": ""clustering"", ""predicted_value"": ""Building Permit OTC"", ""confidence"": 0.75, ""prediction_source"": ""cluster_majority"", ""passes_threshold"": true, ""candidate_status"": ""Accepted"", ""rejection_reason"": null, ""validation_record_status"": ""valid""}, {""row_index"": 119, ""target_field"": ""permit_type"", ""algorithm"": ""knn"", ""predicted_value"": ""Building Permit OTC"", ""confidence"": 0.8, ""prediction_source"": ""nearest_neighbors"", ""passes_threshold"": true, ""candidate_status"": ""Accepted"", ""rejection_reason"": null, ""validation_record_status"": ""valid""}]",
