"9818 Longden Avenue, Temple City, California 91780",5385-022-007,B24-46385,Building,"NEW 2-STORY SINGLE FAMILY DWELLING: 5 BEDROOMS, 4.5 BATHROOMS WITH ATTACHED 2-CAR GARAGE AND COVERED PORCH.","$533,811.55",Issued,03-20-2024,04-01-2025,"Assen Homes, Inc."
"9820 Longden Avenue, Temple City, California 91780",5385-022-007,B24-46386,Building,"NEW 2-STORY SINGLE FAMILY DWELLING: 4 BEDROOMS, 5 BATHROOMS WITH ATTACHED 2-CAR GARAGE AND COVERED PORCH.","$536,078.1",Issued,03-20-2024,04-01-2025,"Assen Homes, Inc."
"9822 Longden Avenue, Temple City, California 91780",5385-022-007,B24-46387,Building,"NEW 2-STORY FAMILY DWELLING UNIT: 4 BEDROOMS, 4.5 BATHROOMS WITH ATTACHED 2-CAR GARAGE AND COVERED PORCH.","$514,207.16",Issued,03-20-2024,04-01-2025,"Assen Homes, Inc."
"9824 Longden Avenue, Temple City, California 91780",5385-022-007,B24-46388,Building,"NEW 2-STORY SINGLE FAMILY DWELLING: 5 BEDROOMS, 4.5 BATHROOMS WITH ATTACHED 2-CAR GARAGE AND COVERED PORCH.","$530,040.36",Issued,03-20-2024,04-01-2025,"Assen Homes, Inc."
"6103 Kauffman Avenue, Temple City, California 91780",5385-017-009,B25-48881,Building,"TEAR OFF/REROOF 17 SQUARES. INSTALL 15LB FELT UNDERLAYMENT AND COMP SHINGLES: GAF TIMBERLINE HDZ-SANDALWOOD CRRC #0676-0133B","$13,151",Finaled,04-01-2025,04-01-2025,"Roof Doctors"
"9089 Emperor Avenue, San Gabriel, California 91775",5382-012-023,E25-48882,Electrical,"TEMPORARY POWER POLE",$0,Finaled,04-01-2025,04-01-2025,"Romani Construction and Development"
"9818 - 9824 Longden Avenue, Temple City, California 91780",5385-022-007,G23-43939,Grading,"GRADING FOR FOUR NEW SINGLE FAMILY DWELLINGS (SEE ALSO GRADING PLAN CHECK # G20-40098)",$0,Issued,01-23-2023,04-01-2025,"Assen Homes, Inc."
"9227 Olive Street, Temple City, California 91780",8588-031-011,B24-46553,Building,"NEW 2-STORY SINGLE FAMILY DWELLING: 4 BEDROOMS, 4 BATHROOMS AND FRONT PORCH","$540,000",Issued,04-11-2024,04-02-2025,Owner-Builder
"6229 Encinita Avenue Unit B , Temple City, California 91780",5384-011-021,B25-48884,Building,"INSTALL FIRE SPRINKLER FOR A NEW DETACHED ACCESSORY DWELLING UNIT",$3500,Issued,04-02-2025,04-02-2025,"Premium Fire & Safety Services Inc."
"6346 Barela Avenue, Temple City, California 91780",5383-018-003,E25-48888,Electrical,"UPGRADE ELECTRICAL PANEL FROM 100 AMP TO 200 AMP AND INSTALL A 240V EV CHARGER OUTLET",$0,Issued,04-02-2025,04-02-2025,"JBL Electrical & Energy Inc."
"9006 Garibaldi Avenue, Temple City, California 91780",5384-016-067,E25-48889,Electrical,"UPGRADE ELECTRICAL PANEL FROM 100 AMP TO 200 AMP AND INSTALL A 240V EV CHARGER OUTLET NEXT TO MAIN PANEL",$0,Issued,04-02-2025,04-02-2025,"JBL Electrical & Energy Inc."
"9227 Olive Street, Temple City, California 91780",8588-031-011,G24-47346,Grading,"GRADING FOR A NEW SINGLE FAMILY DWELLING",$0,Issued,08-22-2024,04-02-2025,Owner-Builder
"9552 Live Oak Avenue, Temple City, California 91780",8588-007-005,G25-48886,Grading,"DEMOLISH EXISTING POOL WITH BACKFILLING WITH STRUCTURAL COMPACTED FILL",$0,Issued,04-02-2025,04-02-2025,"World Demolition"
"9552 Live Oak Avenue, Temple City, California 91780",8588-007-005,MISC25-48885,Miscellaneous,"DEMOLISH EXISTING POOL WITH BACKFILLING WITH STRUCTURAL COMPACTED FILL",$0,Issued,04-02-2025,04-02-2025,"World Demolition"
"5312 Temple City Boulevard Unit B , Temple City, California 91780",8589-001-013,B24-47532,Building,"NEW DETACHED ACCESSORY DWELLING UNIT: TWO BEDROOMS, TWO BATHROOMS, KITCHEN AND FRONT PORCH","$106,009.98",Issued,09-18-2024,04-03-2025,"WZ Home Design Inc."
"6023 Rowland Avenue Unit B, Temple City, California 91780",5385-028-008,B24-47911,Building,"NEW 800 SQ.FT. DETACHED ACCESSORY DWELLING UNIT: TWO BEDROOMS, TWO BATHROOMS AND KITCHEN","$150,000",Issued,11-12-2024,04-03-2025,"MMA Construction Corp."
"5711 Rio Hondo Avenue, Temple City, California 91780",8587-003-022,B25-48898,Building,"TEAR OFF REROOF MAIN HOUSE ADD NEW SHEATHING. INSTALL GAF SANDWOOD COOL ROOF SHINGLES","$11,000",Finaled,04-03-2025,04-03-2025,"United Master Roofing Inc."
"5711 Rio Hondo Avenue, Temple City, California 91780",8587-003-022,B25-48899,Building,"TEAR OFF REROOF DETACHED GARAGE ADD NEW SHEATHING. INSTALL GAF SANDWOOD COOL ROOF SHINGLES",$3000,Finaled,04-03-2025,04-03-2025,"United Master Roofing Inc."
"5312 Temple City Boulevard, Temple City, California 91780",8589-001-013,D25-48808,Demolition,"DEMOLITION OF EXISTING DETACHED GARAGE",$0,Issued,03-24-2025,04-03-2025,"WZ Home Design Inc."
"5312 Temple City Boulevard Unit B , Temple City, California 91780",8589-001-013,E25-48805,Electrical,"ELECTRICAL FOR A NEW DETACHED ACCESSORY DWELLING UNIT WITH A SUB-PANEL 100 AMP",$0,Issued,03-24-2025,04-03-2025,"WZ Home Design Inc."
"6023 Rowland Avenue Unit B , Temple City, California 91780",5385-028-008,E25-48894,Electrical,"ELECTRICAL FOR A NEW DETACHED ACCESSORY DWELLING UNIT",$0,Issued,04-03-2025,04-03-2025,"MMA Construction Corp."
"9063 Acaso Drive, Temple City, California 91780",5388-016-005,E25-48900,Electrical,"UPGRADE ELECTRICAL PANEL TO 200 AMP SERVICE",$0,Issued,04-03-2025,04-03-2025,"Timax Electric Inc."
"5312 Temple City Boulevard Unit B , Temple City, California 91780",8589-001-013,M25-48806,Mechanical,"INSTALL (3) MINI SPLIT SYSTEMS AND VENTILATION FANS FOR A NEW DETACHED ACCESSORY DWELLING UNIT",$0,Issued,03-24-2025,04-03-2025,"WZ Home Design Inc."
"6023 Rowland Avenue Unit B , Temple City, California 91780",5385-028-008,M25-48895,Mechanical,"INSTALL (3) MINI SPLIT SYSTEM AND VENTILATION FANS FOR THE NEW DETACHED ACCESSORY DWELLING UNIT",$0,Issued,04-03-2025,04-03-2025,"MMA Construction Corp."
"5312 Temple City Boulevard Unit B , Temple City, California 91780",8589-001-013,P25-48807,Plumbing,"PLUMBING FOR A NEW DETACHED ACCESSORY DWELLING UNIT AND CONNECT TO PUBLIC SEWER",$0,Issued,03-24-2025,04-03-2025,"WZ Home Design Inc."
"6023 Rowland Avenue Unit B , Temple City, California 91780",5385-028-008,P25-48896,Plumbing,"PLUMBING FOR A NEW DETACHED ACCESSORY DWELLING UNIT AND CONNECT TO PUBLIC SEWER",$0,Issued,04-03-2025,04-03-2025,"MMA Construction Corp."
"5322 Buttons Avenue, Temple City, California 91780",8590-004-028,P25-48897,Plumbing,"REMOVE EXISTING WATER LINE & INSTALL NEW WATER LINE",$0,Issued,04-03-2025,04-03-2025,"Jung Chi Yu"
"5338 Camellia Avenue, Temple City, California 91780",8589-002-017,B25-48902,Building,"PREFABRICATED FIREPLACE. REMOVAL AND REPLACING IT WITH A UL LISTED PREFABRICATED ELECTRIC FIREPLACE. MODERN FLAMES SPECTRUM SLIMLINE",$7000,Issued,04-07-2025,04-07-2025,"The PyroGuy LLC"
"5739 Agnes Avenue, Temple City, California 91780",8587-028-009,B25-48904,Building,"MAIN HOUSE ONLY. TEAR OFF EXISTING ROOFING WITH EXISTING SOLID SHEETING. RE-ROOF WITH NEW GAF TIMBERLINE HDZ COLOR: BIRCHWOOD CRRC # 0676-0096","$17,000",Issued,04-07-2025,04-07-2025,"California Construction & Roofing Inc."
"5546 Rosemead Boulevard, Temple City, California 91780",5387-027-024,B25-48905,Building,"ROOF REPLACEMENT 9,800 SQ.FT. (98 SQ'S). INSTALL NEW TORCH DOWN ON AREA (WHITE) CRRC # 0616-0011A POLYGLASS POLYFRESKO","$58,800",Issued,04-07-2025,04-07-2025,"AMC Lions Roofing"
"10212 Randwick Drive, Temple City, California 91780",8585-005-006,B25-48906,Building,"REMOVE AND REPLACE 23 SQUARES OF ASPHALT SHINGLES AT HOUSE AND GARAGE - REUSE WOOD. COLOR GAF CHESTNUT CRRC # 0676-0130A SRI.17","$12,000",Issued,04-07-2025,04-07-2025,"Rocket Roofing"
"10619 Sparklett Street, Temple City, California 91780",8585-025-012,B25-48907,Building,"REMOVE EXISTING ROOFING AND INSTALL NEW TITLE 24 ASPHALT SHINGLES (GAF TIMBERLINE HDZ RS CRRC # 0676-0153A)",$9000,Finaled,04-07-2025,04-07-2025,"CJK Construction Inc. dba Ace Tek Roofing"
"6320-6320A Rosemead Boulevard, San Gabriel, California 91780",5382-021-026,M25-48892,Mechanical,"INSTALL TWO NEW 70 CFM EXHAUST FAN W/DUCT TO EXISTING ROOF DUCT, AND ALTER EXISTING DUCTWORK IN ORDER TO CONFORM TO NEW FLOOR PLAN",$0,Issued,04-03-2025,04-07-2025,"Cantrell Aire, Inc."
"6330 Rosemead Boulevard, San Gabriel, California 91775",5382-021-026,M25-48893,Mechanical,"INSTALL ONE NEW 70 CFM EXHAUST FAN W/DUCT TO EXISTING ROOF DUCT",$0,Issued,04-03-2025,04-07-2025,"Cantrell Aire, Inc."
"9405 Woodruff Avenue Unit B , Temple City, California 91780",5385-005-016,B24-47996,Building,"CONVERT EXISTING 406 SQ.FT. DETACHED GARAGE AND ADD 374 SQ.FT. INTO 780 SQ.FT. ACCESSORY DWELLING UNIT: TWO BEDROOMS, ONE BATHROOM, LIVING ROOM, LAUNDRY, KITCHEN AND 110.5 SQ.FT. COVERED PORCH","$114,929.46",Issued,11-27-2024,04-08-2025,Owner-Builder
"8738 Hermosa Drive, San Gabriel, California 91775",5387-007-037,B25-48909,Building,"TEAR OFF 23 SQ.'S REPLACE WOOD AS NEEDED. REINSTALL 30 YRS CAMBRIDGE COLOR AMBER CRRC # 0890-0009 SRI HOUSE AND ATTACHED GARAGE","$13,000",Issued,04-08-2025,04-08-2025,"One Roofing Solution Inc."
"5033 Santa Anita Avenue, Temple City, California 91780",8574-009-016,B25-48912,Building,"TAKE OUT THE UNDERLAYMENT CHANGE THE NEW ONE (DOUBLE LAYER) AND REINSTALL EXISTING TILE",$7000,Finaled,04-08-2025,04-08-2025,Owner-Builder
"9844 Daines Drive, Temple City, California 91780",8588-017-017,B25-48915,Building,"SUPPLEMENTAL PERMIT - TEAR OFF EXISTING ROOF. REROOF 1900 SQ.FT. IKO CAMBRIDGE COOL PLUS - GRAPHITE DETACHED GARAGE (SEE ALSO PERMIT # B25-48842)",$0,Finaled,04-08-2025,04-08-2025,Owner-Builder
"6026 Oak Avenue, Temple City, California 91780",5385-006-022,B25-48917,Building,"TEAR OFF EXISTING ROOF (MAIN HOUSE 1900 SQ'S) RE ROOF WITH SHINGLE COOL ROOF",$9500,Issued,04-08-2025,04-08-2025,"Two Points Construction & Landscape"
"6026 Oak Avenue, Temple City, California 91780",5385-006-022,B25-48918,Building,"TEAR OFF EXISTING ROOF (DETACHED GARAGE 700 SQ.FT.) RE ROOF WITH SHINGLE COOL ROOF",$2500,Issued,04-08-2025,04-08-2025,"Two Points Construction & Landscape"
"9388 Lower Azusa Road, Temple City, California 91780",8592-003-036,B25-48919,Building,"SUPPLEMENTAL PERMIT SEE ALSO PERMIT # B25-487332 FOR DETACHED GARAGE - TEAR OFF EXISTING ROOF, RE ROOF WITH COMPOSITION SHINGLES 1800 SQ'S AND FASCIA REPLACEMENT",$0,Finaled,04-08-2025,04-08-2025,Owner-Builder
"5550 Welland Avenue, Temple City, California 91780",8573-019-073,E25-48911,Electrical,"LEVEL 2 EV CHARGING OUTLET INSTALLATION IN GARAGE",$0,Finaled,04-08-2025,04-08-2025,Owner-Builder
"6335 Primrose Avenue, Temple City, California 91780",5382-022-039,E25-48913,Electrical,"200 AMP SERVICE PANEL UPGRADE",$0,Issued,04-08-2025,04-08-2025,"Wenbo Qi"
"9520 Nadine Street, Temple City, California 91780",8588-025-015,P25-48914,Plumbing,"RE-PIPE (10) POINTS AND INSTALL TANKLESS WATER HEATER",$0,Finaled,04-08-2025,04-08-2025,"Sabag Plumbing Inc."
"9920 Live Oak Avenue Unit B , Temple City, California 91780",8588-013-008,B25-48921,Building,"NEW 209 SQ.FT. OPEN PATIO ATTACHED TO THE DETACHED ACCESSORY DWELLING UNIT","$13,415.71",Issued,04-09-2025,04-09-2025,Owner-Builder
"10600 Sparklett Street, Temple City, California 91780",8585-025-008,B25-48924,Building,"INSTALL A ROOF MOUNTED PV SYSTEM 12.6 KW (30) MODULES (2) INVERTERS WITH (2) ESS BATTERIES","$52,250",Issued,04-09-2025,04-09-2025,"First American Solar dba First America Solar Electrical"
"10619 Sparklett Street, Temple City, California 91780",8585-025-012,B25-48927,Building,"SUPPLEMENTAL PERMIT SEE ALSO PERMIT # B25-48907 FOR THE DETACHED GARAGE - REMOVE EXISTING ROOFING AND INSTALL NEW TITLE 24 ASPHALT SHINGLES (GAF TIMBERLINE HDZ RS CRRC # 0676-0153A)",$0,Finaled,04-09-2025,04-09-2025,"CJK Construction Inc. dba Ace Tek Roofing"
"9560 Pentland Street, Temple City, California 91780",8590-013-019,B25-48928,Building,"REMOVE AND HAUL AWAY ROOFING FROM HOUSE AND ATTACHED GARAGE. RE INSTALL 30 YR GAF/RS SHINGLES BIRCHWOOD CRRC # 0676-0096","$19,080",Issued,04-09-2025,04-09-2025,"Garvey Roofing Company Inc."
"10600 Sparklett Street, Temple City, California 91780",8585-025-008,E25-48925,Electrical,"(2) ESS BATTERIES",$0,Issued,04-09-2025,04-09-2025,"First American Solar dba First America Solar Electrical"
"6027 Ivar Avenue, Temple City, California 91780",5386-011-067,P25-48916,Plumbing,"PARTIAL COPPER REPIPE WITH NEW MAIN WATER LINE",$0,Finaled,04-08-2025,04-09-2025,"Mr. Repipe"
"5756 Rio Hondo Avenue, Temple City, California 91780",8587-004-022,P25-48926,Plumbing,"GAS REPIPE FOR STOVE, WATER HEATER, DRYER. INSTAL EQ VALVE (3) GAS LINES (1) EQ WATER REPIPE IN PEX (4) WATER LINES",$0,Finaled,04-09-2025,04-09-2025,"Reliance Home Services dba Adeedo"
"5312 Welland Avenue Unit A-B , Temple City, California 91780",8573-035-026,B25-48266,Building,"NEW 497 SQ.FT. ATTACHED ACCESSORY DWELLING UNIT: ONE BEDROOM, ONE BATHROOM, KITCHEN AND FRONT PORCH","$125,000",Issued,01-09-2025,04-10-2025,"H1 Construction Company"
"6229 Reno Avenue Unit B , Temple City, California 91780",5384-001-018,B25-48600,Building,"CONVERT EXISTING 333 SQ.FT. DETACHED GARAGE INTO STUDIO ACCESSORY DWELLING UNIT","$33,792.84",Issued,02-20-2025,04-10-2025,Owner-Builder
"5370 El Monte Avenue, Temple City, California 91780",8573-003-022,B25-48932,Building,"TEAR OFF REROOF HOUSE 19 SQ.'S SHINGLES CRRC # 0890-0018A - FOREST BROWN",$8500,Finaled,04-10-2025,04-10-2025,"Power Roofing Inc."
"4827 Hallowell Avenue, Temple City, California 91780",8585-016-012,B25-48933,Building,"REMOVE EXISTING COMPOSITION ROOF ON HOUSE AND ATTACHED GARAGE. INSTALL NEW ""GAF HDRS"" COMPOSITION SHINGLE. (27 SQ'S)","$16,200",Finaled,04-10-2025,04-10-2025,Adora-Bilt-Homes
"9609 Broadway, Temple City, California 91780",8588-009-014,B25-48934,Building,"REMOVE EXISTING OLD ROOF SHINGLES AND INSTALL NEW ROOF SHINGLES 3O YRS HOUSE AND ATTACHED GARAGE 30 SQ.'S","$15,000",Finaled,04-10-2025,04-10-2025,"Raymundo Perez Roofing Inc."
"9713 Wedgewood Street, Temple City, California 91780",8588-011-009,E25-48936,Electrical,"(56) OUTLETS, (42) LIGHT FIXTURES, AC/FAU, ELECTRIC OVEN, GARBAGE DISPOSAL, DISHWASHER, RANGE HOOD AND RELOCATE 200 AMP SERVICE PANEL",$0,Issued,04-10-2025,04-10-2025,"WPS Construction Inc."
"9713 Wedgewood Street, Temple City, California 91780",8588-011-009,M25-48937,Mechanical,"INSTALL (2) HVAC SYSTEMS, (16) AIR INLETS AND (4) VENTILATIONS FANS",$0,Issued,04-10-2025,04-10-2025,"WPS Construction Inc."
"6051 Reno Avenue, Temple City, California 91780",5384-018-043,P25-48935,Plumbing,"WATER HEATER CHANGE OUT",$0,Finaled,04-10-2025,04-10-2025,"Futura Energy Inc."
"9713 Wedgewood Street, Temple City, California 91780",8588-011-009,P25-48938,Plumbing,"BATHTUB/SHOWERS, DISHWASHER, LAVATORIES, SINK, WATER CLOSETS AND GAS OUTLETS",$0,Issued,04-10-2025,04-10-2025,"WPS Construction Inc."
"9227 Olive Street, Temple City, California 91780",8588-031-011,B25-48908,Building,"BUILD A NEW DETACHED 2-CAR GARAGE","$28,307.79",Issued,04-07-2025,04-14-2025,Owner-Builder
"6025 North Muscatel Avenue, San Gabriel, California 91775",5386-008-051,B25-48939,Building,"REPLACE DAMAGED INSULATION AND REPLACE WITH R-13 AT KITCHEN WALL 74 SQ.FT.",$150,Issued,04-14-2025,04-14-2025,"B X D Construction Inc."
"9657 La Rosa Drive, Temple City, California 91780",8589-011-015,B25-48941,Building,"REMOVE EXISTING ROOF AND RE-ROOF WITH ""COOL"" ASPHALT COMPOSITION SHINGLES. MALARKEY MOONLIFT BLACK, CRRC #0850-0066, NO PLYWOOD. HOUSE: 2500 SQ.FT.","$13,000",Finaled,04-14-2025,04-14-2025,"Allbest Roofing Inc."
"9657 La Rosa Drive, Temple City, California 91780",8589-011-015,B25-48942,Building,"REMOVE EXISTING ROOF AND RE-ROOF WITH ""COOL"" ASPHALT COMPOSITION SHINGLES. MALARKEY MOONLIFT BLACK, CRRC #0850-0066, NO PLYWOOD. DETACHED GARAGE: 500 SQ.FT.",$2000,Finaled,04-14-2025,04-14-2025,"Allbest Roofing Inc."
"6127 Golden West Avenue, Temple City, California 91780",5385-020-018,B25-48943,Building,"TEAR OFF AND REROOF DETACHED GARAGE 16 SQ.'S ONE LAYER OF WOOD SHINGLE TO GRAND SEQUOIA GAF 45 FOREST BROWN CRRC # 0676-0151","$10,000",Issued,04-14-2025,04-14-2025,"Garvey Roofing Company Inc."
"9858 East Lemon Avenue, Arcadia, California 91007",5383-025-027,B25-48945,Building,"TEAR OFF EXISTING ROOF ON HOUSE ONLY & REPROOF W/NEW DIMENSIONAL SHINGLES & SYNTHETIC UNDERLAYMENT. REPLACE SHEATHING AS NEEDED 18 SQ'S","$10,000",Issued,04-14-2025,04-14-2025,"Cassady Roofing, Inc."
"5239 Village Circle Drive, Temple City, California 91780",8585-001-088,B25-48946,Building,"TEAR OFF EXISTING ROOF ON TOWNHOUSE & RE-ROOF W/NEW TILE (HOA APPROVED) PLYWOOD IN ALL 11 SQ'S. TEAR OFF TILE, REPLACE W/TILE","$10,000",Issued,04-14-2025,04-14-2025,"Cassady Roofing, Inc."
"4907 Fiesta Avenue, Temple City, California 91780",8590-020-022,E25-48947,Electrical,"MAIN SERVICE PANEL UPGRADE TO 200 AMP AND SUB-PANEL 100 AMP",$0,Issued,04-14-2025,04-14-2025,Owner-Builder
"6346 Barela Avenue Unit A-B, Temple City, California 91780",5383-018-003,E25-48949,Electrical,"(8) BRANCH CIRCUITS, (20) OUTLETS, (15) LIGHT FIXTURES, GARBAGE DISPOSAL, RANGE HOOD, WASHING MACHINE, EXHAUST FAN, AC UNIT WITH SUB-PANEL 100 AMP FOR THE ATTACHED STUDIO ACCESSORY DWELLING UNIT",$0,Issued,04-14-2025,04-14-2025,"L Construction Tech"
"9227 Olive Street, Temple City, California 91780",8588-031-011,E25-48952,Electrical,"TEMPORARY POWER POLE",$0,Issued,04-14-2025,04-14-2025,Owner-Builder
"6346 Barela Avenue Unit A-B , Temple City, California 91780",5383-018-003,M25-48950,Mechanical,"INSTALL A (1) MINI SPLIT SYSTEM AND VENTILATION FANS FOR THE ATTACHED STUDIO ACCESSORY DWELLING UNIT",$0,Issued,04-14-2025,04-14-2025,"L Construction Tech"
"6025 North Muscatel Avenue, San Gabriel, California 91775",5386-008-051,P25-48940,Plumbing,"RE-PIPE (2) LAVATORIES. (1) REFRIGERATOR SHUT OFF BOX",$0,Issued,04-14-2025,04-14-2025,"B X D Construction Inc."
"6346 Barela Avenue Unit A-B , Temple City, California 91780",5383-018-003,P25-48951,Plumbing,"SHOWER, CLOTHES WASHER, LAVATORIE, SINK, WATER CLOSET, GAS OUTLETS AND CONNECT ATTACHED STUDIO TO PUBLIC SEWER",$0,Issued,04-14-2025,04-14-2025,"L Construction Tech"
"6463 Loma Avenue, Temple City, California 91780",5382-018-021,B25-48879,Building,"INSTALL A 5.04 KW PV SYSTEM (12) PV MODULES (1) TESLA POWER WALL (3) BATTERY 13.5 KWH (1) TESLA BACKUP SWITCH (1) PCS","$23,000",Issued,03-31-2025,04-15-2025,"Solar Optimum Inc. dba Solar Optimum Design & Electrical"
"5565 Robinhood Avenue, Temple City, California 91780",8586-022-015,B25-48953,Building,"TEAR OFF OF THE EXISTING ROOF ON HOUSE. INSTALL CLASS ""A"" COMPOSITION ROOF",$8000,Cancelled,04-15-2025,04-15-2025,"Lansford Roofing Inc."
"5565 Robinhood Avenue, Temple City, California 91780",8586-022-015,B25-48954,Building,"TEAR OFF OF THE EXISTING ROOF ON DETACHED GARAGE. INSTALL CLASS ""A"" COMPOSITION ROOF",$2000,Cancelled,04-15-2025,04-15-2025,"Lansford Roofing Inc."
"5329 Temple City Boulevard, Temple City, California 91780",8590-006-007,B25-48955,Building,"TEAR OFF EXISTING ROOF 23 SQ'S RE ROOF WITH COMPOSITION SHINGLES HOUSE AND ATTACHED GARAGE","$12,000",Finaled,04-15-2025,04-15-2025,"Robert L Fung Construction Inc."
"5212 Halifax Road, Temple City, California 91780",8585-023-007,B25-48958,Building,"ROOF MOUNTED PV SYSTEM 11.89 KW (29) PANELS (1) (1) TESLA ENERGY STORAGE",$0,Issued,04-15-2025,04-15-2025,"Solar Tech Systems Inc."
"9925 Bogue Street, Temple City, California 91780",8588-014-019,B25-48962,Building,"HOUSE - TEAR OFF 21 SQ'S. INSTALL OSB 1/2"" PLYWOOD. INSTALL CLASS ""A"" COMP COOL SHINGLES","$15,750",Finaled,04-15-2025,04-15-2025,"Amando's Roofing Inc."
"9925 Bogue Street, Temple City, California 91780",8588-014-019,B25-48963,Building,"DETACHED GARAGE - TEAR OFF 6 SQ'S. INSTALL OSB 1/2"" PLYWOOD. INSTALL CLASS ""A"" COMP COOL SHINGLES",$4500,Finaled,04-15-2025,04-15-2025,"Amando's Roofing Inc."
"6463 Loma Avenue, Temple City, California 91780",5382-018-021,E25-48880,Electrical,"(1) TESLA POWER WALL (3) BATTERY 13.5 KWH (1) TESLA BACKUP SWITCH (1) PCS",$0,Issued,03-31-2025,04-15-2025,"Solar Optimum Inc. dba Solar Optimum Design & Electrical"
"5212 Halifax Road, Temple City, California 91780",8585-023-007,E25-48959,Electrical,"(1) TESLA ENERGY STORAGE AND SUB-PANEL",$0,Issued,04-15-2025,04-15-2025,"Solar Tech Systems Inc."
"5226 Mcclintock Avenue, Temple City, California 91780",8574-005-021,B25-48787,Building,"REMOVE AND REINSTALL EXISTING PV SYSTEM (18) MODULES AT 315 WATTS 5.670 KW-DC / 5.154 KW-AC (18) MICROINVERTERS ROOF MOUNTED FOR ROOF REPAIRS",$613.12,Issued,03-19-2025,04-16-2025,"Jason Poch dba Suncore Solar"
"6361 Encinita Avenue, Temple City, California 91780",5382-023-013,B25-48964,Building,"BATHROOM REMODEL","$15,000",Issued,04-16-2025,04-16-2025,"Willbii Inc."
"10560 Danbury Street, Temple City, California 91780",8586-011-047,B25-48970,Building,"REROOF SHINGLES OVER EXISTING LAYER. INSTALL 2000 SQ.FT. OF CERTAINTEED SOLARIS 30 YEAR DIMENSIONAL COOL ROOF SHINGLES. COLOR (GEORGETOWN GREY) CRRC # 0668-0116 ON A SINGLE FAMILY HOME WITH ATTACHED GARAGE","$10,000",Finaled,04-16-2025,04-16-2025,"Over The Top Roofing Corporation"
"5030 Kauffman Avenue, Temple City, California 91780",8589-018-010,B25-48971,Building,"ADD TWO NEW BATHROOMS TO EXISTING SINGLE-FAMILY HOUSE AND ENCLOSE EXISTING COVERED PATIO","$25,000",Issued,04-16-2025,04-16-2025,"Jung Chi Yu"
"10919 Freer Street, Temple City, California 91780",8573-035-023,B25-48983,Building,"ROOF MOUNTED PV SYSTEM 6.56 KW DC (16) MODULES WITH SOLAREDGE ENERGY BANK",$0,Issued,04-16-2025,04-16-2025,"Freedom Forever Southern California LLC"
"6361 Encinita Avenue, Temple City, California 91780",5382-023-013,E25-48965,Electrical,"(3) OUTLETS AND (3) LIGHT FIXTURES FOR BATHROOM REMODEL",$0,Issued,04-16-2025,04-16-2025,"Willbii Inc."
"9574 Live Oak Avenue, Temple City, California 91780",8588-007-010,E25-48969,Electrical,"(9) 100 AMP SUB-PANELS AND & 100 AMP HOUSE PANEL",$0,Issued,04-16-2025,04-16-2025,"Samvel S Atoyan"
"5030 Kauffman Avenue, Temple City, California 91780",8589-018-010,E25-48974,Electrical,"(2) BRANCH CIRCUITS, (1) BRANCH CIRCUIT LIGHT, (2) OUTLETS AND (4) LIGHT FIXTURES FOR NEW BATHROOMS",$0,Issued,04-16-2025,04-16-2025,"Jung Chi Yu"
"4837 Rio Hondo Avenue Unit B , Temple City, California 91780",8590-028-032,E25-48977,Electrical,"(9) BRANCH CIRCUITS, (19) OUTLETS, (14) LIGHT FIXTURES, ELECTRIC OVEN, RANGE HOOD, WASHING MACHINE, EXHAUST FAN, AC AND 100 AMP SUB-PANEL FOR THE DETACHED ACCESSORY DWELLING UNIT",$0,Issued,04-16-2025,04-16-2025,Owner-Builder
"10919 Freer Street, Temple City, California 91780",8573-035-023,E25-48984,Electrical,"SOLAREDGE ENERGY BANK & SUB-PANEL",$0,Issued,04-16-2025,04-16-2025,"Freedom Forever Southern California LLC"
"6361 Encinita Avenue, Temple City, California 91780",5382-023-013,M25-48966,Mechanical,"(1) VENTILATION FAN FOR BATHROOM REMODEL",$0,Issued,04-16-2025,04-16-2025,"Willbii Inc."
"5932 Bartlett Avenue, San Gabriel, California 91775",5386-013-043,M25-48968,Mechanical,"INSTALL TWO MINI SPLIT SYSTEM. ONE FOR LIVING ROOM AND ONE FOR BEDROOM #3",$0,Issued,04-16-2025,04-16-2025,"Zehua Bao"
"5030 Kauffman Avenue, Temple City, California 91780",8589-018-010,M25-48975,Mechanical,"(2) VENTILATION FANS FOR NEW BATHROOMS",$0,Issued,04-16-2025,04-16-2025,"Jung Chi Yu"
"4837 Rio Hondo Avenue Unit B , Temple City, California 91780",8590-028-032,M25-48978,Mechanical,"INSTALL (3) MINI SPLIT SYSTEMS AND VENTILATION FANS FOR THE DETACHED ACCESSORY DWELLING UNIT",$0,Issued,04-16-2025,04-16-2025,Owner-Builder
"5030 Kauffman Avenue, Temple City, California 91780",8589-018-010,MISC25-48972,Miscellaneous,"TO VERIFY COMPLIANCE: TO REMOVE UNPERMITTED LATTICE PATIO",$0,Issued,04-16-2025,04-16-2025,"Jung Chi Yu"
"6361 Encinita Avenue, Temple City, California 91780",5382-023-013,P25-48967,Plumbing,"SHOWER, LAVATORY AND WATER CLOSET FOR BATHROOM REMODEL",$0,Issued,04-16-2025,04-16-2025,"Willbii Inc."
"5030 Kauffman Avenue, Temple City, California 91780",8589-018-010,P25-48976,Plumbing,"SHOWER, LAVATORIES, HOSE BIBB AND WATER CLOSETS FOR NEW BATHROOMS",$0,Issued,04-16-2025,04-16-2025,"Jung Chi Yu"
"4837 Rio Hondo Avenue Unit B , Temple City, California 91780",8590-028-032,P25-48979,Plumbing,"SHOWER, CLOTHES WASHER, LAVATORY, SINK, WATER CLOSET, WATER HEATER, GAS OUTLETS, WATER MAIN AND CONNECT DETACHED ACCESSORY DWELLING UNIT TO PUBLIC SEWER",$0,Issued,04-16-2025,04-16-2025,Owner-Builder
"5822 Kauffman Avenue, Temple City, California 91780",8587-024-024,B25-48980,Building,"HALLWAY BATHROOM REMOVE EXISTING TUB. REPLACE WITH A WALK-IN TUB AND DRYWALL PATCH",$9500,Issued,04-16-2025,04-17-2025,"Safe Step Walk-in Tub Company Inc."
"5745 Oak Avenue, Temple City, California 91780",8587-005-010,B25-48996,Building,"ROOF REPLACEMENT & REPAIR. REROOF WITH ASPHALT (30 YEAR) ADD PLYWOOD. REPAIR DRY ROT WHERE APPLICABLE 1007 SQ.FT. ROOFING WILL BE REPLACED AT HOUSE","$12,000",Issued,04-17-2025,04-17-2025,Owner-Builder
"5745 Oak Avenue, Temple City, California 91780",8587-005-010,B25-48997,Building,"ROOF REPLACEMENT & REPAIR. REROOF WITH ASPHALT (30 YEAR) ADD PLYWOOD. REPAIR DRY ROT WHERE APPLICABLE 540 SQ.FT. ROOFING WILL BE REPLACED AT DETACHED GARAGE",$3000,Issued,04-17-2025,04-17-2025,Owner-Builder
"8902 Hermosa Drive, Temple City, California 91780",5387-012-022,B25-49001,Building,"REMOVE EXISTING ASPHALT SHINGLE ROOF. UNDERLAYMENT AND EDGE METAL. INSTALL NEW OWEN CORNING UNDERLAYMENT STARTER SHINGLE DURATION COOL SHINGLE & EDGE METAL","$22,455",Finaled,04-17-2025,04-17-2025,"Oconnor Construction Inc. dba Oc Roofing"
"5822 Kauffman Avenue, Temple City, California 91780",8587-024-024,E25-48981,Electrical,"INSTALL (1) NEW 20-AMP CIRCUIT FOR THE TUB OUTLET",$0,Issued,04-16-2025,04-17-2025,"Safe Step Walk-in Tub Company Inc."
"6414 Barela Avenue, Temple City, California 91780",5383-017-003,E25-48986,Electrical,"MAIN PANEL UPGRADE TO 200 AMP SERVICE",$0,Finaled,04-17-2025,04-17-2025,"All City Plumbing Drain Cleaning & Rooter dba All City Plumbing"
"6166 Encinita Avenue, Temple City, California 91780",5385-002-002,E25-48987,Electrical,"(51) OUTLETS, (25) LIGHT FIXTURES, GARBAGE DISPOSAL, DISHWASHER, RANGE HOOD, AC/HEAT PUMP, 200 AMP SERVICE PANEL AND 100 AMP SUB-PANEL FOR THE INTERIOR REMODEL",$0,Issued,04-17-2025,04-17-2025,"Right Builder Construction Inc."
"5935 Kauffman Avenue Unit A , Temple City, California 91780",8587-020-005,E25-48989,Electrical,"ELECTRICAL FOR A NEW DETACHED CONDO WITH 200 AMP SERVICE PANEL",$0,Issued,04-17-2025,04-17-2025,"T & L Air Conditioning Inc."
"5935 Kauffman Avenue Unit B , Temple City, California 91780",8587-020-005,E25-48991,Electrical,"ELECTRICAL FOR A NEW DETACHED CONDO WITH 200 AMP SERVICE PANEL",$0,Issued,04-17-2025,04-17-2025,"T & L Air Conditioning Inc."
"5935 Kauffman Avenue Unit C , Temple City, California 91780",8587-020-005,E25-48993,Electrical,"ELECTRICAL FOR A NEW DETACHED CONDO WITH 200 AMP SERVICE PANEL",$0,Issued,04-17-2025,04-17-2025,"T & L Air Conditioning Inc."
"9654 Live Oak Avenue, Temple City, California 91780",8588-008-020,E25-48995,Electrical,"MAIN PANEL UPGRADE TO 200 AMP",$0,Issued,04-17-2025,04-17-2025,"JSA Electrical Services Inc."
"9227 Olive Street, Temple City, California 91780",8588-031-011,E25-48998,Electrical,"ELECTRICAL FOR A NEW SINGLE FAMILY DWELLING WITH 225 AMP SERVICE PANEL",$0,Issued,04-17-2025,04-17-2025,Owner-Builder
"9227 Olive Street, Temple City, California 91780",8588-031-011,E25-48999,Electrical,"(7) OUTLETS AND (2) LIGHT FIXTURES FOR THE NEW DETACHED GARAGE",$0,Issued,04-17-2025,04-17-2025,Owner-Builder
"5935 Kauffman Avenue Unit A , Temple City, California 91780",8587-020-005,M25-48990,Mechanical,"INSTALL TWO HVAC SYSTEMS, AIR INLETS AND VENTILATION FANS FOR A NEW DETACHED CONDO",$0,Issued,04-17-2025,04-17-2025,"T & L Air Conditioning Inc."
"5935 Kauffman Avenue Unit B , Temple City, California 91780",8587-020-005,M25-48992,Mechanical,"INSTALL TWO HVAC SYSTEMS, AIR INLETS AND VENTILATION FANS FOR A NEW DETACHED CONDO",$0,Issued,04-17-2025,04-17-2025,"T & L Air Conditioning Inc."
"5935 Kauffman Avenue Unit C , Temple City, California 91780",8587-020-005,M25-48994,Mechanical,"INSTALL TWO HVAC SYSTEMS, AIR INLETS AND VENTILATION FANS FOR A NEW DETACHED CONDO",$0,Issued,04-17-2025,04-17-2025,"T & L Air Conditioning Inc."
"5822 Kauffman Avenue, Temple City, California 91780",8587-024-024,P25-48982,Plumbing,"REPLACE EXISTING TUB WITH A WALK-IN TUB",$0,Issued,04-16-2025,04-17-2025,"Safe Step Walk-in Tub Company Inc."
"6166 Encinita Avenue, Temple City, California 91780",5385-002-002,P25-48988,Plumbing,"SHOWERS, CLOTHES WASHER, DISHWASHER, HOSE BIBB, LAVATORIES, KITCHEN SINK, LAUNDRY SINK, WATER CLOSETS, TANKLESS WATER HEATER, GAS OUTLET AND DRAINAGE / VENT PIPING REPAIR FOR THE INTERIOR REMODEL",$0,Issued,04-17-2025,04-17-2025,"Right Builder Construction Inc."
"9227 Olive Street, Temple City, California 91780",8588-031-011,P25-49000,Plumbing,"PLUMBING FOR A NEW SINGLE FAMILY DWELLING AND CONNECT TO PUBLIC SEWER",$0,Issued,04-17-2025,04-17-2025,Owner-Builder
"4941 Birchland Place Unit A , Temple City, California 91780",8585-013-039,B23-45625,Building,"ADDITION TO (E) SFD 171 SQ.FT. FULL KITCHEN AND BATHROOM REMODEL","$47,034.09",Issued,10-25-2023,04-21-2025,Owner-Builder
"4941 Birchland Place Unit B , Temple City, California 91780",8585-013-039,B23-45626,Building,"NEW DETACHED ACCESSORY DWELLING UNIT: TWO BEDROOMS, TWO BATHROOMS, KITCHEN, LIVING/DINING ROOM, LAUNDRY AND FRONT PORCH","$135,233.26",Issued,10-25-2023,04-21-2025,Owner-Builder
"5028 Heleo Avenue, Temple City, California 91780",8590-022-013,B25-48944,Building,"STRUCTURAL ALTERATION TO REMOVE LOAD BEARING WALL BETWEEN KITCHEN AND FAMILY ROOM",$9000,Issued,04-14-2025,04-21-2025,"Alpha Structural, Inc."
"6249 Kauffman Avenue, Temple City, California 91780",5385-016-033,B25-48985,Building,"REMOVE EXISTING ASPHALT SHINGLES AND REPLACE WITH NEW ASPHALT SHINGLES, REMOVE SMALLER FLAT ROOF BUILT UP ROOF AND REPLACE WITH NEW SINGLE PLY ROOF MEMBRANE","$200,000",Issued,04-17-2025,04-21-2025,"T Jay Torgelson & Associates Inc. dba Ta Construction Inc."
"6057 Primrose Avenue, Temple City, California 91780",5385-007-001,B25-49005,Building,"VOLUNTARY SEISMIC RETROFIT PER LADBS STANDARD PLAN DETAIL #7",$3100,Issued,04-21-2025,04-21-2025,"Sunshine Builders Inc. dba Sunshine Foundation Repair"
"9465 Las Tunas Drive, Temple City, California 91780",8587-008-017,B25-49007,Building,"CHANGE CONTRACTOR - NEW 46 UNIT CONDOMINIUM DEVELOPMENT (SEE ALSO PERMIT # B22-43834)",$0,Issued,04-21-2025,04-21-2025,"King Young Builder Inc."
"9465 Las Tunas Drive, Temple City, California 91780",8587-008-017,B25-49008,Building,"CHANGE CONTRACTOR PARKING GARAGE (SEE ALSO PERMIT # B22-43835",$0,Issued,04-21-2025,04-21-2025,"King Young Builder Inc."
"9465 Las Tunas Drive, Temple City, California 91780",8587-008-017,B25-49009,Building,"CHANGE CONTRACTOR - NEW 5,800 SF. COMMERCIAL RETAIL/OFFICE BUILDING (SEE ALSO PERMIT # B22-43836)",$0,Issued,04-21-2025,04-21-2025,"King Young Builder Inc."
"5233 Barela Avenue, Temple City, California 91780",8589-012-002,B25-49018,Building,"REMOVE EXISTING ROOF. REPLACE WITH ASPHALT SHINGLE TO MATCH NEW ADDITION",$5000,Issued,04-21-2025,04-21-2025,Owner-Builder
"10648 Arrowood Street, Temple City, California 91780",8585-030-026,B25-49019,Building,"TEAR OFF INSTALL PLYWOOD. INSTALL 30 YR SHINGLES HOUSE AND ATTACHED GARAGE 3000 SQ.FT.","$21,000",Issued,04-21-2025,04-21-2025,"Ato Jack Roofing"
"9465 Las Tunas Drive, Temple City, California 91780",8587-008-017,D25-49014,Demolition,"CHANGE CONTRACTOR - DEMOLITION OF TWO (2) VACANT TWO-STORY COMMERCIAL-RETAILS BUILDINGS (SEE ALSO PERMIT # D23-45892)",$0,Issued,04-21-2025,04-21-2025,"American Wrecking Inc."
"5909 Cloverly Avenue, Temple City, California 91780",8587-008-017,D25-49015,Demolition,"CHANGE CONTRACTOR - DEMOLITION OF TWO (2) VACANT TWO-STORY COMMERCIAL-RETAILS BUILDINGS (SEE ALSO PERMIT # D23-45893)",$0,Issued,04-21-2025,04-21-2025,"American Wrecking Inc."
"5312 Welland Avenue Unit A-B , Temple City, California 91780",8573-035-026,E25-49002,Electrical,"(27) OUTLETS, (15) LIGHT FIXTURES, GARBAGE DISPOSAL, DISHWASHER, RANGE HOOD, WASHING MACHINE, EXHAUST FAN, HEAT PUMP, AC UNITS, ELECTRIC WATER HEATER, UPGRADE SERVICE PANEL TO 200 AMP AND SUB-PANEL 100 AMP FOR THE ACCESSORY DWELLING UNIT",$0,Issued,04-21-2025,04-21-2025,"H1 Construction Company"
"5004 Pal Mal Avenue, Temple City, California 91780",8585-030-022,E25-49006,Electrical,"INSTALL (4) 15.360 KW 20 KWH ENERGY STORAGE SYSTEM",$0,Issued,04-21-2025,04-21-2025,"R.E.T. Construction Corporation"
"9465 Las Tunas Drive, Temple City, California 91780",8587-008-017,E25-49010,Electrical,"CHANGE CONTRACTOR - MIXED USE DEVELOPMENT (SEE ALSO PERMIT # E22-43837)",$0,Issued,04-21-2025,04-21-2025,"King Young Builder Inc."
"4893 Glickman Avenue, Temple City, California 91780",8585-012-078,E25-49017,Electrical,"EV CHARGER INSTALLATION INSIDE GARAGE",$0,Issued,04-21-2025,04-21-2025,"Smart Plug LLC"
"9465 Las Tunas Drive, Temple City, California 91780",8587-008-017,G25-49011,Grading,"CHANGE CONTRACTOR - MIXED USE DEVELOPMENT 46 UNITS RESIDENTIAL AND 6 UNITS OFFICE/RETAIL ( SEE ALSO PERMIT # G22-43491)",$0,Issued,04-21-2025,04-21-2025,"King Young Builder Inc."
"5312 Welland Avenue Unit A-B , Temple City, California 91780",8573-035-026,M25-49003,Mechanical,"INSTALL HVAC SYSTEM, AIR INLETS AND VENTILATION FANS FOR THE ACCESSORY DWELLING UNIT",$0,Issued,04-21-2025,04-21-2025,"H1 Construction Company"
"9465 Las Tunas Drive, Temple City, California 91780",8587-008-017,M25-49012,Mechanical,"CHANGE CONTRACTOR - MIXED USE DEVELOPMENT (SEE ALSO PERMIT # M22-43838)",$0,Issued,04-21-2025,04-21-2025,"King Young Builder Inc."
"5312 Welland Avenue Unit A-B , Temple City, California 91780",8573-035-026,P25-49004,Plumbing,"SHOWER, CLOTHES WASHER, DISHWASHER, LAVATORIE, SINK, WATER CLOSET, WATER HEATER, WATER MAIN AND CONNECT ACCESSORY DWELLING UNIT TO PUBLIC SEWER",$0,Issued,04-21-2025,04-21-2025,"H1 Construction Company"
"9465 Las Tunas Drive, Temple City, California 91780",8587-008-017,P25-49013,Plumbing,"CHANGE CONTRACTOR - MIXED USE DEVELOPMENT (SEE ALSO PERMIT # P22-43839)",$0,Issued,04-21-2025,04-21-2025,"King Young Builder Inc."
"4901 Cloverly Avenue, Temple City, California 91780",8590-021-009,P25-49016,Plumbing,"REPLACE GAS LINE",$0,Finaled,04-21-2025,04-21-2025,Owner-Builder
"4833 Doreen Avenue, Temple City, California 91780",8585-024-033,B25-49022,Building,"TEAR OFF (3) LAYERS OF COMP ROOFING. INSTALL NEW GAF HDZ RS SAGEWOOD SHINGLES CRRC # 0676-0132",$7500,Issued,04-22-2025,04-22-2025,"Competition Roofing Inc."
"8902 Hermosa Drive, Temple City, California 91780",5387-012-022,B25-49027,Building,"SUPPLEMENTAL PERMIT FOR THE DETACHED GARAGE (SEE ALSO PERMIT # B25-49001) TO REMOVE EXISTING ASPHALT SHINGLE ROOF. UNDERLAYMENT AND EDGE METAL. INSTALL NEW OWEN CORNING UNDERLAYMENT STARTER SHINGLE DURATION COOL SHINGLE & EDGE METAL",$0,Finaled,04-22-2025,04-22-2025,"Oconnor Construction Inc. dba Oc Roofing"
"4450 Temple City Boulevard, Temple City, California 91780",8592-001-023,D25-49023,Demolition,"DEMOLISH EXISTING HOUSE",$0,Issued,04-22-2025,04-22-2025,"G R Martinez Inc. DBA Martinez Demolition Co."
"4450 Temple City Boulevard, Temple City, California 91780",8592-001-023,D25-49024,Demolition,"DEMOLISH EXISTING DETACHED GARAGE",$0,Issued,04-22-2025,04-22-2025,"G R Martinez Inc. DBA Martinez Demolition Co."
"10308 Olive Street, Temple City, California 91780",8585-020-013,E25-48891,Electrical,"(1) TESLA POWERWALL (3) INTEGRATED BATTERY INVERTER (1) TESLA POWERWALL (3) BATTERY DC EXPANSION (1) TESLA BACK UP SWITCH TO EXISTING SOLAR",$0,Issued,04-03-2025,04-22-2025,"Orange County Solar Contracting Services Inc. dba Orange County Contracting Services"
"10732 Arrowood Street, Temple City, California 91780",8574-002-013,E25-48930,Electrical,"(1) TESLA POWERWALL (3) INTEGRATED BATTERY INVERTER (1) TESLA POWERWALL (3) BATTERY DC EXPANSION (1) TESLA BACK UP SWITCH TO EXISTING SOLAR",$0,Issued,04-09-2025,04-22-2025,"Orange County Solar Contracting Services Inc. dba Orange County Contracting Services"
"4839 Persimmon Avenue, Temple City, California 91780",8574-025-021,B25-48837,Building,"PV SOLAR 4.345 KW (11) MODULES (1) INVERTER, (1) ESS BATTERY","$21,000",Issued,03-26-2025,04-23-2025,"Sunrun Installation Services Inc. dba Sunrun"
"5030 Ryland Avenue, Temple City, California 91780",8585-013-003,B25-49030,Building,"TEAR OFF EXISTING ROOF HOUSE & ATTACHED GARAGE REROOF WITH COMPO SHINGLES TO MATCH NEW ADDITION",$7500,Issued,04-23-2025,04-23-2025,"Tet Int'l"
"9314 Blackley Street, Temple City, California 91780",8590-009-013,B25-49033,Building,"INSTALL FIRE SPRINKLER SYSTEM FOR A NEW SINGLE FAMILY DWELLING",$6500,Issued,04-23-2025,04-23-2025,"United Fire & Safety Corp."
"10855 Freer Street Unit 5-6, Temple City, California 91780",8573-016-021,B25-49034,Building,"INSTALL FIRE SPRINKLER SYSTEM FOR THE (2) DETACHED ACCESSORY DWELLING UNITS",$3000,Issued,04-23-2025,04-23-2025,"United Fire & Safety Corp."
"5950 1/2 Cloverly Avenue, Temple City, California 91780",8587-013-025,B25-49035,Building,"REMOVE EXISTING ROOFING MATERIAL. INSTALL NEW SHINGLE ROOF 1200 SQ.FT.",$6000,Issued,04-23-2025,04-23-2025,"Wynmoor Construction Inc."
"5732 Temple City Boulevard, Temple City, California 91780",8587-017-017,E25-49031,Electrical,"NEW 400 AMP SERVICE PANEL (6) SUB-PANEL 60 AMP AND (1) SUB-PANEL 100 AMP",$0,Issued,04-23-2025,04-23-2025,"MP Electric"
"5333 Barela Avenue, Temple City, California 91780",8589-002-006,B23-45248,Building,"NEW 2-STORY SINGLE FAMILY DWELLING: 5 BEDROOMS, 4.5 BATHROOMS, FRONT PORCH AND REAR TRELLIS PATIO","$596,085.36",Issued,08-23-2023,04-24-2025,"McWong Holding Company"
"5333 Barela Avenue, Temple City, California 91780",8589-002-006,B23-45249,Building,"BUILD NEW DETACHED 3-CAR GARAGE","$39,888",Issued,08-23-2023,04-24-2025,"McWong Holding Company"
"6166 North Muscatel Avenue, San Gabriel, California 91775",5386-010-040,B24-46666,Building,"NEW 2-STORY SINGLE FAMILY DWELLING: 5 BEDROOMS, 4 BATHROOMS, 1 POWDER WITH ATTACHED 3-CAR GARAGE, COVERED PORCH AND TRELLIS PATIO","$533,720.84",Issued,04-30-2024,04-24-2025,"J V K General Building Contractor"
"6153 Muscatel Avenue, San Gabriel, California 91775",5386-009-056,B25-49036,Building,"PV ROOF MOUNTED SOLAR SYSTEM 4.1 KW (10) MODULES",$0,Issued,04-24-2025,04-24-2025,"Tesla Energy Operations Inc."
"9560 Pentland Street, Temple City, California 91780",8590-013-019,B25-49039,Building,"SUPPLEMENTAL PERMIT FOR THE DETACHED GARAGE REMOVE AND HAUL AWAY ROOFING. RE INSTALL 30 YR GAF/RS SHINGLES BIRCHWOOD CRRC # 0676-0096 (SEE ALSO PERMIT # B25-48928)",$0,Issued,04-24-2025,04-24-2025,"Garvey Roofing Company Inc."
"9521 Pentland Street, Temple City, California 91780",8590-007-019,B25-49040,Building,"SHINGLE RECOVER 21 SQ'S TIMBERLINE HDZRS IN COASTAL SLATE HOUSE ONLY","$13,350",Issued,04-24-2025,04-24-2025,"Garvey Roofing Company Inc."
"6007 Primrose Avenue, Temple City, California 91780",5385-007-011,B25-49041,Building,"TEAR OFF EXISTING ROOF, REPAIR OR REPLACE DAMAGED ROOF SHEATHING. INSTALL OSB RADIANT BARRIER, INSTALL 30 YEAR SHINGLES AND TORCH DOWN ROLLS. HOUSE & GARAGE 25 SQ'S","$17,500",Issued,04-24-2025,04-24-2025,"Golden West Roofing Services Inc."
"6274 Golden West Avenue, Temple City, California 91780",5385-022-029,E25-49038,Electrical,"UPGRADE 200 AMP SERVICE PANEL AND INSTALL LV2 CHARGE OUTLET ON OUTSIDE",$0,Issued,04-24-2025,04-24-2025,"United Electric"
"5333 Barela Avenue, Temple City, California 91780",8589-002-006,E25-49043,Electrical,"ELECTRICAL FOR A NEW SINGLE FAMILY DWELLING WITH MAIN HOUSE PANEL 200 AMP AND SUB-PANEL 100 AMP",$0,Issued,04-24-2025,04-24-2025,"McWong Holding Company"
"5333 Barela Avenue, Temple City, California 91780",8589-002-006,E25-49044,Electrical,"ELECTRICAL FOR A NEW DETACHED 3-CAR GARAGE, SUB-PANEL 100 AMP AND EV CHARGER",$0,Issued,04-24-2025,04-24-2025,"McWong Holding Company"
"6166 North Muscatel Avenue, San Gabriel, California 91775",5386-010-040,E25-49047,Electrical,"ELECTRICAL FOR A NEW SINGLE FAMILY DWELLING WITH MAIN 200 AMP SERVICE PANEL",$0,Issued,04-24-2025,04-24-2025,"J V K General Building Contractor"
"6166 North Muscatel Avenue, San Gabriel, California 91775",5386-010-040,E25-49048,Electrical,"TEMPORARY POWER POLE",$0,Issued,04-24-2025,04-24-2025,"J V K General Building Contractor"
"6166 North Muscatel Avenue, San Gabriel, California 91775",5386-010-040,G24-46635,Grading,"GRADING FOR A NEW SINGLE FAMILY DWELLING",$0,Issued,04-29-2024,04-24-2025,"J V K General Building Contractor"
"6249 Kauffman Avenue, Temple City, California 91780",5385-016-033,M25-49037,Mechanical,"REPLACE EXISTING HVAC SYSTEM ON THE ROOFTOP",$0,Issued,04-24-2025,04-24-2025,"SR Viescas Inc. dba Stuart Rose Htg & AC"
"5333 Barela Avenue, Temple City, California 91780",8589-002-006,M25-49045,Mechanical,"INSTALL (2) HVAC SYSTEMS, AIR INLETS AND VENTILATION FANS FOR A NEW SINGLE FAMILY DWELLING",$0,Issued,04-24-2025,04-24-2025,"McWong Holding Company"
"6166 North Muscatel Avenue, San Gabriel, California 91775",5386-010-040,M25-49049,Mechanical,"INSTALL (2) HVAC SYSTEMS, AIR INLETS, VENTILATION FANS FOR A NEW SINGLE FAMILY DWELLING",$0,Issued,04-24-2025,04-24-2025,"J V K General Building Contractor"
"6002 Encinita Avenue, Temple City, California 91780",5385-004-019,P25-49042,Plumbing,"REPAIR WATER MAIN 15 FEET IN LENGTH",$0,Finaled,04-24-2025,04-24-2025,Owner-Builder
"5333 Barela Avenue, Temple City, California 91780",8589-002-006,P25-49046,Plumbing,"PLUMBING FOR A NEW SINGLE FAMILY DWELLING AND CONNECT TO PUBLIC SEWER",$0,Issued,04-24-2025,04-24-2025,"McWong Holding Company"
"6166 North Muscatel Avenue, San Gabriel, California 91775",5386-010-040,P25-49050,Plumbing,"PLUMBING FOR A NEW SINGLE FAMILY DWELLING AND CONNECT TO PUBLIC SEWER",$0,Issued,04-24-2025,04-24-2025,"J V K General Building Contractor"
"5826 Burton Avenue, San Gabriel, California 91776",5387-006-027,B24-46555,Building,"TEAR OFF EXISTING SHINGLES AND REPLACE WITH NEW ASPHALT SHINGLES","$19,150",Finaled,04-15-2024,04-25-2025,Owner-Builder
"6219 1/4 Avon Avenue, San Gabriel, California 91775",5386-007-014,B24-47775,Building,"488 SQ.FT. ADDITION TO EXISTING DWELLING WITH ONE BEDROOM, ONE BATHROOM AND RELOCATE EXISTING KITCHEN","$86,946.96",Issued,10-17-2024,04-28-2025,"TWA Builders, Inc."
"6003 North Muscatel Avenue Unit B , San Gabriel, California 91775",5386-012-053,B25-48649,Building,"CONVERT EXISTING 594 SQ.FT. DETACHED GARAGE AND STORAGE INTO ACCESSORY DWELLING UNIT: ONE BEDROOM, ONE BATHROOM AND KITCHEN","$80,000",Issued,02-25-2025,04-28-2025,"AMF Construction"
"5731 Rio Hondo Avenue, Temple City, California 91780",8587-003-014,B25-49051,Building,"REMOVE THE OLD EXISTING ROOF. INSTALL THE 7/16 OSB RADIANT PLYWOOD & INSTALL GAF COOL SHINGLES SRI:22 CRRC #: 0676-0137B ON HOUSE",$8500,Issued,04-28-2025,04-28-2025,Owner-Builder
"5731 Rio Hondo Avenue, Temple City, California 91780",8587-003-014,B25-49052,Building,"REMOVE THE OLD EXISTING ROOF. INSTALL THE 7/16 OSB RADIANT PLYWOOD & INSTALL GAF COOL SHINGLES SRI:22 CRRC #: 0676-0137B ON DETACHED GARAGE",$3000,Issued,04-28-2025,04-28-2025,Owner-Builder
"5516 Mcculloch Avenue, Temple City, California 91780",8573-013-033,B25-49053,Building,"REMOVE THE EXISTING COMPOSITION SHINGLES FROM HOUSE AND ATTACHED GARAGE. REPAIR WOOD DAMAGED AS NEEDED AND INSTALL COMP OWENS CORNING NIGHT SKY CRRC #: 0890-0026","$12,700",Issued,04-28-2025,04-28-2025,"Martinez Roofing"
"5518 Mcculloch Avenue, Temple City, California 91780",8573-013-033,B25-49054,Building,"REMOVE THE EXISTING COMPOSITION SHINGLES FROM HOUSE AND ATTACHED GARAGE. REPAIR WOOD DAMAGED AS NEEDED AND INSTALL COMP OWENS CORNING NIGHT SKY CRRC #: 0890-0026","$12,700",Issued,04-28-2025,04-28-2025,"Martinez Roofing"
"5314 Cloverly Avenue, Temple City, California 91780",8590-005-008,B25-49061,Building,"REMOVE ALL ROOFS. REPLACE WOOD DAMAGED AS NEEDED. INSTALL NEW UNDERLAYMENT SYNTHETIC PAPER AND INSTALL NEW SHINGLES 2300 SQ.FT.","$10,800",Issued,04-28-2025,04-28-2025,"Silvestre Roofing"
"6137 Temple City Boulevard, Temple City, California 91780",5385-012-028,B25-49062,Building,"TEAR OFF EXISTING ROOF. REROOF 22 SQ.FT. HOUSE AND ATTACHED GARAGE COLOR MOUNTAIN SIDE CRRC # 0890-0027",$9000,Issued,04-28-2025,04-28-2025,"R L K Construction, Inc. dba P E Y Roofing"
"5957 Golden West Avenue, Temple City, California 91780",8587-025-002,B25-49063,Building,"TEAR OFF AND REROOF CHURCH 3000 SQ.FT. COMP SHINGLES COLOR: FOREST BROWN CRRC #: 0890-0018A","$10,500",Issued,04-28-2025,04-28-2025,"Safeguard Roofing Company dba Safeguard Construction"
"9032 Emperor Avenue, San Gabriel, California 91775",5382-019-007,B25-49064,Building,"REMOVE & HALL AWAY EXISTING SHINGLES. INSTALL NEW #30 LBS FELT. INSTALL NEW 30 YEAR SHINGLES HOUSE 18 SQ'S","$12,000",Issued,04-28-2025,04-28-2025,"Sunshine Roofing Inc."
"9032 Emperor Avenue, San Gabriel, California 91775",5382-019-007,B25-49065,Building,"REMOVE & HALL AWAY EXISTING SHINGLES. INSTALL NEW #30 LBS FELT. INSTALL NEW 30 YEAR SHINGLES DETACHED GARAGE 9 SQ'S",$4300,Issued,04-28-2025,04-28-2025,"Sunshine Roofing Inc."
"6219 1/4 Avon Avenue, San Gabriel, California 91775",5386-007-014,E25-49056,Electrical,"(26) OUTLETS, (16) LIGHT FIXTURES, GARBAGE DISPOSAL, RANGE HOOD AND EXHAUST FANS",$0,Issued,04-28-2025,04-28-2025,"TWA Builders, Inc."
"5720 Encinita Avenue, Temple City, California 91780",8587-003-017,E25-49059,Electrical,"INSTALL (6) RECESSED LIGHTS WITH SWITCH AND INSTALL (6) OUTLETS",$0,Issued,04-28-2025,04-28-2025,Owner-Builder
"10636 Fairhall Street Unit A-B , Temple City, California 91780",8585-027-007,E25-49060,Electrical,"400 AMP (2) GANG AND (1) SUB-PANEL FOR (E) SFD",$0,Issued,04-28-2025,04-28-2025,"Chung's Construction and Electrical Inc."
"6015 Encinita Avenue, Temple City, California 91780",5384-013-024,E25-49066,Electrical,"INSTALL A WROUGHT IRON ELECTRICAL GATE",$0,Issued,04-28-2025,04-28-2025,Owner-Builder
"9812 Longden Avenue, Temple City, California 91780",5385-022-025,E25-49068,Electrical,"UPGRADE ELECTRICAL METER PANEL TO 200 AMP AND INSTALL AN EV CHARGER 240V OUTLET OUTSIDE",$0,Issued,04-28-2025,04-28-2025,"LA Electrical & Construction Inc."
"9639 Blackley Street, Temple City, California 91780",8589-002-012,M25-49055,Mechanical,"CHANGE OUT FURNACE 48,000 BTU ATTIC SAME LOCATION. CHANGE OUT AC CONDENSER 4 TON RIGHT SIDE YARD SAME LOCATION",$0,Issued,04-28-2025,04-28-2025,"JW Heating and Air Inc."
"6219 1/4 Avon Avenue, San Gabriel, California 91775",5386-007-014,M25-49057,Mechanical,"INSTALL (3) VENTILATION FANS",$0,Issued,04-28-2025,04-28-2025,"TWA Builders, Inc."
"6219 1/4 Avon Avenue, San Gabriel, California 91775",5386-007-014,P25-49058,Plumbing,"BATHTUB/SHOWER, DISH WASHER, HOSE BIBB, LAVATORIES, SINK, WATER CLOSET AND GAS OUTLET",$0,Issued,04-28-2025,04-28-2025,"TWA Builders, Inc."
"6003 North Muscatel Avenue Unit B , San Gabriel, California 91775",5386-012-053,P25-49067,Plumbing,"BATHTUB/SHOWER, CLOTHES WASHER, DISHWASHER, HOSE BIBB, LAVATORIE, SINK, WATER CLOSET, WATER HEATER, GAS OUTLET, WATER MAIN AND CONNECT DETACHED ACCESSORY DWELLING UNIT TO PUBLIC SEWER",$0,Issued,04-28-2025,04-28-2025,"AMF Construction"
"10930 Daines Drive, Temple City, California 91780",8573-018-043,B25-49077,Building,"25 SQ'S REMOVE AND INSTALL OWENS CORNING SHINGLES",$7500,Issued,04-29-2025,04-29-2025,"Clear View Roofing & Construction"
"10553 Lynrose Street, Temple City, California 91780",8586-012-001,E25-49073,Electrical,"(60) OUTLETS, (24) LIGHT FIXTURES, GARBAGE DISPOSAL, DISHWASHER, RANGE HOOD, WASHING MACHINE , FAU/AC UNITS AND EXHAUST FANS",$0,Issued,04-29-2025,04-29-2025,Owner-Builder
"6252 Golden West Avenue, Temple City, California 91780",5385-022-011,E25-49076,Electrical,"UPGRADE TO 200 AMP SERVICE PANEL AND INSTALL SUB-PANEL 100 AMP",$0,Issued,04-29-2025,04-29-2025,"Wells Development and Construction Inc."
"6003 North Muscatel Avenue Unit B , San Gabriel, California 91775",5386-012-053,E25-49078,Electrical,"(15) BRANCH CIRCUITS, (1) BRANCH CIRCUIT LIGHT, (30) OUTLETS, (20) LIGHT FIXTURES, GARBAGE DISPOSAL, DISHWASHER, RANGE HOOD, WASHING MACHINE, EXHAUST FAN, AC/HEAT PUMP WITH SUB-PANEL 100 AMP FOR THE DETACHED ACCESSORY DWELLING UNIT",$0,Issued,04-29-2025,04-29-2025,"AMF Construction"
"6105 Saint James Drive, Temple City, California 91780",5385-008-034,E25-49081,Electrical,"UPGRADE TO 200 AMP SERVICE PANEL",$0,Issued,04-29-2025,04-29-2025,Owner-Builder
"4450 Temple City Boulevard Units A-B-C-D, Temple City, California 91780",8592-001-023,G24-47184,Grading,"GRADING FOR (4) UNITS APARTMENTS",$0,Issued,07-30-2024,04-29-2025,"G R Martinez Inc. DBA Martinez Demolition Co."
"10553 Lynrose Street, Temple City, California 91780",8586-012-001,M25-49074,Mechanical,"CHANGE OUT EXISTING HVAC SYSTEM, AIR INLETS AND VENTILATION FANS",$0,Issued,04-29-2025,04-29-2025,Owner-Builder
"6003 North Muscatel Avenue Unit B , San Gabriel, California 91775",5386-012-053,M25-49079,Mechanical,"(2) MINI SPLIT SYSTEM AND VENTILATION FANS FOR THE DETACHED ACCESSORY DWELLING UNIT",$0,Issued,04-29-2025,04-29-2025,"AMF Construction"
"10553 Lynrose Street, Temple City, California 91780",8586-012-001,P25-49075,Plumbing,"BACKWATER VALVE, SHOWERS, CLOTHES WASHER, DISHWASHER, LAVATORIES, SINK, WATER CLOSET, TANKLESS WATER HEATER, WATER TREATING EQUIPMENT AND GAS OUTLETS",$0,Issued,04-29-2025,04-29-2025,Owner-Builder
"10743 Freer Street Unit A , Temple City, California 91780",8573-005-019,B25-49082,Building,"BLOWN IN WALL INSULATION 917 SQ.FT. R-13",$900,Issued,04-30-2025,04-30-2025,"Futura Energy Inc."
"10212 Randwick Drive, Temple City, California 91780",8585-005-006,B25-49083,Building,"KITCHEN REMODEL (2) BATHROOM REMODEL AND REPLACE (10) WINDOWS & (1) SLIDING GLASS DOOR","$38,000",Issued,04-30-2025,04-30-2025,Owner-Builder
"9520 Nadine Street, Temple City, California 91780",8588-025-015,B25-49087,Building,"NEW ALUMINUM PATIO COVER 208 SQ.FT. PER IAPMO # 0195","$13,000",Issued,04-30-2025,04-30-2025,"GT Remodeling Inc."
"5332 Camellia Avenue, Temple City, California 91780",8589-002-018,B25-49089,Building,"REPLACEMENT OF (12) WINDOWS & (1) PATIO DOOR RETROFIT","$16,577",Issued,04-30-2025,04-30-2025,"American Deluxe Construction Inc."
"6046 Agnes Avenue, Temple City, California 91780",5385-028-023,B25-49090,Building,"VOLUNTARY EARTHQUAKE /SEISMIC RETROFIT USING THE L.A. CITY STANDARD PLAN DETAIL #7",$3000,Issued,04-30-2025,04-30-2025,"Haro Retrofit & Renovations"
"5853 Temple City Boulevard, Temple City, California 91780",8587-015-012,B25-49093,Building,"INDIVIDUAL CHANNEL LETTERS; INTERNALLY ILLUMINATED ""COOL CUTS",$1700,Issued,04-30-2025,04-30-2025,"Art Signs & Printing Inc."
"5443 Baldwin Avenue, Temple City, California 91780",8588-018-012,B25-49096,Building,"REPLACE (2) WINDOWS AND REMOVE REAR SLIDING GLASS DOOR AND INSTAL (1) WINDOW",$1500,Issued,04-30-2025,04-30-2025,Owner-Builder
"9112 Olema Street, Temple City, California 91780",5382-023-027,B25-49097,Building,"VOLUNTARY RETROFIT PER LADBS STANDARD PLAN DETAIL #7",$4125,Issued,04-30-2025,04-30-2025,"New Castle Contractors"
"9461 Longden Avenue, Temple City, California 91780",5382-020-053,B25-49099,Building,"TEAR OFF EXISTING ROOF AND REPLACE WITH COMP SHINGLE. REPAIR /REPLACE AS NEEDED RELATED ROOF FRAMING E.G. RAFTERS/RAFTER TAILS, PLANK BOARDS SUBSTRATE SHEATHING FASCIA BOARDS GABLE VENTING. HOUSE 1187 SQ.FT. WITH ATTACHED GARAGE 400 SQ.FT.","$13,000",Issued,04-30-2025,04-30-2025,Owner-Builder
"10420 La Rosa Drive, Temple City, California 91780",8585-018-055,B25-49100,Building,"INSTALL 13.12 KW ROOF MOUNTED SOLAR PV SYSTEM (32) MODULES & 27 KWH ENERGY STORAGE SYSTEM",$0,Issued,04-30-2025,04-30-2025,"Tesla Energy Operations Inc."
"6049 Sultana Avenue, Temple City, California 91780",5384-016-022,E25-49071,Electrical,"PANEL UPGRADE 200 AMP AND EV CHARGER HARDWIRE IN THE DRIVEWAY NEAR TO THE PANEL LEVEL 2, 240V AND 50 AMP BREAKER",$0,Issued,04-28-2025,04-30-2025,"Photonics Electric & IT Services Inc."
"10212 Randwick Drive, Temple City, California 91780",8585-005-006,E25-49084,Electrical,"(12) LIGHT FIXTURES AND (2) EXHAUST FANS",$0,Issued,04-30-2025,04-30-2025,Owner-Builder
"9520 Nadine Street, Temple City, California 91780",8588-025-015,E25-49088,Electrical,"(2) LIGHT FIXTURES",$0,Issued,04-30-2025,04-30-2025,"GT Remodeling Inc."
"5853 Temple City Boulevard, Temple City, California 91780",8587-015-012,E25-49094,Electrical,"INDIVIDUAL CHANNEL LETTERS; INTERNALLY ILLUMINATED ""COOL CUTS",$0,Issued,04-30-2025,04-30-2025,"Art Signs & Printing Inc."
"10420 La Rosa Drive, Temple City, California 91780",8585-018-055,E25-49101,Electrical,"27 KWH ENERGY STORAGE SYSTEM",$0,Issued,04-30-2025,04-30-2025,"Tesla Energy Operations Inc."
"10212 Randwick Drive, Temple City, California 91780",8585-005-006,M25-49085,Mechanical,"(2) VENTILATION FANS",$0,Issued,04-30-2025,04-30-2025,Owner-Builder
"9434 Broadway, Temple City, California 91780",8588-027-013,M25-49098,Mechanical,"CHANGE OUT 40K BTU FURNACE IN SAME LOCATION",$0,Issued,04-30-2025,04-30-2025,"Air Tro Incorporated"
"10212 Randwick Drive, Temple City, California 91780",8585-005-006,P25-49086,Plumbing,"BATHTUB/SHOWER, LAVATORIES, SINK, WATER CLOSETS, AND WATER HEATER",$0,Issued,04-30-2025,04-30-2025,Owner-Builder
"9546 Live Oak Avenue, Temple City, California 91780",8588-006-023,P25-49091,Plumbing,"RELOCATE EXISTING GAS LINE",$0,Issued,04-30-2025,04-30-2025,"Aligcus Construction LLC"
"9548 Live Oak Avenue, Temple City, California 91780",8588-006-023,P25-49092,Plumbing,"RELOCATE EXISTING GAS LINE",$0,Issued,04-30-2025,04-30-2025,"Aligcus Construction LLC"
