"5649 Loma Avenue, Temple City, California 91780",5387-022-014,B25-48326,Building,"BUILD A NEW DETACHED 2-CAR GARAGE","$28,307.79",Issued,01-21-2025,05-01-2025,"CGS Home Improvements"
"5649 Loma Avenue Unit B , Temple City, California 91780",5387-022-014,B25-48327,Building,"NEW DETACHED ACCESSORY DWELLING UNIT: TWO BEDROOMS, TWO BATHROOMS, LIVING ROOM, KITCHEN AND FRONT PORCH","$134,076.56",Issued,01-21-2025,05-01-2025,"CGS Home Improvements"
"5356 Parmerton Avenue, Temple City, California 91780",8573-007-010,B25-49107,Building,"SHINGLES ROOF REPLACEMENT OF 28 SQ.FT. MIAN HOUSE ATTACHED GARAGE. TEAR OFF REPLACE ALL WOOD AS NEEDED. NEW SHEATHING FLAT ROOF REPLACEMENT OF 3 SQ.FT. ON MAIN HOUSE CRRC #0890-0038","$15,000",Issued,05-01-2025,05-01-2025,"Epic Home Upgrade and Construction dba Epic Roof Replacement"
"5649 Loma Avenue, Temple City, California 91780",5387-022-014,D25-49113,Demolition,"(E) GARAGE TO BE DEMOLISH AND (E) UNPERMITTED STRUCTURE TO BE DEMOLISH",$0,Issued,05-01-2025,05-01-2025,"CGS Home Improvements"
"5922 Burton Avenue, San Gabriel, California 91776",5386-014-056,E25-49106,Electrical,"UPGRADE SERVICE PANEL FROM 100 AMP TO 200 AMP",$0,Issued,05-01-2025,05-01-2025,"5620 Inc. dba Leeways Construction"
"5649 Loma Avenue, Temple City, California 91780",5387-022-014,E25-49109,Electrical,"(4) OUTLETS AND (4) LIGHT FIXTURES FOR THE NEW DETACHED 2-CAR GARAGE",$0,Issued,05-01-2025,05-01-2025,"CGS Home Improvements"
"5649 Loma Avenue Unit B , Temple City, California 91780",5387-022-014,E25-49110,Electrical,"ELECTRICAL FOR A NEW DETACHED ACCESSORY DWELLING UNIT WITH A SUB-PANEL 100 AMP",$0,Issued,05-01-2025,05-01-2025,"CGS Home Improvements"
"5649 Loma Avenue Unit B , Temple City, California 91780",5387-022-014,M25-49111,Mechanical,"INSTALL (1) MINI SPLIT SYSTEM AND VENTILATION FANS FOR A NEW DETACHED ACCESSORY DWELLING UNIT",$0,Issued,05-01-2025,05-01-2025,"CGS Home Improvements"
"5649 Loma Avenue Unit B , Temple City, California 91780",5387-022-014,P25-49112,Plumbing,"PLUMBING FOR A NEW DETACHED ACCESSORY DWELLING AND CONNECT TO PUBLIC SEWER",$0,Issued,05-01-2025,05-01-2025,"CGS Home Improvements"
"4941 Camellia Avenue Unit A , Temple City, California 91780",8589-014-023,B25-49095,Building,"REPLACE EXISTING (10) WINDOWS RETROFIT",$5000,Issued,04-30-2025,05-05-2025,"CL Builders & Development Inc."
"9045 Hermosa Drive, Temple City, California 91780",5384-016-046,B25-49115,Building,"(1) KITCHEN REMODEL, RELOCATE SINK AND STOVE. NEW CABINETS AND COUNTERTOPS. (2) BATHROOM REMODEL, REMOVE TUB ENLARGE SHOWER, INSTALL CABINET AND RELOCATE LAVATORY","$10,000",Issued,05-05-2025,05-05-2025,Owner-Builder
"5370 El Monte Avenue, Temple City, California 91780",8573-003-022,B25-49125,Building,"BATHROOM REMODEL LIKE FOR LIKE","$12,000",Issued,05-05-2025,05-05-2025,"G Tech Smart dba G Tech Smart Remodeling"
"5939 Primrose Avenue Unit A-B , Temple City, California 91780",8587-013-006,B25-49129,Building,"NEW FIRE SPRINKLERS SYSTEMS FOR TWO UNITS","$12,300",Issued,05-05-2025,05-05-2025,"United Fire & Safety Corp."
"9732 Olive Street, Temple City, California 91780",8589-003-032,B25-49131,Building,"KITCHEN REMODEL","$14,000",Issued,05-05-2025,05-05-2025,"B X D Construction Inc."
"5033 Sultana Avenue, Temple City, California 91780",5388-021-008,B25-49142,Building,"ROOF MOUNTED PV SYSTEM 3.28 KW (8) PANELS",$0,Issued,05-05-2025,05-05-2025,"Solar Tech Systems Inc."
"5752 Rowland Avenue, Temple City, California 91780",8587-034-014,B25-49143,Building,"6.885 KW DC SYSTEM - ROOF MOUNTED PV (17) MODULES W/ENERGY STORAGE",$0,Issued,05-05-2025,05-05-2025,"Freedom Forever Southern California LLC"
"9928 Nadine Street, Temple City, California 91780",8588-019-003,B25-49145,Building,"HOUSE - TEAR OFF AND RE-ROOF WITH COMPOSITION SHINGLES MALARKEY BAHWOOD CRRC # 0850-0057 SRI 22",$9800,Finaled,05-05-2025,05-05-2025,"Allbest Roofing Inc."
"9928 Nadine Street, Temple City, California 91780",8588-019-003,B25-49146,Building,"DETACHED GARAGE - TEAR OFF AND RE-ROOF WITH COMPOSITION SHINGLES MALARKEY BAHWOOD CRRC # 0850-0057 SRI 22",$3800,Finaled,05-05-2025,05-05-2025,"Allbest Roofing Inc."
"9045 Hermosa Drive, Temple City, California 91780",5384-016-046,E25-49116,Electrical,"(3) LIGHT FIXTURES, GARBAGE DISPOSAL, RANGE HOOD AND EXHAUST FAN",$0,Issued,05-05-2025,05-05-2025,Owner-Builder
"5370 El Monte Avenue, Temple City, California 91780",8573-003-022,E25-49126,Electrical,"(4) LIGHTS, (2) GFI , (2) SWITCHES AND HUMIDITY SENSOR",$0,Issued,05-05-2025,05-05-2025,"G Tech Smart dba G Tech Smart Remodeling"
"9732 Olive Street, Temple City, California 91780",8589-003-032,E25-49132,Electrical,"KITCHEN REMODEL - NEW 200 AMP SERVICE PANEL, CEILING RECESSED LIGHTS (2) GFI, ELECTRICAL OVEN GARBAGE DISPOSAL, RANGE HOOD AND FAU/AC UNITS",$0,Issued,05-05-2025,05-05-2025,"B X D Construction Inc."
"4809 Glickman Avenue, Temple City, California 91780",8585-012-062,E25-49135,Electrical,"UPGRADE ELECTRICAL PANEL TO 200 AMP AND INSTALL EV-CHARGER ON THE GARAGE 14/50 AMP",$0,Finaled,05-05-2025,05-05-2025,"Up 4 U Construction Inc."
"10202 Randwick Drive, Temple City, California 91780",8585-005-004,E25-49136,Electrical,"UPGRADE SERVICE PANEL FROM 100 AMP TO 200 AMP AND INSTALL A 240V EV CHARGER OUTLET NEARBY THE MAIN PANEL",$0,Finaled,05-05-2025,05-05-2025,"JBL Electrical & Energy Inc."
"6277 Golden West Avenue, Temple City, California 91780",5385-021-005,E25-49137,Electrical,"UPGRADE SERVICE PANEL FROM 100 AMP TO 200 AMP AND INSTALL A 240V EV CHARGER OUTLET NEARBY THE MAIN PANEL",$0,Finaled,05-05-2025,05-05-2025,"JBL Electrical & Energy Inc."
"5752 Rowland Avenue, Temple City, California 91780",8587-034-014,E25-49144,Electrical,"W/ENERGY STORAGE AND SUB-PANEL",$0,Issued,05-05-2025,05-05-2025,"Freedom Forever Southern California LLC"
"9045 Hermosa Drive, Temple City, California 91780",5384-016-046,M25-49117,Mechanical,"VENTILATION FAN",$0,Issued,05-05-2025,05-05-2025,Owner-Builder
"5370 El Monte Avenue, Temple City, California 91780",8573-003-022,M25-49127,Mechanical,"VENTILATION FAN",$0,Issued,05-05-2025,05-05-2025,"G Tech Smart dba G Tech Smart Remodeling"
"9732 Olive Street, Temple City, California 91780",8589-003-032,M25-49133,Mechanical,"INSTALL 4 TON HVAC SYSTEM, AIR INLETS AND VENTILATION FAN",$0,Issued,05-05-2025,05-05-2025,"B X D Construction Inc."
"9045 Hermosa Drive, Temple City, California 91780",5384-016-046,P25-49118,Plumbing,"SHOWER, DISHWASHER, LAVATORY, SINK AND GAS OUTLET",$0,Issued,05-05-2025,05-05-2025,Owner-Builder
"5370 El Monte Avenue, Temple City, California 91780",8573-003-022,P25-49128,Plumbing,"SHOWER, LAVATORY AND WATER CLOSET",$0,Issued,05-05-2025,05-05-2025,"G Tech Smart dba G Tech Smart Remodeling"
"9732 Olive Street, Temple City, California 91780",8589-003-032,P25-49134,Plumbing,"KITCHEN REMODEL REPLACE DISHWASHER AND SINK",$0,Issued,05-05-2025,05-05-2025,"B X D Construction Inc."
"5648 Cambury Avenue Unit B, Temple City, California 91780",8588-013-003,B25-48371,Building,"CONVERT EXISTING WORKSHOP 343 SQ.FT. ADD 456 SQ.FT. INTO 799 SQ.FT. ACCESSORY DWELLING UNIT: TWO BEDROOMS, TWO BATHROOMS, KITCHEN AND LIVING ROOM","$110,000",Issued,01-23-2025,05-06-2025,"Y W Rising Builder Inc."
"9229 Key West Street, Temple City, California 91780",8590-027-017,B25-49025,Building,"INSTALL (AGGREGATE ESS 9.7 KWH * 1 = 9.7 KWH) (19) ROOF MOUNTED PV SOLAR MODULES, (1) SOLAREDGE HOME HUB SE7600H-US INVERTER (S) (240V). (19) DC/DC OPTIMIZERS. (1) SOLAREDGE HOME BATTERY (BAT-10K1PSOB-02) (UNIT: 9.7KWH). ESS SYSTEM","$10,000",Finaled,04-22-2025,05-06-2025,"Gaps Invest Inc. dba Sun & Power"
"6015 Encinita Avenue, Temple City, California 91780",5384-013-024,B25-49028,Building,"INSTALL ROOF MOUNTED PV SYSTEM 11.89 KW, (29) MODULES (2) TESLA POWERWALL ESS & (1) 125A LOAD CENTER",$0,Issued,04-22-2025,05-06-2025,"Tesla Energy Operations Inc."
"10233 Green Street, Temple City, California 91780",8585-005-022,B25-49069,Building,"5.135KWDC (STC) ROOF MOUNTED PV SYSTEM (13) SOLAR PANELS WITH (1) TESLA POWERWALL 3","$32,000",Issued,04-28-2025,05-06-2025,"EJ Construction"
"5946 Avon Avenue, San Gabriel, California 91775",5386-012-047,B25-49150,Building,"TEAR OFF ROOF ON HOUSE 15 SQUARES. INSTALL NEW SYNTHETIC UNDERLAYMENT AND HAND NAIL LIFETIME CLASS ""A"" SHINGLES PITCH IS 5:12","$12,000",Issued,05-06-2025,05-06-2025,"Rexway Roofing Inc."
"5946 Avon Avenue, San Gabriel, California 91775",5386-012-047,B25-49151,Building,"TEAR OFF ROOF ON DETACHED GARGE 5 SQUARES. INSTALL NEW SYNTHETIC UNDERLAYMENT AND HAND NAIL LIFETIME CLASS ""A"" SHINGLES PITCH IS 5:12",$4000,Issued,05-06-2025,05-06-2025,"Rexway Roofing Inc."
"9569 Broadway Apt 1 - 8 , Temple City, California 91780",8588-005-050,B25-49153,Building,"TEAR OFF AND RE-ROOF INSTALL NEW PLYWOOD AND INSTALL SHINGLES","$28,000",Finaled,05-06-2025,05-06-2025,"Alt Roofing, Inc."
"6007 Primrose Avenue, Temple City, California 91780",5385-007-011,B25-49155,Building,"TEAR OFF EXISTING DETACHED GARAGE. INSTALL USB RADIANT AND 30 YEAR SHINGLES 5 SQUARES (GARAGE ONLY)",$4500,Finaled,05-06-2025,05-06-2025,"Golden West Roofing Services Inc."
"9229 Key West Street, Temple City, California 91780",8590-027-017,E25-49026,Electrical,"(1) SOLAREDGE HOME BATTERY (BAT-10K1PSOB-02) (UNIT: 9.7KWH). ESS SYSTEM",$0,Finaled,04-22-2025,05-06-2025,"Gaps Invest Inc. dba Sun & Power"
"6015 Encinita Avenue, Temple City, California 91780",5384-013-024,E25-49029,Electrical,"(2) TESLA POWERWALL ESS & (1) 125A LOAD CENTER",$0,Issued,04-22-2025,05-06-2025,"Tesla Energy Operations Inc."
"10233 Green Street, Temple City, California 91780",8585-005-022,E25-49070,Electrical,"(1) TESLA POWERWALL 3",$0,Issued,04-28-2025,05-06-2025,"EJ Construction"
"5648 Cambury Avenue Unit B , Temple City, California 91780",8588-013-003,E25-49138,Electrical,"(64) OUTLETS, (24) LIGHT FIXTURES, FAU/AC UNITS, RANGE HOOD, WASHING MACHINE, EXHAUST FANS WITH SUB-PANEL 100 AMP FOR THE DETACHED ACCESSORY DWELLING UNIT",$0,Issued,05-05-2025,05-06-2025,"Y W Rising Builder Inc."
"9020 Acaso Drive Unit B , Temple City, California 91780",5388-021-017,E25-49147,Electrical,"(12) BRANCH CIRCUITS, (22) OUTLETS, (14) LIGHT FIXTURES, GARBAGE DISPOSAL, DISHWASHER, RANGE HOOD, WASHING MACHINE, EXHAUST FANS, AC UNITS AND UPGRADE EXISTING 100 AMP ELECTRICAL PANEL TO 300 AMP DUAL GANG PANEL. 200 AMP FOR THE EXISTING MAIN HOUSE AND 100 AMP FOR THE ACCESSORY DWELLING UNIT",$0,Issued,05-06-2025,05-06-2025,"Dui Dui Inc."
"5622 Temple City Boulevard, Temple City, California 91780",8588-008-005,E25-49152,Electrical,"INSTALL (2) 100 AMP SUB-PANELS",$0,Finaled,05-06-2025,05-06-2025,"Electrowave Inc."
"5648 Cambury Avenue Unit B , Temple City, California 91780",8588-013-003,M25-49139,Mechanical,"INSTALL (1) MINI SPLIT SYSTEM AND VENTILATION FANS FOR THE DETACHED ACCESSORY DWELLING UNIT",$0,Issued,05-05-2025,05-06-2025,"Y W Rising Builder Inc."
"9020 Acaso Drive Unit B , Temple City, California 91780",5388-021-017,M25-49148,Mechanical,"INSTALL (2) MINI SPLIT SYSTEMS AND VENTILATION FANS FOR THE DETACHED ACCESSORY DWELLING UNIT",$0,Issued,05-06-2025,05-06-2025,"Dui Dui Inc."
"5648 Cambury Avenue, Temple City, California 91780",8588-013-003,MISC25-49141,Miscellaneous,"TO VERIFY COMPLIANCE: RESTORED THE NON-PERMITTED LIVING SPACE CONVERTED FROM THE GARAGE (715 SQ.FT.) BACK TO THE ORIGINAL SAME SIZE GARAGE",$0,Issued,05-05-2025,05-06-2025,"Y W Rising Builder Inc."
"5648 Cambury Avenue Unit B , Temple City, California 91780",8588-013-003,P25-49140,Plumbing,"SHOWERS, CLOTHES WASHER, LAVATORIES, SINK, WATER CLOSETS, WATER HEATER, GAS OUTLET, WATER MAIN AND CONNECT DETACHED ACCESSORY DWELLING UNIT TO PUBLIC SEWER",$0,Issued,05-05-2025,05-06-2025,"Y W Rising Builder Inc."
"9020 Acaso Drive Unit B, Temple City, California 91780",5388-021-017,P25-49149,Plumbing,"BATHTUB/SHOWER, DISHWASHER, CLOTHES WASHER, HOSE BIBB, LAVATORIES, SINK, PRESSURE REGULATOR, WATER CLOSETS, WATER HEATER, GAS OUTLETS, WATER MAIN AND CONNECT DETACHED ACCESSORY DWELLING UNIT TO PUBLIC SEWER",$0,Issued,05-06-2025,05-06-2025,"Dui Dui Inc."
"10541 Olive Street, Temple City, California 91780",8586-029-039,P25-49154,Plumbing,"REPLACE WATER MAIN",$0,Finaled,05-06-2025,05-06-2025,"Topete's Plumbing"
"5516 Mcculloch Avenue Unit A-B , Temple City, California 91780",8573-013-033,B24-46810,Building,"CONVERT FROM EXISTING 440 SQ.FT. ATTACHED 2-CAR GARAGE INTO ACCESSORY DWELLING UNIT: ONE BEDROOM, ONE BATHROOM, KITCHEN AND FRONT PORCH","$44,651.2",Issued,05-23-2024,05-07-2025,Owner-Builder
"9324 Lower Azusa Road, Temple City, California 91780",8592-003-051,B25-49114,Building,"ONE SET OF ILLUMINATED CHANNEL LETTERS WALL SIGN ""7 DAY ROOFING",$3000,Issued,05-05-2025,05-07-2025,"Nanjing Corp dba Sign Art Co."
"5439 Baldwin Avenue, Temple City, California 91780",8588-019-021,B25-49158,Building,"TEAR OFF AND RE-ROOF WITH GAF TIMBERLINE HDZ REFLECTORS PLUS COOL ROOF AGE SRI 21","$11,387",Finaled,05-07-2025,05-07-2025,"Neighborhood Roofing"
"9933 Workman Avenue, Temple City, California 91780",8587-030-024,B25-49159,Building,"VOLUNTARY FOUNDATION RETROFIT LADBS STANDARD PLAN DETAIL #7",$2900,Issued,05-07-2025,05-07-2025,"White Oak Construction"
"5439 Cloverly Avenue, Temple City, California 91780",8588-028-021,B25-49160,Building,"NEW COVERED FRONT PORCH",$4000,Issued,05-07-2025,05-07-2025,Owner-Builder
"5439 Cloverly Avenue, Temple City, California 91780",8588-028-021,B25-49161,Building,"REROOF OVER EXISTING WITH COMPOSITION SHINGLE (NO TEAR OFF)","$12,000",Issued,05-07-2025,05-07-2025,Owner-Builder
"10227 Green Street, Temple City, California 91780",8585-005-016,B25-49162,Building,"REPLACE ALL (14) WINDOWS AND (1) FRONT DOOR LIKE FOR LIKE",$8500,Issued,05-07-2025,05-07-2025,Owner-Builder
"9177 Las Tunas Drive #A-B , Temple City, California 91780",5387-016-002,B25-49163,Building,"BUILD DISPLAY AREA FOR KITCHEN AND BATH FIXTURES (NONE WILL BE WORKING FIXTURES) LIGHTS INSTALLED ABOVE",$2000,Issued,05-07-2025,05-07-2025,"Sierra Azure Construction Corp."
"5370 El Monte Avenue, Temple City, California 91780",8573-003-022,B25-49167,Building,"INSTALL PV + ESS SYSTEM SIZE: 6.000 KW DC MODULE TYPE & COUNT: (15) CERTAINTEED CTM10400HC11-09INVERTER : (1) SOLAREDGE SE7600H-USOPTIMIZER (15) SOLAREDGE S500BATTERY: (1) SOLAREDGE HOME BATTERY 10KW",$0,Issued,05-07-2025,05-07-2025,"Solar Price Discovery Inc. dba Solar Discovery"
"9324 Lower Azusa Road, Temple City, California 91780",8592-003-051,E25-49157,Electrical,"ONE SET OF ILLUMINATED CHANNEL LETTERS WALL SIGN ""7 DAY ROOFING",$0,Issued,05-07-2025,05-07-2025,"Nanjing Corp dba Sign Art Co."
"9177 Las Tunas Drive #A-B , Temple City, California 91780",5387-016-002,E25-49164,Electrical,"(3) OUTLETS AND (12) LIGHT FIXTURES",$0,Issued,05-07-2025,05-07-2025,"Sierra Azure Construction Corp."
"9858 Flaherty Street, Temple City, California 91780",5385-026-004,E25-49166,Electrical,"MAIN HOUSE PANEL UPGRADE FROM 100 AMP TO 200 AMP",$0,Issued,05-07-2025,05-07-2025,"Potato Construction Inc."
"5370 El Monte Avenue, Temple City, California 91780",8573-003-022,E25-49168,Electrical,"(1) SOLAREDGE HOME BATTERY 10KW",$0,Issued,05-07-2025,05-07-2025,"Solar Price Discovery Inc. dba Solar Discovery"
"5920 Hart Avenue, Temple City, California 91780",5384-014-001,P25-49165,Plumbing,"WATER MAIN LINE FOR A FILTRATION SYSTEM REROUTE",$0,Issued,05-07-2025,05-07-2025,"Western Supreme Rooter Inc."
"5022 Rio Hondo Avenue, Temple City, California 91780",8590-026-012,B25-48282,Building,"ADD 418 SQ.FT. TO THE EXISTING 1621 SQ.FT. ONE-STORY HOUSE. REMODEL 1490 SQ.FT. OF INTERIOR REMODEL. COVERED PORCH, COVERED PATIO AND 222 SQ.FT. TO EXISTING GARAGE TO TWO AND RECONFIGURE THE ROOF TO ACCOMMODATE THE NEW ADDITION","$171,003.04",Issued,01-13-2025,05-08-2025,"ABP Global Inc."
"5322 Buttons Avenue Unit A , Temple City, California 91780",8590-004-028,B25-49173,Building,"TEAR OFF RE-ROOF SHINGLE MIDNIGHT COOL ROOF","$16,000",Issued,05-08-2025,05-08-2025,"Milestone Construction Inc."
"5022 Rio Hondo Avenue, Temple City, California 91780",8590-026-012,E25-49169,Electrical,"(15) BRANCH CIRCUITS, (4) BRANCH CIRCUITS LIGHTING (60) OUTLETS, (35) LIGHT FIXTURES, FAU/AC UNITS, GARBAGE DISPOSAL, DISHWASHER, RANGE HOOD, WASHING MACHINE, EXHAUST FANS.",$0,Issued,05-08-2025,05-08-2025,"ABP Global Inc."
"5022 Rio Hondo Avenue, Temple City, California 91780",8590-026-012,M25-49170,Mechanical,"INSTALL HVAC SYSTEM, AIR INLETS, VENTILATION FANS AND ALTERATION OF EXISTING DUCT SYSTEM",$0,Issued,05-08-2025,05-08-2025,"ABP Global Inc."
"5022 Rio Hondo Avenue, Temple City, California 91780",8590-026-012,P25-49171,Plumbing,"BATHTUBS, CLOTHES WASHER, DISHWASHER, LAVATORIES, SINK, WATER CLOSET, WATER HEATER, GAS OUTLET AND WATER MAIN",$0,Issued,05-08-2025,05-08-2025,"ABP Global Inc."
"10543 Olive Street, Temple City, California 91780",8586-029-040,P25-49172,Plumbing,"REPLACE WATER MAIN",$0,Finaled,05-08-2025,05-08-2025,"Topete's Plumbing"
"5219 Farago Avenue, Temple City, California 91780",8574-008-022,B24-47870,Building,"INTERIOR REMODEL 1585 SQ.FT. OF KITCHEN, LIVING ROOM, FAMILY ROOM BATHROOM AND 929 SQ.FT. ADDITION OF TWO BEDROOMS, TWO BATHROOMS, ENLARGE FRONT DINING AREA AND FRONT ENTRY PORCH","$240,119.5",Issued,11-05-2024,05-12-2025,Owner-Builder
"10928 Wildflower Road Unit B , Temple City, California 91780",8573-034-011,B25-48779,Building,"CONVERT 363 SQ.FT. OF EXISTING DETACHED TWO-GARAGE AND ADD 436 SQ.FT. INTO 799 SQ.FT. DETACHED ACCESSORY DWELLING UNIT: TWO BEDROOMS, TWO BATHROOMS, KITCHEN & LIVING ROOM","$109,069.36",Issued,03-18-2025,05-12-2025,"Bruce Lei Construction Inc."
"5609 Welland Avenue, Temple City, California 91780",8573-015-009,B25-49174,Building,"TEAR OFF EXISTING ROOF. INSTALL TITLE 24 COOL ROOF SHINGLE","$15,000",Issued,05-12-2025,05-12-2025,"Local Roofer Inc."
"5611 Welland Avenue, Temple City, California 91780",8573-015-009,B25-49175,Building,"TEAR OFF EXISTING ROOF. INSTALL TITLE 24 COOL ROOF SHINGLE","$15,000",Issued,05-12-2025,05-12-2025,"Local Roofer Inc."
"5613 Welland Avenue, Temple City, California 91780",8573-015-009,B25-49176,Building,"TEAR OFF EXISTING ROOF. INSTALL TITLE 24 COOL ROOF SHINGLE","$15,000",Issued,05-12-2025,05-12-2025,"Local Roofer Inc."
"5609 - 5613 Welland Avenue, Temple City, California 91780",8573-015-009,B25-49177,Building,"DETACHED GARAGE - TEAR OFF EXISTING ROOF. INSTALL TITLE 24 COOL ROOF SHINGLE",$5000,Issued,05-12-2025,05-12-2025,"Local Roofer Inc."
"6261 Golden West Avenue, Temple City, California 91780",5385-021-008,B25-49178,Building,"TO COMPLETE FINAL INSPECTION SEE ALSO PERMIT # B20- 39906 FOR A NEW 2-STORY SFD: 4 BEDROOMS, 4.5 BATHROOMS, ATTACHED 3-CAR GARAGE COVERED PORCH AND COVERED PATIO",$0,Issued,05-12-2025,05-12-2025,"Jaden & Son Construction, Inc."
"5621 Mcculloch Avenue, Temple City, California 91780",8573-011-024,B25-49183,Building,"BATHROOM REMODEL #1 LIKE FOR LIKE","$15,000",Issued,05-12-2025,05-12-2025,Owner-Builder
"6215 Rowland Avenue, Temple City, California 91780",5385-025-026,B25-49191,Building,"REMOVE THE EXISTING LAYER ON THE FRONT OF THE 1-STORY HOUSE. THE SHEATHING WILL BE REPLACED AS NEEDED. A LAYER OF SYNTHETIC FELT WILL BE NAILED TO THE DECK FOLLOWED BY THE INSTALLATION OF CLASS ""A"" COMP SHINGLES","$12,000",Finaled,05-12-2025,05-12-2025,"PRS Roofing Inc."
"6261 Golden West Avenue, Temple City, California 91780",5385-021-008,E25-49179,Electrical,"TO COMPLETE FINAL INSPECTION SEE ALSO PERMIT # E22-42622 FOR ELECTRICAL FOR A NEW SINGLE FAMILY DWELLING WITH A 200 AMP SERVICE PANEL",$0,Issued,05-12-2025,05-12-2025,"Jaden & Son Construction, Inc."
"5621 Mcculloch Avenue, Temple City, California 91780",8573-011-024,E25-49184,Electrical,"(2) OUTLETS, (3) LIGHT FIXTURES AND EXHAUST FAN FOR BATHROOM REMODEL #1",$0,Issued,05-12-2025,05-12-2025,Owner-Builder
"5219 Farago Avenue, Temple City, California 91780",8574-008-022,E25-49187,Electrical,"TEMPORARY POWER POLE",$0,Issued,05-12-2025,05-12-2025,Owner-Builder
"5219 Farago Avenue, Temple City, California 91780",8574-008-022,E25-49188,Electrical,"(25) OUTLETS, (20) LIGHT FIXTURES, ELECTRIC OVEN, GARBAGE DISPOSAL, DISHWASHER, RANGE HOOD, WASHING MACHINE, EXHAUST FAN. HEAT PUMP/AC UNITS AND UPGRADE TO 200 AMP SERVICE PANEL",$0,Issued,05-12-2025,05-12-2025,Owner-Builder
"10928 Wildflower Road Unit B , Temple City, California 91780",8573-034-011,E25-49200,Electrical,"(50) OUTLETS, (21) LIGHTS FIXTURES, FAU/AC UNITS, GARBAGE DISPOSAL, RANGE HOOD, WASHING MACHINE, EXHAUST FANS WITH 100 AMP SERVICE PANEL FOR THE DETACHED ACCESSORY DWELLING UNIT",$0,Issued,05-12-2025,05-12-2025,"Bruce Lei Construction Inc."
"5827 Alessandro Avenue, Temple City, California 91780",8587-002-007,E25-49203,Electrical,"NEW WROUGHT IRON ELECTRICAL GATE/FENCE IN THE FRONT YARD",$0,Finaled,05-12-2025,05-12-2025,Owner-Builder
"6261 Golden West Avenue, Temple City, California 91780",5385-021-008,G25-49180,Grading,"TO COMPLETE FINAL INSPECTION SEE ALSO PERMIT # G21-40924 FOR GRADING FOR A NEW SINGLE FAMILY DWELLING",$0,Issued,05-12-2025,05-12-2025,"Jaden & Son Construction, Inc."
"6261 Golden West Avenue, Temple City, California 91780",5385-021-008,M25-49181,Mechanical,"TO COMPLETE FINAL INSPECTION SEE ALSO PERMIT # M22-42623 TO INSTALL TWO HVAC SYSTEMS, AIR INLETS, APPLIANCE VENTS, VENTILATION FANS FOR A NEW SINGLE FAMILY DWELLING",$0,Issued,05-12-2025,05-12-2025,"Jaden & Son Construction, Inc."
"5621 Mcculloch Avenue, Temple City, California 91780",8573-011-024,M25-49185,Mechanical,"INSTALL VENTILATION FAN FOR BATHROOM REMODEL #1",$0,Issued,05-12-2025,05-12-2025,Owner-Builder
"5219 Farago Avenue, Temple City, California 91780",8574-008-022,M25-49189,Mechanical,"INSTALL HVAC SYSTEM, AIR INLETS AND VENTILATION FANS",$0,Issued,05-12-2025,05-12-2025,Owner-Builder
"10928 Wildflower Road UNIT B , Temple City, California 91780",8573-034-011,M25-49201,Mechanical,"INSTALL HVAC SYSTEM, AIR INLETS AND VENTILATIONS FANS FOR THE DETACHED ACCESSORY DWELLING UNIT",$0,Issued,05-12-2025,05-12-2025,"Bruce Lei Construction Inc."
"6261 Golden West Avenue, Temple City, California 91780",5385-021-008,P25-49182,Plumbing,"TO COMPLETE FINAL INSPECTION SEE ALSO PERMIT # P22-42624 FOR PLUMBING FOR A NEW SINGLE FAMILY DWELLING AND CONNECT TO PUBLIC SEWER",$0,Issued,05-12-2025,05-12-2025,"Jaden & Son Construction, Inc."
"5621 Mcculloch Avenue, Temple City, California 91780",8573-011-024,P25-49186,Plumbing,"BATHTUB/SHOWER AND LAVATORIE, DRAINAGE/VENT, AND REPIPE (1) PLUMBING FIXTURE FOR BATHROOM REMODEL #1",$0,Issued,05-12-2025,05-12-2025,Owner-Builder
"5219 Farago Avenue, Temple City, California 91780",8574-008-022,P25-49190,Plumbing,"SHOWERS, CLOTHES WASHER, DISHWASHER, HOSE BIBBS, LAVATORIES, SINK, WATER CLOSETS, WATER HEATER, GAS OUTLETS, DRAINAGE/VENTS AND WATER MAIN",$0,Issued,05-12-2025,05-12-2025,Owner-Builder
"9661 Olive Street Unit B , Temple City, California 91780",8588-024-022,P25-49192,Plumbing,"CHANGE WATER HEATER TO TANKLESS",$0,Issued,05-12-2025,05-12-2025,Owner-Builder
"10928 Wildflower Road Unit B , Temple City, California 91780",8573-034-011,P25-49202,Plumbing,"BATHTUB/SHOWER, CLOTHES WASHER, HOSE BIBB, LAVATORIES, SINK, WATER CLOSETS, WATER HEATER, GAS OUTLETS, WATER MAIN AND CONNECT THE DETACHED ACCESSORY DWELLING UNIT TO THE PUBLIC SEWER",$0,Issued,05-12-2025,05-12-2025,"Bruce Lei Construction Inc."
"6057 Primrose Avenue, Temple City, California 91780",5385-007-001,B25-49205,Building,"REMOVE ONE LAYER OF THE ROOF AND REROOF 45 SQ'S AND INSTALL NEW OWENS CORNING SIERRA GRAY","$18,000",Issued,05-13-2025,05-13-2025,"A.R.M. Roofing Specialists, Inc."
"5826 Tree Rose Terrace, San Gabriel, California 91775",5387-007-028,B25-49207,Building,"TEAR OFF EXISTING ROOF. INSTALL NEW PLYWOOD AND REROOF WITH COMPO SHINGLES","$16,500",Finaled,05-13-2025,05-13-2025,"Santana Design & Build"
"10014 Green Street, Temple City, California 91780",8585-007-038,B25-49208,Building,"TEAR OFF OLD ROOF ON FIRST FLOOR ONLY AND REROOF WITH COMPO SHINGLES",$2250,Issued,05-13-2025,05-13-2025,Owner-Builder
"5843 North Muscatel Avenue, San Gabriel, California 91775",5387-007-010,B25-49210,Building,"7.29 KW DC SYSTEM - ROOF MOUNTED PV (18) MODULES WITH TESLA POWERWALL 3",$0,Issued,05-13-2025,05-13-2025,"Freedom Forever Southern California LLC"
"4941 Birchland Place Unit A, Temple City, California 91780",8585-013-039,E25-49194,Electrical,"(4) BRANCH CIRCUITS, (6) BRANCH CIRCUITS LIGHTING, (15) LIGHT FIXTURES, GARBAGE DISPOSAL, RANGE HOOD AND EXHAUST FANS",$0,Issued,05-12-2025,05-13-2025,Owner-Builder
"4941 Birchland Place Unit B , Temple City, California 91780",8585-013-039,E25-49197,Electrical,"ELECTRICAL FOR A NEW DETACHED ACCESSORY DWELLING UNIT WITH 200 AMP SERVICE PANEL",$0,Issued,05-12-2025,05-13-2025,Owner-Builder
"6415 Livia Avenue, Temple City, California 91780",5382-019-032,E25-49204,Electrical,"UPGRADE SERVICE PANEL FROM 100 AMP TO 200 AMP AND INSTALL A 240V 50 AMP EV CHARGER OUTLET NEARBY THE PANEL",$0,Issued,05-13-2025,05-13-2025,"JBL Electrical & Energy Inc."
"5843 North Muscatel Avenue, San Gabriel, California 91775",5387-007-010,E25-49211,Electrical,"TESLA POWERWALL 3",$0,Issued,05-13-2025,05-13-2025,"Freedom Forever Southern California LLC"
"4941 Birchland Place Unit A , Temple City, California 91780",8585-013-039,M25-49195,Mechanical,"INSTALL VENTILATION FANS",$0,Issued,05-12-2025,05-13-2025,Owner-Builder
"4941 Birchland Place Unit B , Temple City, California 91780",8585-013-039,M25-49198,Mechanical,"INSTALL HVAC SYSTEM, AIR INLETS AND VENTILATION FANS FOR THE DETACHED ACCESSORY DWELLING UNIT",$0,Issued,05-12-2025,05-13-2025,Owner-Builder
"4941 Birchland Place Unit A , Temple City, California 91780",8585-013-039,P25-49196,Plumbing,"SHOWER, LAVATORIE AND WATER CLOSET",$0,Issued,05-12-2025,05-13-2025,Owner-Builder
"4941 Birchland Place Unit B , Temple City, California 91780",8585-013-039,P25-49199,Plumbing,"PLUMBING FOR THE DETACHED ACCESSORY DWELLING UNIT AND CONNECT TO PUBLIC SEWER",$0,Issued,05-12-2025,05-13-2025,Owner-Builder
"6164 Sultana Avenue Unit B , Temple City, California 91780",5384-008-012,B25-48589,Building,"NEW 625 SQ.FT. DETACHED ACCESSORY DWELLING UNIT: ONE BEDROOM, ONE BATHROOM, KITCHEN, LIVING, DINING ROOM AND COVERED OPEN PORCH IN FRONT","$104,891.74",Issued,02-18-2025,05-14-2025,Owner-Builder
"5056 Sultana Avenue Unit B , Temple City, California 91780",5388-017-007,B25-48960,Building,"NEW 800 SQ.FT. DETACHED ACCESSORY DWELLING UNIT: TWO BEDROOMS, TWO BATHROOMS, KITCHEN AND 15 SQ.FT. FRONT PORCH","$200,000",Issued,04-15-2025,05-14-2025,"Aligcus Construction LLC"
"10218 Nadine Street Unit A , Temple City, California 91780",8586-026-015,B25-49032,Building,"ADDITION OF 729 SQ.FT. ONE BEDROOM, TWO BATHROOMS, 60 SQ.FT. FRONT PORCH AND DEMOLISH EXISTING SUNROOM","$150,000",Issued,04-23-2025,05-14-2025,Owner-Builder
"6226 Ivar Avenue, Temple City, California 91780",5384-001-012,B25-49213,Building,"VOLUNTARY SEISMIC RETROFIT PER LADBS STANDARD PLAN DETAIL #7",$3000,Finaled,05-14-2025,05-14-2025,"The Golden Throne Corp. dba Golden Retrofit"
"4844 Fratus Drive, Temple City, California 91780",8590-028-001,B25-49215,Building,"TEAR OFF AND REROOF MAIN HOUSE AND ATTACHED GARAGE 25 SQUARES OF SHINGLES NO SHEATHING","$14,000",Issued,05-14-2025,05-14-2025,"American Development Group Inc. dba A D G Roofing & Construction"
"10112 Lynrose Street, Temple City, California 91780",8586-019-027,B25-49218,Building,"BATHROOM ADDITION, BATHROOM REMODEL AND CHANGE EXISTING WINDOW INTO DOOR","$50,000",Issued,05-14-2025,05-14-2025,Owner-Builder
"6215 Rowland Avenue, Temple City, California 91780",5385-025-026,B25-49227,Building,"SUPPLEMENTAL PERMIT SEE ALSO PERMIT # B25-49191 FOR THE DETACHED GARAGE TO REMOVE THE EXISTING LAYER ON THE SHEATHING WILL BE REPLACED AS NEEDED. A LAYER OF SYNTHETIC FELT WILL BE NAILED TO THE DECK FOLLOWED BY THE INSTALLATION OF CLASS ""A"" COMP SHINGLES (HOUSE 25 SQ.FT. AND DETACHED GARAGE 4 SQ.FT.)",$0,Issued,05-14-2025,05-14-2025,"PRS Roofing Inc."
"5056 Sultana Avenue, Temple City, California 91780",5388-017-007,D25-49223,Demolition,"DEMOLISH EXISTING GARAGE 532 SQ.FT. AND PORCH 264 SQ.FT.",$0,Issued,05-14-2025,05-14-2025,"Aligcus Construction LLC"
"9426 Las Tunas Drive, Temple City, California 91780",8587-006-011,E25-49217,Electrical,"INSTALL (4) LIGHT FIXTURES",$0,Finaled,05-14-2025,05-14-2025,Owner-Builder
"10112 Lynrose Street, Temple City, California 91780",8586-019-027,E25-49219,Electrical,"(2) OUTLETS AND (2) LIGHT FIXTURES",$0,Issued,05-14-2025,05-14-2025,Owner-Builder
"5056 Sultana Avenue Unit B, Temple City, California 91780",5388-017-007,E25-49224,Electrical,"ELECTRICAL FOR A NEW DETACHED ACCESSORY DWELLING UNIT WITH 100 AMP SUB-PANEL",$0,Issued,05-14-2025,05-14-2025,"Aligcus Construction LLC"
"5618 Sultana Avenue, Temple City, California 91780",5387-025-019,E25-49228,Electrical,"UPGRADE PANEL TO 200 AMP SERVICE",$0,Finaled,05-14-2025,05-14-2025,"LA Electrical & Construction Inc."
"10112 Lynrose Street, Temple City, California 91780",8586-019-027,M25-49220,Mechanical,"INSTALL (1) VENTILATION FAN",$0,Issued,05-14-2025,05-14-2025,Owner-Builder
"5056 Sultana Avenue Unit B , Temple City, California 91780",5388-017-007,M25-49225,Mechanical,"INSTALL (3) MINI SPLIT SYSTEMS AND VENTILATION FANS FOR THE NEW DETACHED ACCESSORY DWELLING UNIT",$0,Issued,05-14-2025,05-14-2025,"Aligcus Construction LLC"
"9426 Las Tunas Drive, Temple City, California 91780",8587-006-011,MISC25-49216,Miscellaneous,"TO VERIFY COMPLIANCE: TO REMOVE UNPERMITTED WALL AND TWO OUTLETS",$0,Finaled,05-14-2025,05-14-2025,Owner-Builder
"10218 Nadine Street, Temple City, California 91780",8586-026-015,MISC25-49222,Miscellaneous,"TO VERIFY COMPLIANCE: TO REMOVE FRONT PORCH AND SUNROOM",$0,Issued,05-14-2025,05-14-2025,Owner-Builder
"10112 Lynrose Street, Temple City, California 91780",8586-019-027,P25-49221,Plumbing,"BATHTUB/SHOWERS, LAVATORIES AND WATER CLOSET",$0,Issued,05-14-2025,05-14-2025,Owner-Builder
"5056 Sultana Avenue Unit B , Temple City, California 91780",5388-017-007,P25-49226,Plumbing,"PLUMBING FOR A NEW DETACHED ACCESSORY DWELLING UNIT AND CONNECT TO PUBLIC SEWER",$0,Issued,05-14-2025,05-14-2025,"Aligcus Construction LLC"
"5827 1/2 Temple City Boulevard, Temple City, California 91780",8587-015-008,B25-48210,Building,"TENANT IMPROVEMENT FOR A HAIR SPA TO BUILD (2) TREATMENT ROOMS (1) FACIAL ROOM (1) LAUNDRY ROOM. MAKE EXISTING RESTROOM TO BE ADA (1) RECEPTION DESK AREA (1) WAITING AREA (1) HAIR DRYER AREA","$61,000",Issued,01-06-2025,05-15-2025,"Diamond Q Construction, Inc."
"4946 Camellia Avenue, Temple City, California 91780",8589-017-015,B25-49232,Building,"TEAR OFF ROOF ON HOUSE. INSTALL NEW SYNTHETIC UNDERLAYMENT AND HAND NAIL LIFE TIME CLASS ""A"" GAF, REFLECTOR SERIES SHINGLES. COLOR IS CHARCOAL CRRC: 0676-0153. SRI: 0.20","$18,000",Issued,05-15-2025,05-15-2025,"Rexway Roofing Inc."
"4946 Camellia Avenue, Temple City, California 91780",8589-017-015,B25-49233,Building,"TEAR OFF ROOF ON DETACHED GARAGE. INSTALL NEW SYNTHETIC UNDERLAYMENT AND HAND NAIL LIFE TIME CLASS ""A"" GAF, REFLECTOR SERIES SHINGLES. COLOR IS CHARCOAL CRRC: 0676-0153. SRI: 0.20",$3000,Issued,05-15-2025,05-15-2025,"Rexway Roofing Inc."
"5345 Loma Avenue, Temple City, California 91780",5388-007-005,B25-49234,Building,"TEAR OFF ROOF ON HOUSE. INSTALL 3/16: OSB PLYWOOD AS NEEDED. NEW SYNTHETIC UNDERLAYMENT AND HAND NAIL LIFE TIME, CLASS ""A"" GAF REFLECTOR SERIES SHINGLES COLOR IS CHARCOAL. CRRC: 0676-0153 SRI: 020","$19,000",Issued,05-15-2025,05-15-2025,"Rexway Roofing Inc."
"5345 Loma Avenue, Temple City, California 91780",5388-007-005,B25-49235,Building,"TEAR OFF ROOF ON DETACHED GARAGE. INSTALL 3/16: OSB PLYWOOD AS NEEDED. NEW SYNTHETIC UNDERLAYMENT AND HAND NAIL LIFE TIME, CLASS ""A"" GAF REFLECTOR SERIES SHINGLES COLOR IS CHARCOAL. CRRC: 0676-0153 SRI: 020",$3000,Issued,05-15-2025,05-15-2025,"Rexway Roofing Inc."
"6323 Primrose Avenue, Temple City, California 91780",5382-022-045,B25-49236,Building,"TEAR OFF ROOF ON HOUSE. INSTALL NEW SYNTHETIC UNDERLAYMENT AND HAND NAIL LIFE TIME, CLASS ""A"" OWENS CORNING, COOL SERIES SHINGLES. CRRC: 0890-0012 SRI: 0.23 COLOR IS OYSTER SHELL","$13,000",Issued,05-15-2025,05-15-2025,"Rexway Roofing Inc."
"6323 Primrose Avenue, Temple City, California 91780",5382-022-045,B25-49237,Building,"TEAR OFF ROOF ON DETACHED GARAGE. INSTALL NEW SYNTHETIC UNDERLAYMENT AND HAND NAIL LIFE TIME, CLASS ""A"" OWENS CORNING, COOL SERIES SHINGLES. CRRC: 0890-0012 SRI: 0.23 COLOR IS OYSTER SHELL",$3000,Issued,05-15-2025,05-15-2025,"Rexway Roofing Inc."
"8718 Longden Avenue, San Gabriel, California 91775",5386-006-023,B25-49238,Building,"TEAR OFF REROOF 19 SQ'S. REPLACE SHEATHING IF NEEDED. INSTALL COMP SHINGLES BLACK DUST CRRC #: 0850-0071",$9000,Issued,05-15-2025,05-15-2025,"Level Up Roofing"
"5827 1/2 Temple City Boulevard, Temple City, California 91780",8587-015-008,E25-48211,Electrical,"ELECTRICAL TENANT IMPROVEMENT - (24) OUTLETS, (12) LIGHT FIXTURES AND WASHER/DRYER",$0,Issued,01-06-2025,05-15-2025,"Diamond Q Construction, Inc."
"5827 1/2 Temple City Boulevard, Temple City, California 91780",8587-015-008,P25-48212,Plumbing,"PLUMBING TENANT IMPROVEMENT - (1) CLOTHES WASHER, (8) SINKS, WATER CLOSET AND TANKLESS WATER HEATER",$0,Issued,01-06-2025,05-15-2025,"Diamond Q Construction, Inc."
"10938 Wildflower Road, Temple City, California 91780",8573-034-009,B25-49241,Building,"TEAR OFF TILE ON HOUSE AND ATTACHED GARAGE - 1500 SQ.FT. AREA AND REPLACE ENTIRE ROOF WITH TESLA MANUFACTURED UNDERLAYMENT IN PREPARATION FOR SOLAR TILE ROOF","$10,500",Issued,05-15-2025,05-19-2025,"Home Upgrade Specialist"
"5016 Sultana Avenue Unit A-B , Temple City, California 91780",5388-016-013,B25-49247,Building,"TO COMPLETE WORK STARTED UNDER PERMIT # B20-39518 TO CONVERT EXISTING ENCLOSED PATIO INTO FAMILY ROOM, CONVERT COVERED OPEN SPACE INTO BATHROOM, (N) BATHROOM AND ATTACHED ACCESSORY DWELLING UNIT: ONE BEDROOM, ONE BATHROOM, KITCHEN AND COVERED PATIO",$0,Issued,05-19-2025,05-19-2025,Owner-Builder
"6052 Temple City Boulevard, Temple City, California 91780",5385-014-020,B25-49251,Building,"REMOVE OLD ROOF AND REPLACE WITH TORCH DOWN ROOFING MATERIAL. THE ROOM WITH SLOPE ROOF WAS REPLACED WITH SHINGLES, SAME AS THE FRONT PATIO OVER HAUG","$19,000",Issued,05-19-2025,05-19-2025,Owner-Builder
"10560 Danbury Street, Temple City, California 91780",8586-011-047,B25-49253,Building,"FULL SEISMIC RETROFIT PER LADBS STANDARD PLAN 1 DETAIL #7 AND INSTALL (4) NEW POST & PIERS TO FOUNDATION PER ENGINEER DETAIL",$4000,Issued,05-19-2025,05-19-2025,"Professional Foundation Repair & Construction, Inc."
"6057 Primrose Avenue, Temple City, California 91780",5385-007-001,B25-49258,Building,"SUPPLEMENTAL PERMIT FOR THE DETACHED GARAGE SEE ALSO PERMIT #B25-49205 TO REMOVE ONE LAYER OF THE ROOF AND REROOF 45 SQ'S AND INSTALL NEW OWENS CORNING SIERRA GRAY",$0,Issued,05-19-2025,05-19-2025,"A.R.M. Roofing Specialists, Inc."
"10938 Wildflower Road, Temple City, California 91780",8573-034-009,E25-49242,Electrical,"MAIN PANEL UPGRADE - REPLACE OLD 125A MAIN PANEL WITH A NEW 200A MAIN PANEL",$0,Issued,05-15-2025,05-19-2025,"Home Upgrade Specialist"
"9701 Las Tunas Drive, Temple City, California 91780",8587-025-906,E25-49244,Electrical,"INSTALL WALL MOUNTED EV CHARGER STATION",$0,Issued,05-19-2025,05-19-2025,"Charles Contreras Electrical Services"
"10144 Bogue Street, Temple City, California 91780",8586-017-900,E25-49245,Electrical,"INSTALL WALL MOUNTED EV CHARGER STATION",$0,Issued,05-19-2025,05-19-2025,"Charles Contreras Electrical Services"
"9167 La Rosa Drive, Temple City, California 91780",5388-009-902,E25-49246,Electrical,"INSTALL WALL MOUNTED EV CHARGER STATION",$0,Issued,05-19-2025,05-19-2025,"Charles Contreras Electrical Services"
"5016 Sultana Avenue Unit A-B , Temple City, California 91780",5388-016-013,E25-49248,Electrical,"TO COMPLETE WORK STARTED UNDER PERMITS # E22-43185 & E24-46134 FOR 30 OUTLETS, 12 LIGHT FIXTURES, GARBAGE DISPOSAL, DISH WASHER, RANGE HOOD, WASHING MACHINE, EXHAUST FANS, HEAT PUMP AND AC UNITS FOR ADDITION AND ATTACHED ACCESSORY DWELLING UNIT AND 200 AMP SERVICE PANEL",$0,Issued,05-19-2025,05-19-2025,Owner-Builder
"10938 Wildflower Road, Temple City, California 91780",8573-034-009,M25-49243,Mechanical,"HVAC CHANGEOUT - REPLACING EXISTING SYSTEM WITH A NEW 3-TON HEAT PUMP SPLIT SYSTEM, LIKE FOR LIKE. ADDITIONALLY, INSTALL A 12,000 BTU SINGLE ZONE MINI SPLIT (1 OUTDOOR CONDENSER + 1 INDOOR AIR HANDLER)",$0,Issued,05-15-2025,05-19-2025,"Home Upgrade Specialist"
"5016 Sultana Avenue Unit A-B , Temple City, California 91780",5388-016-013,M25-49249,Mechanical,"TO COMPLETE WORK STARTED UNDER PERMIT # M22-43186 TO INSTALL TWO MINI SPLIT SYSTEMS FOR ADDITION AND ACCESSORY DWELLING UNIT",$0,Issued,05-19-2025,05-19-2025,Owner-Builder
"5426 Cloverly Avenue, Temple City, California 91780",8588-026-005,M25-49254,Mechanical,"TO REPLACE ROOFTOP CONDENSER WITH NEW CONDENSER (NEW UNIT WILL BE SCREENED)",$0,Issued,05-19-2025,05-19-2025,"Middleridge Concepts Inc. dba Bryant Heating & Air Conditioning"
"5826 Rowland Avenue, Temple City, California 91780",8587-033-007,M25-49255,Mechanical,"TO REPLACE EXISTING CONDENSER",$0,Issued,05-19-2025,05-19-2025,"Middleridge Concepts Inc. dba Bryant Heating & Air Conditioning"
"5016 Sultana Avenue Unit A-B , Temple City, California 91780",5388-016-013,P25-49250,Plumbing,"TO COMPLETE WORK STARTED UNDER PERMIT # P22-43187 FOR BATHTUB/SHOWERS, CLOTHES WASHER, DISHWASHER, HOSE BIBB, LAVATORIES, SINK WATER CLOSET, WATER HEATER, GAS OUTLETS, WATER MAIN FOR ADDITION AND CONNECT ACCESSORY DWELLING UNIT TO PUBLIC SEWER",$0,Issued,05-19-2025,05-19-2025,Owner-Builder
"5609 Robinhood Avenue, Temple City, California 91780",8586-021-025,P25-49252,Plumbing,"REPLACE MAIN WATER LINE FROM HOUSE TO METER",$0,Issued,05-19-2025,05-19-2025,Owner-Builder
"5533 Encinita Avenue, Temple City, California 91780",5387-020-020,P25-49256,Plumbing,"RUN GAS LINE FOR APPROX. 80'",$0,Issued,05-19-2025,05-19-2025,"Gl Pro Remodeling"
"5535 Encinita Avenue, Temple City, California 91780",5387-020-020,P25-49257,Plumbing,"RUN GAS LINE FOR APPROX. 120'",$0,Issued,05-19-2025,05-19-2025,"Gl Pro Remodeling"
"5535 Encinita Avenue, Temple City, California 91780",5387-020-020,B25-49229,Building,"INSTALLING 2.340 KW ROOF MOUNTED PV SOLAR SYSTEM (6) MOUNTED SOLAR PANELS",$6000,Issued,05-14-2025,05-20-2025,"LS Assessment, Inc. dba LS Remodeling"
"8814 Garibaldi Avenue, San Gabriel, California 91780",5386-011-031,B25-49259,Building,"HOUSE - TEAR OFF EXISTING SHINGLE ROOF SYSTEM, AND HAUL AWAY DEBRIS, INSTALL NEW SYNTHETIC UNDERLAYMENT MECHANICALLY ATTACHED. INSTALL NEW CALIFORNIA COOL ROOF SHINGLE PER MANUFACTURE SPEC.","$11,150",Issued,05-19-2025,05-20-2025,"Western States Roofing, Inc."
"8814 Garibaldi Avenue, San Gabriel, California 91780",5386-011-031,B25-49260,Building,"DETACHED GARAGE - TEAR OFF EXISTING SHINGLE ROOF SYSTEM, AND HAUL AWAY DEBRIS, INSTALL NEW SYNTHETIC UNDERLAYMENT MECHANICALLY ATTACHED. INSTALL NEW CALIFORNIA COOL ROOF SHINGLE PER MANUFACTURE SPEC.",$4000,Issued,05-19-2025,05-20-2025,"Western States Roofing, Inc."
"4941 Alessandro Avenue, Temple City, California 91780",8590-025-001,B25-49262,Building,"TEAR OFF EXISTING SHINGLE ROOF WITH NEW SHINGLES ROOF 2800 SQ.FT. AND REPLACE ATTIC INSULATION","$20,260",Issued,05-20-2025,05-20-2025,"Shih Management Inc."
"4840 Cloverly Avenue, Temple City, California 91780",8590-020-025,E25-49261,Electrical,"MAIN ELECTRICAL PANEL UPGRADE TO 200 AMP",$0,Issued,05-20-2025,05-20-2025,"GPRO Electric, Inc."
"5327 Pal Mal Avenue, Temple City, California 91780",8585-021-031,E25-49264,Electrical,"UPGRADE SERVICE PANEL FROM 100 AMP TO 200 AMP",$0,Issued,05-20-2025,05-20-2025,"Xi Xiao"
"4941 Alessandro Avenue, Temple City, California 91780",8590-025-001,M25-49263,Mechanical,"REPLACE HVAC SYSTEM IN EXISTING LOCATION",$0,Issued,05-20-2025,05-20-2025,"Shih Management Inc."
"5633 Gracewood Avenue, Arcadia, California 91007",8586-016-037,M25-49265,Mechanical,"FULL SYSTEM CHANGE OUT WITH DUCT REPLACEMENT: (1) 5 TON CONDENSER RIGHT SIDE YARD CHANGEOUT LIKE FOR LIKE. (1) 5 TON INDOOR COIL. (1) 100K BTUS FURNACE IN ATTIC CHANGE OUT LIKE FOR LIKE. R6 DUCTS: (7) SUPPLY (1) RETURN",$0,Issued,05-20-2025,05-20-2025,"Rightime Home Services-Riverside"
"9602 Olive Street, Temple City, California 91780",8589-001-001,B25-49269,Building,"REPLACE (17) WINDOWS RETROFIT LIKE FOR LIKE",$6500,Issued,05-21-2025,05-21-2025,Owner-Builder
"10553 Lynrose Street, Temple City, California 91780",8586-012-001,E25-49267,Electrical,"UPGRADE ELECTRICAL PANEL TO 200 AMP SERVICE",$0,Issued,05-21-2025,05-21-2025,Owner-Builder
"5212 Halifax Road Unit A-B , Temple City, California 91780",8585-023-007,E25-49268,Electrical,"INSTALL NEW 400 AMP SERVICE PANEL",$0,Issued,05-21-2025,05-21-2025,
"6316 Agnes Avenue, Temple City, California 91780",5383-021-020,P25-49270,Plumbing,"WHOLE HOUSE RE DRAIN (1) BATHROOM",$0,Finaled,05-21-2025,05-21-2025,"Service Hero dba Rooter Hero"
"6207 Avon Avenue, San Gabriel, California 91775",5386-007-073,B25-49279,Building,"6.56 KW PV ARRAY (16) MODULES + (1) ENERGY STORAGE SYSTEM @ 13.5 KWH",$0,Issued,05-22-2025,05-22-2025,"Tesla Energy Operations Inc."
"5614 Loma Avenue, Temple City, California 91780",5387-019-011,B25-49282,Building,"TEAR OFF INSTALL PLYWOOD REROOF HOUSE WITH TIMBERLINE HDZ RS IN STONE GREY 17 SQ'S.","$16,000",Issued,05-22-2025,05-22-2025,"Garvey Roofing Company Inc."
"5614 Loma Avenue, Temple City, California 91780",5387-019-011,B25-49283,Building,"TEAR OFF AND REROOF DETACHED GARAGE WITH TIMBERLINE HDZ RS IN STONE GREY 5 SQ'S.",$4000,Issued,05-22-2025,05-22-2025,"Garvey Roofing Company Inc."
"9042 Longden Avenue, Temple City, California 91780",5384-005-015,E25-49278,Electrical,"200 AMP MAIN PANEL UPGRADE",$0,Issued,05-22-2025,05-22-2025,"MJ Electrical Services"
"6207 Avon Avenue, San Gabriel, California 91775",5386-007-073,E25-49280,Electrical,"(1) ENERGY STORAGE SYSTEM @ 13.5 KWH",$0,Issued,05-22-2025,05-22-2025,"Tesla Energy Operations Inc."
"6105 Encinita Avenue, Temple City, California 91780",5384-012-029,M25-49273,Mechanical,"REPLACE EXISTING HVAC EQUIPMENT 4 TON A/C ON GROUND & GAS FURNACE IN ATTIC 60K BTUS",$0,Issued,05-22-2025,05-22-2025,"Middleridge Concepts Inc. dba Bryant Heating & Air Conditioning"
"4962 Sereno Drive, Temple City, California 91780",5388-012-016,B25-49284,Building,"HOUSE - TEAR OFF EXISTING SHINGLES AND INSTALL 1/2"" OSB PLYWOOD 1200 SQ.FT. OWENS CORNING DURATION OYSTER SHELL; CCRR # 0890-0012","$11,000",Issued,05-27-2025,05-27-2025,Owner-Builder
"4962 Sereno Drive, Temple City, California 91780",5388-012-016,B25-49285,Building,"DETACHED GARAGE - TEAR OFF EXISTING SHINGLES AND INSTALL 1/2"" OSB PLYWOOD 400 SQ.FT. OWENS CORNING DURATION OYSTER SHELL; CCRR # 0890-0012",$4000,Issued,05-27-2025,05-27-2025,Owner-Builder
"9084 Olive Street, Temple City, California 91780",5388-006-002,B25-49286,Building,"REMOVE OLD COMPOSITION SHINGLES. INSTAL ONE LAYER SYNTHETIC UNDERLAYMENT. INSTALL 30 YEAR DIMENSIONAL COMPOSITION SHINGLES, DRY ROT 1'X 6' FASCIA 60' (FRONT HOUSE)","$14,000",Issued,05-27-2025,05-27-2025,"Cal-Star Roofing"
"4450 Temple City Boulevard, Temple City, California 91780",8592-001-023,E25-49291,Electrical,"TEMPORARY POWER POLE",$0,Issued,05-27-2025,05-27-2025,"JW Capital, Inc."
"9829 Hallwood Drive, Temple City, California 91780",8589-021-017,E25-49292,Electrical,"UPGRADE 200 AMP SERVICE PANEL",$0,Issued,05-27-2025,05-27-2025,"KV Electric Inc."
"9936 Bogue Street, Temple City, California 91780",8588-015-020,M25-49287,Mechanical,"CHANGE OUT AC SYSTEM AND HEAT PUMP",$0,Issued,05-27-2025,05-27-2025,Owner-Builder
"6014 Bartlett Avenue, San Gabriel, California 91775",5386-013-028,M25-49293,Mechanical,"UPGRADE AC OUTDOOR COMPRESSOR AND INSIDE COIL TO HEAT PUMP FUNCTION, REUSE AIR HANDLER/FURNACE REPLACE REFRIGERANT LINES, RECOVER REFRIGERANT FOR REPROCESSING, MOUNT COMPRESSOR TO SEISMIC RATED RACK. OWNER IS ALSO CERTIFIED HVAC PROFESSIONAL (NATE #1410103) WITH EPA 608 CERTIFICATION (UNIVERSAL FYOUWZXU6W).",$0,Issued,05-27-2025,05-27-2025,Owner-Builder
"5740 Alessandro Avenue, Temple City, California 91780",8587-005-019,P25-49288,Plumbing,"3/4 COPPER SERVICE WATER MAIN",$0,Issued,05-27-2025,05-27-2025,"Finest Rooter & Plumbing, Inc."
"6326 Agnes Avenue, Temple City, California 91780",5383-021-018,P25-49289,Plumbing,"REMOVE AND REPLACE 40 GALLON GAS WATER HEATER IN OUTSIDE CLOSET. LIKE FOR LIKE SAME LOCATION.",$0,Issued,05-27-2025,05-27-2025,"F W H Acquisition Co LLC dba Fast Water Heater Company"
"5408 Robinhood Avenue, Temple City, California 91780",8586-024-006,P25-49290,Plumbing,"CHANGE OUT WATER HEATER SAME LOCATION",$0,Issued,05-27-2025,05-27-2025,Owner-Builder
"9460 La Rosa Drive, Temple City, California 91780",8590-022-016,B25-49295,Building,"RE-ROOF TEAR OFF EXISTING ROOF SYSTEM. INSTALL OSB PLYWOOD AND TITLE 24 COMP SHINGLES","$12,000",Issued,05-28-2025,05-28-2025,"Munguia's Roofing"
"5203 Hallowell Avenue, Temple City, California 91780",8585-018-001,B25-49297,Building,"TEAR OFF THE EXISTING HOUSE 1500 SQ.FT. REPLACE DAMAGED WOOD AS NEEDED AND INSTALL NEW UNDERLAYMENT ONE LAYER OF #30 SYNTHETIC FELT AND INSTALL NEW COMP SHINGLES 3O YEAR CLASS ""A"" COLOR: MIDNIGHT CRRC #0890-0038",$8500,Issued,05-28-2025,05-28-2025,"Arana Roofing Corp. dba Arana Roofing"
"5203 Hallowell Avenue, Temple City, California 91780",8585-018-001,B25-49298,Building,"TEAR OFF THE EXISTING DETACHED GARAGE 700 SQ.FT. REPLACE DAMAGED WOOD AS NEEDED AND INSTALL NEW UNDERLAYMENT ONE LAYER OF #30 SYNTHETIC FELT AND INSTALL NEW COMP SHINGLES 3O YEAR CLASS ""A"" COLOR: MIDNIGHT CRRC #0890-0038",$3500,Issued,05-28-2025,05-28-2025,"Arana Roofing Corp. dba Arana Roofing"
"5018 Farago Avenue, Temple City, California 91780",8574-009-056,B25-49299,Building,"TEAR OFF EXISTING ROOF. INSTALL NEW PAPER & SHINGLES HOUSE 16 SQUARE'S",$6400,Issued,05-28-2025,05-28-2025,"Quality Roofing Experts"
"5018 Farago Avenue, Temple City, California 91780",8574-009-056,B25-49300,Building,"TEAR OFF EXISTING ROOF. INSTALL NEW PAPER & SHINGLES ON DETACHED GARAGE 4 SQUARE'S",$1600,Issued,05-28-2025,05-28-2025,"Quality Roofing Experts"
"5202 Kauffman Avenue, Temple City, California 91780",8589-010-023,B25-49301,Building,"REMOVE OLD ROOFING MATERIAL REROOF TO INSTALL NEW COOL ROOF 900 SQUARE'S",$3900,Issued,05-28-2025,05-28-2025,"The Best West Roofing"
"5428 Cambury Avenue, Temple City, California 91780",8588-019-007,E25-49294,Electrical,"INSTALL EV CHARGER @ SIDE OF HOUSE",$0,Issued,05-28-2025,05-28-2025,Owner-Builder
"6019 Kauffman Avenue, Temple City, California 91780",5385-018-010,E25-49296,Electrical,"INSTALLING A 400 AMP SERVICE & UNDERGROUND SUB-FEED FROM SERVICE TO MAIN HOUSE & ACCESSORY DWELLING UNIT",$0,Issued,05-28-2025,05-28-2025,"Gary & Son Electric"
"4949 Doreen Avenue Unit A , Temple City, California 91780",8585-024-043,B25-48248,Building,"NEW 2ND: STORY ADDITION 1026 SQ.FT. OF NEW TWO BEDROOMS, TWO BATHROOMS, POWDER ROOM, FAMILY ROOM AND ATTACHED 2-CAR GARAGE 427 SQ.FT.","$220,000",Issued,01-08-2025,05-29-2025,"New Sunrise Building Inc."
"4949 Doreen Avenue Unit B , Temple City, California 91780",8585-024-043,B25-48249,Building,"NEW DETACHED ACCESSORY DWELLING UNIT: TWO BEDROOMS, TWO BATHROOMS AND KITCHEN","$165,504.33",Issued,01-08-2025,05-29-2025,"New Sunrise Building Inc."
"5018 Farago Avenue, Temple City, California 91780",8574-009-056,B25-49307,Building,"SUPPLEMENTAL PERMIT SEE ALSO PERMIT # B25-49299 HOUSE PERMIT TO ADD PLYWOOD",$3200,Issued,05-29-2025,05-29-2025,"Quality Roofing Experts"
"5018 Farago Avenue, Temple City, California 91780",8574-009-056,B25-49308,Building,"SUPPLEMENTAL PERMIT SEE ALSO PERMIT # B25-49300 DETACHED GARAGE PERMIT TO ADD PLYWOOD",$800,Issued,05-29-2025,05-29-2025,"Quality Roofing Experts"
"5333 Barela Avenue, Temple City, California 91780",8589-002-006,B25-49313,Building,"FIRE SPRINKLER SYSTEM FOR A NEW SINGLE FAMILY DWELLING",$5000,Issued,05-29-2025,05-29-2025,"Premium Fire & Safety Services Inc."
"4946 Heleo Avenue, Temple City, California 91780",8590-022-009,D25-49311,Demolition,"DEMO EXISTING HOUSE WITH GARAGE",$0,Issued,05-29-2025,05-29-2025,"BBB Demolition Inc."
"4937 Persimmon Avenue, Temple City, California 91780",8574-025-029,E25-49309,Electrical,"ELECTRICAL PANEL UPGRADE TO 200 AMP",$0,Issued,05-29-2025,05-29-2025,"Electrofine Electric Co."
"9018 Garibaldi Avenue, Temple City, California 91780",5384-016-023,E25-49312,Electrical,"MAIN PANEL UPGRADE TO 200 AMP BUS RATING",$0,Issued,05-29-2025,05-29-2025,"Toby Taylor LLC dba Sample Power CA"
"4949 Doreen Avenue Unit A , Temple City, California 91780",8585-024-043,E25-49314,Electrical,"(57) OUTLETS & LIGHT FIXTURES, (3) EXHAUST FANS, HEAT PUMP AND AC UNITS",$0,Issued,05-29-2025,05-29-2025,"New Sunrise Building Inc."
"4949 Doreen Avenue Unit B , Temple City, California 91780",8585-024-043,E25-49317,Electrical,"ELECTRICAL FOR A NEW DETACHED ACCESSORY DWELLING UNIT WITH A 200 AMP SERVICE PANEL",$0,Issued,05-29-2025,05-29-2025,"New Sunrise Building Inc."
"4949 Doreen Avenue Unit B , Temple City, California 91780",8585-024-043,G25-48728,Grading,"GRADING/DRAINAGE FOR A NEW DETACHED ACCESSORY DWELLING UNIT",$0,Issued,03-10-2025,05-29-2025,"New Sunrise Building Inc."
"4949 Doreen Avenue Unit A , Temple City, California 91780",8585-024-043,M25-49315,Mechanical,"INSTALL HVAC SYSTEM, AIR INLETS AND VENTILATION FANS",$0,Issued,05-29-2025,05-29-2025,"New Sunrise Building Inc."
"4949 Doreen Avenue Unit B , Temple City, California 91780",8585-024-043,M25-49318,Mechanical,"INSTALL HVAC SYSTEM, AIR INLETS AND VENTILATION FANS FOR A NEW DETACHED ACCESSORY DWELLING UNIT",$0,Issued,05-29-2025,05-29-2025,"New Sunrise Building Inc."
"5610 Pal Mal Avenue, Arcadia, California 91780",8586-009-022,P25-49310,Plumbing,"REMOVE/REPLACE 40 GALLON GAS WATER HEATER IN OUTSIDE SHED. LIKE FOR LIKE SAME LOCATION",$0,Issued,05-29-2025,05-29-2025,"F W H Acquisition Co LLC dba Fast Water Heater Company"
"4949 Doreen Avenue Unit A , Temple City, California 91780",8585-024-043,P25-49316,Plumbing,"SHOWERS, LAVATORTORIES, WATER CLOSETS AND WATER HEATER",$0,Issued,05-29-2025,05-29-2025,"New Sunrise Building Inc."
"4949 Doreen Avenue Unit B , Temple City, California 91780",8585-024-043,P25-49319,Plumbing,"PLUMBING FOR A NEW DETACHED ACCESSORY DWELLING UNIT AND CONNECT TO PUBLIC SEWER",$0,Issued,05-29-2025,05-29-2025,"New Sunrise Building Inc."
