"9022 Jaylee Drive Unit B , San Gabriel, California 91775",5382-019-016,B23-45252,Building,"CONVERT EXISTING 469 SQ.FT. DETACHED GARAGE INTO ACCESSORY DWELLING UNIT: TWO BEDROOMS, ONE BATHROOM, KITCHEN, LIVING ROOM AND COVER PATIO","$50,309.01",Issued,08-24-2023,08-04-2025,Owner-Builder
"9823 Woodruff Avenue, Temple City, California 91780",5385-027-014,B25-48784,Building,"165 SQ.FT. ROOM ADDITION TO AN EXISTING SINGLE FAMILY DWELLING AND DEMOLISH (E) SUNROOM","$35,000",Issued,03-18-2025,08-04-2025,"W Home Construction & Development"
"6121 Rosemead Boulevard, Temple City, California 91780",5384-004-034,B25-49676,Building,"SINGLE FAMILY DWELLING: TILE RESET 1900 SQ.FT. RE-USE EXISTING TILES AND REPLACE BROKEN TILES IF NEEDED.","$10,000",Issued,07-23-2025,08-04-2025,
"10751 Lynrose Street, Temple City, California 91780",8573-011-018,B25-49690,Building,"INTERIOR REMODEL KITCHEN, BATHROOMS DRYWALL AS NEEDED. CLOSED (1) WINDOW AND (1) DOOR","$40,000",Issued,07-28-2025,08-04-2025,Owner-Builder
"5752 Encinita Avenue, Temple City, California 91780",8587-003-005,B25-49738,Building,"EARTHQUAKE BRACE & BOLT FOUNDATION VOLUNTARY SEISMIC RETROFIT PER LADBS STANDARD PLAN DETAIL #7",$3000,Issued,08-04-2025,08-04-2025,"ST Construction"
"9726 Olive Street, Temple City, California 91780",8589-003-031,B25-49739,Building,"EARTHQUAKE BRACE & BOLT FOUNDATION VOLUNTARY SEISMIC RETROFIT PER LADBS STANDARD PLAN DETAIL #7",$3000,Issued,08-04-2025,08-04-2025,"ST Construction"
"6162 North Muscatel Avenue, San Gabriel, California 91775",5386-010-041,B25-49741,Building,"REMOVE AND REPLACE (1) WINDOW LIKE FOR LIKE WITH NO STRUCTURAL CHANGES. ALL WINDOWS WILL HAVE A MAXIMUM U-FACTOR OF 0.30 AND SHGC OR 0.23. REPLACEMENT GLASS WILL BE LOW-E",$1823,Issued,08-04-2025,08-04-2025,"The Home Depot USA Inc. dba The Home Depot"
"9707 Blackley Street, Temple City, California 91780",8589-003-027,B25-49743,Building,"T/O EXISTING ROOF LAYERS ON THE HOUSE. THE SHEATHING WILL REPLACED AS NEEDED. NEW SYNTHETIC FELT WILL BE NAILED TO THE DECK FOLLOWED BY THE INSTALLATION OF CLASS ""A"" COMP SHINGLES IN THE COLOR STONE GREY BY GAF (21 SQ'S)",$8000,Finaled,08-04-2025,08-04-2025,"PRS Roofing Inc."
"9707 Blackley Street, Temple City, California 91780",8589-003-027,B25-49744,Building,"T/O EXISTING ROOF LAYERS ON THE DETACHED GARAGE. THE SHEATHING WILL REPLACED AS NEEDED. NEW SYNTHETIC FELT WILL BE NAILED TO THE DECK FOLLOWED BY THE INSTALLATION OF CLASS ""A"" COMP SHINGLES IN THE COLOR STONE GREY BY GAF (4 SQ'S)",$3000,Finaled,08-04-2025,08-04-2025,"PRS Roofing Inc."
"10721 Grand Avenue, Temple City, California 91780",8574-002-034,B25-49745,Building,"HOUSE - REMOVE EXISTING ROOF. INSTALL 7/16 OSB PLYWOOD PORTION OF HOUSE. INSTALL NEW CLASS ""A"" COMPO SHINGLE","$10,500",Finaled,08-04-2025,08-04-2025,"Keefer's Roofing"
"10721 Grand Avenue, Temple City, California 91780",8574-002-034,B25-49746,Building,"DETACHED GARAGE - REMOVE EXISTING ROOF. INSTALL 7/16 OSB PLYWOOD ON GARAGE. INSTALL NEW CLASS ""A"" COMPO SHINGLE",$6000,Finaled,08-04-2025,08-04-2025,"Keefer's Roofing"
"5921 Hart Avenue, Temple City, California 91780",5384-015-028,B25-49748,Building,"ROOF REPLACEMENT, MAIN HOUSE ONLY 2100 SQ.FT. TEAR OFF, REPAIR DAMAGE WOOD SHEATHING. INSTALL OC DURATION COOL PLUS SIERRA GRAY 20+SRI SHINGLES WITH SYNTHETIC UNDERLAYMENT. INSTALL 550 SQ.FT. OF APP ASPHALT CAP SHEET TORN DOWN WITH ELASTOFLEX SA V BASE","$12,000",Issued,08-04-2025,08-04-2025,"Hexagon Roofing Inc."
"10751 Lynrose Street, Temple City, California 91780",8573-011-018,E25-49736,Electrical,"(65) OUTLETS, (51) LIGHT FIXTURES, GARBAGE DISPOSAL, DISHWASHER, RANGE HOOD, WASHING MACHINE AND EXHAUST FANS FOR THE INTERIOR REMODEL",$0,Issued,08-04-2025,08-04-2025,Owner-Builder
"6009 Agnes Avenue, Temple City, California 91780",5385-027-012,E25-49740,Electrical,"200 AMP SERVICE PANEL UPGRADE",$0,Finaled,08-04-2025,08-04-2025,Owner-Builder
"6031 Encinita Avenue, Temple City, California 91780",5384-013-020,E25-49747,Electrical,"COMPLETE ELECTRICAL REWIRE OF BEDROOMS, BATHROOM AND LIVING ROOM (7) BRANCH CIRCUITS AND (25) OUTLETS",$0,Issued,08-04-2025,08-04-2025,"Cruz Electric, Inc."
"9022 Jaylee Drive Unit B , San Gabriel, California 91775",5382-019-016,E25-49749,Electrical,"(23) OUTLETS, (6) LIGHT FIXTURES, RANGE HOOD AND HEAT PUMP/AC UNITS FOR A DETACHED ACCESSORY DWELLING UNIT",$0,Issued,08-04-2025,08-04-2025,Owner-Builder
"9022 Jaylee Drive Unit B , San Gabriel, California 91775",5382-019-016,M25-49750,Mechanical,"INSTALL (1) MINI SPLIT SYSTEM AND VENTILATION FANS FOR THE DETACHED ACCESSORY DWELLING UNIT",$0,Issued,08-04-2025,08-04-2025,Owner-Builder
"10751 Lynrose Street, Temple City, California 91780",8573-011-018,P25-49737,Plumbing,"SHOWERS, CLOTHES WASHER, DISHWASHER, LAVATORIES, SINK, WATER CLOSETS AND WATER HEATER FOR INTERIOR REMODEL",$0,Issued,08-04-2025,08-04-2025,Owner-Builder
"9022 Jaylee Drive Unit B , San Gabriel, California 91775",5382-019-016,P25-49751,Plumbing,"SHOWER, LAVATORY, SINK, WATER CLOSET, WATER HEATER, WATER MAIN, GAS LINE AND CONNECT DETACHED ACCESSORY DWELLING UNIT TO PUBLIC SEWER",$0,Issued,08-04-2025,08-04-2025,Owner-Builder
"8817 Elm Avenue, Temple City, California 91780",5387-010-005,B25-49754,Building,"TEAR OFF AND REPLACEMENT UNDERLAYMENT AND REINSTALL TILES ON THE FRONT SECTION ABOVE THE GARAGE",$1500,Issued,08-05-2025,08-05-2025,Owner-Builder
"9032 1/2 Rancho Real Road, Temple City, California 91780",5388-004-022,B25-49756,Building,"VERSICO VERSIWELD SINGLE PLY RE-ROOF CLASS ""A"" FIRE RATED (CRRC RATED TITLE 24 COMPLIANT) 2645 SQ.FT. - CARPORT.","$16,700",Finaled,08-05-2025,08-05-2025,"Green Ladder Roofing Company"
"6128 North Muscatel Avenue, San Gabriel, California 91775",5386-010-048,B25-49757,Building,"ROOF MOUNTED 12.80 KW PV SYSTEM (28) PV MODULES (1) TESLA POWERWALL (3) ESS 13.5 KWH (1) TESLA BACKUP SWITCH (1) PCS",$0,Issued,08-05-2025,08-05-2025,"Solar Optimum Inc. dba Solar Optimum Design & Electrical"
"9073 Acaso Drive, Temple City, California 91780",5388-016-002,E25-49755,Electrical,"UPGRADE MAIN PANEL FROM 100 AMP TO 200 AMP",$0,Issued,08-05-2025,08-05-2025,"Timax Electric Inc."
"6128 North Muscatel Avenue, San Gabriel, California 91775",5386-010-048,E25-49758,Electrical,"(1) TESLA POWERWALL (3) ESS 13.5 KWH (1) TESLA BACKUP SWITCH (1) PCS",$0,Issued,08-05-2025,08-05-2025,"Solar Optimum Inc. dba Solar Optimum Design & Electrical"
"9716 Lemon Avenue Unit A , Arcadia, California 91007",5383-016-012,E25-49759,Electrical,"UPGRADE FROM 100 AMP TO 200 AMP SERVICE PANEL",$0,Issued,08-05-2025,08-05-2025,"PLJ Construction LLC"
"5428 Cambury Avenue, Temple City, California 91780",8588-019-007,B25-49761,Building,"VOLUNTARY EARTHQUAKE RETROFIT USING THE L.A. CITY STANDARD PLAN, DETAIL #7",$3000,Issued,08-06-2025,08-06-2025,"Haro Retrofit & Renovations"
"9806 Olive Street, Temple City, California 91780",8589-004-002,B25-49763,Building,"SEISMIC RETROFIT USING STANDARD LADBS PLAN DETAIL #7",$2500,Issued,08-06-2025,08-06-2025,"A Finishing Touch"
"5224 Hallowell Avenue, Temple City, California 91780",8585-019-036,B25-49765,Building,"KITCHEN AND BATHROOMS REMODEL. CLOSE DOORWAY FROM KITCHEN TO BATHROOM","$50,000",Issued,08-06-2025,08-06-2025,Owner-Builder
"5030 Alessandro Avenue Unit B , Temple City, California 91780",8590-023-020,E25-49764,Electrical,"INSTALL 400 AMP DUAL GANG PANEL",$0,Issued,08-06-2025,08-06-2025,"Dui Dui Inc."
"5224 Hallowell Avenue, Temple City, California 91780",8585-019-036,E25-49766,Electrical,"(1) OUTLET AND (6) LIGHT FIXTURES FOR KITCHEN AND BATHROOMS REMODEL",$0,Issued,08-06-2025,08-06-2025,Owner-Builder
"10902 Wildflower Road, Temple City, California 91780",8573-034-016,E25-49769,Electrical,"UPGRADE FROM 100 AMP TO 200 AMP SERVICE PANEL",$0,Finaled,08-06-2025,08-06-2025,"Jacob Chu"
"5754 Cloverly Avenue, Temple City, California 91780",8587-011-016,M25-49762,Mechanical,"4 TON CONDENSER CHANGE OUT IN BACKYARD. 4 TON INDOOR COIL CHANGE OUT",$0,Issued,08-06-2025,08-06-2025,"Service Champions Inc. dba Service Champions Heating and Air Conditioning"
"5224 Hallowell Avenue, Temple City, California 91780",8585-019-036,P25-49767,Plumbing,"INSTALL SHOWERS FOR BATHROOMS REMODEL",$0,Issued,08-06-2025,08-06-2025,Owner-Builder
"5618 Mcculloch Avenue Unit A-B , Temple City, California 91780",8573-013-024,B25-48920,Building,"(E) STORAGE AT MAIN HOUSE TO BE CONVERTED INTO NEW BATHROOM 82 SQ.FT. ATTACHED 483 SQ.FT. NEW ACCESSORY STUDIO DWELLING UNIT AND COVERED PORCH 82 SQ.FT.","$90,282.19",Issued,04-09-2025,08-07-2025,"J & R Mach Design Construction Corp."
"9433 Lemon Avenue, Temple City, California 91780",5382-010-048,B25-49770,Building,"CHANGE CONTRACTOR - INTERIOR REMODEL OF EXISTING 2218 SQ.FT.HOUSE. REPLACEMENT OF ALL EXISTING WINDOWS, ONE SLIDING DOOR AND NEW ROOF ""BORAL"" CONCRETE TILE SAXONG SLATE BUCKSKIN. ATTACHED 2-CAR GARAGE AND COVERED PORCH (SEE ALSO PERMIT # B24-46977)",$0,Issued,08-07-2025,08-07-2025,"Well Home Construction"
"9435 Lemon Avenue, Temple City, California 91780",5382-010-048,B25-49774,Building,"CHANGE CONTRACTOR - INTERIOR REMODEL OF EXISTING 1430 SQ.FT.HOUSE. REPLACEMENT OF ALL EXISTING WINDOWS, ONE SLIDING DOOR AND NEW ROOF ""BORAL"" CONCRETE TILE SAXONG SLATE BUCKSKIN. ATTACHED 2-CAR GARAGE AND COVERED PORCH (SEE ALSO PERMIT # B24-46978)",$0,Issued,08-07-2025,08-07-2025,"Well Home Construction"
"9437 Lemon Avenue, Temple City, California 91780",5382-010-048,B25-49778,Building,"CHANGE CONTRACTOR - INTERIOR REMODEL OF EXISTING 1380 SQ.FT.HOUSE. REPLACEMENT OF ALL EXISTING WINDOWS, ONE SLIDING DOOR AND NEW ROOF ""BORAL"" CONCRETE TILE SAXONG SLATE BUCKSKIN. ATTACHED 2-CAR GARAGE AND COVERED PORCH (SEE ALSO PERMIT # B24-46979)",$0,Issued,08-07-2025,08-07-2025,"Well Home Construction"
"9439 Lemon Avenue, Temple City, California 91780",5382-010-048,B25-49782,Building,"CHANGE CONTRACTOR - INTERIOR REMODEL OF EXISTING 1410 SQ.FT.HOUSE. REPLACEMENT OF ALL EXISTING WINDOWS, ONE SLIDING DOOR AND NEW ROOF ""BORAL"" CONCRETE TILE SAXONG SLATE BUCKSKIN. ATTACHED 2-CAR GARAGE AND COVERED PORCH (SEE ALSO PERMIT # B24-46980)",$0,Issued,08-07-2025,08-07-2025,"Well Home Construction"
"9227 Olive Street, Temple City, California 91780",8588-031-011,B25-49799,Building,"INSTALL FIRE SPRINKLER SYSTEM FOR A SINGLE FAMILY DWELLING",$6500,Issued,08-07-2025,08-07-2025,"United Fire & Safety Corp."
"9433 Lemon Avenue, Temple City, California 91780",5382-010-048,E25-49771,Electrical,"CHANGE CONTRACTOR - (120) OUTLETS, (130) LIGHT FIXTURES, GARBAGE DISPOSAL, RANGE HOOD, DISHWASHER, WASHING MACHINE, EXHAUST FANS, ELECTRIC WATER HEATER AND HEAT PUMP/AC UNITS (SEE ALSO PERMIT # E25-49449)",$0,Issued,08-07-2025,08-07-2025,"Well Home Construction"
"9435 Lemon Avenue, Temple City, California 91780",5382-010-048,E25-49775,Electrical,"CHANGE CONTRACTOR - (53) OUTLETS, (66) LIGHT FIXTURES, GARBAGE DISPOSAL, DISHWASHER, RANGE HOOD, EXHAUST FANS, ELECTRICAL WATER HEATER, WASHING MACHINE, HEAT PUMP/AC UNITS (SEE ALSO PERMIT # E25-49452)",$0,Issued,08-07-2025,08-07-2025,"Well Home Construction"
"9437 Lemon Avenue, Temple City, California 91780",5382-010-048,E25-49779,Electrical,"CHANGE CONTRACTOR - (53) OUTLETS, (66) LIGHT FIXTURES, GARBAGE DISPOSAL, DISHWASHER, RANGE HOOD, EXHAUST FANS, ELECTRICAL WATER HEATER, WASHING MACHINE, HEAT PUMP/AC UNITS (SEE ALSO PERMIT # E25-49455)",$0,Issued,08-07-2025,08-07-2025,"Well Home Construction"
"9439 Lemon Avenue, Temple City, California 91780",5382-010-048,E25-49783,Electrical,"CHANGE CONTRACTOR - (53) OUTLETS, (66) LIGHT FIXTURES, GARBAGE DISPOSAL, DISHWASHER, RANGE HOOD, EXHAUST FANS, ELECTRICAL WATER HEATER, WASHING MACHINE, HEAT PUMP/AC UNITS (SEE ALSO PERMIT # E25-49458)",$0,Issued,08-07-2025,08-07-2025,"Well Home Construction"
"10938 Wildflower Road, Temple City, California 91780",8573-034-009,E25-49790,Electrical,"INSTALLATION OF A 200 AMP SUB-PANEL",$0,Finaled,08-07-2025,08-07-2025,"Home Upgrade Specialist"
"8708 Hermosa Drive, San Gabriel, California 91775",5387-006-038,E25-49791,Electrical,"TO UPGRADE THE ELECTRICAL SERVICE PANEL TO 200 AMP AND ADD A VEHICLE CHARGING OUTLET IN THE GARAGE",$0,Issued,08-07-2025,08-07-2025,"Mandalay Electric"
"5618 Mcculloch Avenue Unit A-B , Temple City, California 91780",8573-013-024,E25-49792,Electrical,"(15) OUTLETS, (25) LIGHT FIXTURES, GARBAGE DISPOSAL, DISH WASHER, RANGE HOOD, WASHING MACHINE, EXHAUST FANS, HEAT PUMP/AC , ELECTRIC WATER HEATER WITH 100 AMP SUB-PANEL",$0,Issued,08-07-2025,08-07-2025,"J & R Mach Design Construction Corp."
"10015 Olive Street, Temple City, California 91780",8586-023-023,E25-49795,Electrical,"(3) OUTLETS AND (6) ADD SPOT LIGHTS, CEILING LIGHTS AND LED LIGHT",$0,Issued,08-07-2025,08-07-2025,Owner-Builder
"9433 Lemon Avenue, Temple City, California 91780",5382-010-048,M25-49772,Mechanical,"CHANGE CONTACTOR - INSTALL HVAC SYSTEM, FIREPLACE, AIR INLETS AND VENTILATION FANS (SEE ALSO PERMIT # M25-49450)",$0,Issued,08-07-2025,08-07-2025,"Well Home Construction"
"9435 Lemon Avenue, Temple City, California 91780",5382-010-048,M25-49776,Mechanical,"CHANGE CONTRACTOR - INSTALL HVAC SYSTEM, FIREPLACE, AIR INLETS AND VENTILATION FANS (SEE ALSO PERMIT # M25-49453)",$0,Issued,08-07-2025,08-07-2025,"Well Home Construction"
"9437 Lemon Avenue, Temple City, California 91780",5382-010-048,M25-49780,Mechanical,"CHANGE CONTRACTOR - INSTALLATION OF HVAC SYSTEM, FIREPLACE, AIR INLETS AND VENTILATION FANS (SEE ALSO PERMIT # M25-49456)",$0,Issued,08-07-2025,08-07-2025,"Well Home Construction"
"9439 Lemon Avenue, Temple City, California 91780",5382-010-048,M25-49784,Mechanical,"CHANGE CONTRACTOR - INSTALL HVAC SYSTEM, FIREPLACE, AIR INLETS AND VENTILATION FANS (SEE ALSO PERMIT # M25-49459)",$0,Issued,08-07-2025,08-07-2025,"Well Home Construction"
"5618 Mcculloch Avenue Unit A-B , Temple City, California 91780",8573-013-024,M25-49793,Mechanical,"INSTALL (1) MINI SPLIT SYSTEM AND VENTILATION FANS",$0,Issued,08-07-2025,08-07-2025,"J & R Mach Design Construction Corp."
"9433 Lemon Avenue, Temple City, California 91780",5382-010-048,P25-49773,Plumbing,"CHANGE CONTRACTOR - BATHTUBS/SHOWERS, CLOTHES WASHER, DISHWASHER, WATER CLOSETS, HOSE BIBBS, LAVATORIES, SINK, WATER HEATER AND GAS OUTLETS (SEE ALSO PERMIT # P25-49451)",$0,Issued,08-07-2025,08-07-2025,"Well Home Construction"
"9435 Lemon Avenue, Temple City, California 91780",5382-010-048,P25-49777,Plumbing,"CHANGE CONTRACTOR - BATHTUBS/SHOWERS, CLOTHES WASHER, DISHWASHER, WATER CLOSETS, HOSE BIBBS, LAVATORIES, SINK, WATER HEATER AND GAS OUTLETS (SEE ALSO PERMIT # P25-49454)",$0,Issued,08-07-2025,08-07-2025,"Well Home Construction"
"9437 Lemon Avenue, Temple City, California 91780",5382-010-048,P25-49781,Plumbing,"CHANGE CONTRACTOR - BATHTUBS/SHOWERS, CLOTHES WASHER, DISHWASHER, WATER CLOSETS, HOSE BIBBS, LAVATORIES, SINK, WATER HEATER AND GAS OUTLETS (SEE ALSO PERMIT # P25-49457)",$0,Issued,08-07-2025,08-07-2025,"Well Home Construction"
"9439 Lemon Avenue, Temple City, California 91780",5382-010-048,P25-49785,Plumbing,"CHANGE CONTRACTOR - BATHTUBS/SHOWERS, CLOTHES WASHER, DISHWASHER, WATER CLOSETS, HOSE BIBBS, LAVATORIES, SINK, WATER HEATER AND GAS OUTLETS (SEE ALSO PERMIT # P25-49460)",$0,Issued,08-07-2025,08-07-2025,"Well Home Construction"
"5527 Ryland Avenue, Temple City, California 91780",8586-018-022,P25-49786,Plumbing,"REPLACE MAIN GAS LINE FROM METER TO HOME. APPROX. 51 FT. FROM CURB",$0,Issued,08-07-2025,08-07-2025,Owner-Builder
"5618 Mcculloch Avenue Unit A-B , Temple City, California 91780",8573-013-024,P25-49794,Plumbing,"SHOWERS, CLOTHES WASHER, DISHWASHER, HOSE BIBBS, LAVATORIES, SINK, WATER CLOSETS, WATER HEATER, DRAINAGE/VENT, WATER MAIN AND CONNECT STUDIO ACCESSORY DWELLING TO PUBLIC SEWER",$0,Issued,08-07-2025,08-07-2025,"J & R Mach Design Construction Corp."
"10644 Key West Street Unit A-B , Temple City, California 91780",8585-029-028,B25-48836,Building,"(E) 2049 SQ.FT. MAIN HOUSE WILL BE CONVERTED TO (N) 1251 SQ.FT. WITH 3BR & 2.5BA AND ATTACHED 800 SQ.FT. ACCESSORY DWELLING UNIT: 2BR & 1BA AND KITCHEN","$40,000",Issued,03-26-2025,08-11-2025,"Jaycon Construction"
"9066 Hermosa Drive Unit B , Temple City, California 91780",5387-015-012,B25-48878,Building,"CONVERT EXISTING 426 SQ.FT. DETACHED GARAGE AND ADD 372 SQ.FT. INTO 798 SQ.FT. DETACHED ACCESSORY DWELLING UNIT: TWO BEDROOMS, TWO BATHROOMS, KITCHEN AND LIVING ROOM","$120,000",Issued,03-31-2025,08-11-2025,"Daniel K Leung"
"5612 Glickman Avenue, Temple City, California 91780",8586-016-005,B25-49801,Building,"(7) WINDOWS REPLACEMENT RETROFIT",$3800,Issued,08-11-2025,08-11-2025,Owner-Builder
"5755 Primrose Avenue, Temple City, California 91780",8587-011-011,B25-49802,Building,"1500 SQ.FT. ROOF REMOVAL IN ENTIRE HOUSE AND INSTALLATION OF NEW SOLAR REFLECTIVE COMPOSITE SHINGLES","$10,000",Finaled,08-11-2025,08-11-2025,"2417 Water and Pipe Restoration"
"5755 Primrose Avenue, Temple City, California 91780",8587-011-011,B25-49803,Building,"400 SQ.FT. REMOVAL ON DETACHED GARAGE AND INSTALLATION OF NEW SOLAR REFLECTIVE COMPOSITE SHINGLES",$4500,Finaled,08-11-2025,08-11-2025,"2417 Water and Pipe Restoration"
"4822 Camellia Avenue, Temple City, California 91780",8589-016-005,B25-49807,Building,"HOUSE - TEAR OFF AND REROOF INSTALLING ASPHALT COMP SHINGLES","$19,900",Issued,08-11-2025,08-11-2025,"All State Roofing"
"4822 Camellia Avenue, Temple City, California 91780",8589-016-005,B25-49808,Building,"DETACHED GARAGE - TEAR OFF AND REROOF INSTALLING ASPHALT COMP SHINGLES",$4010,Issued,08-11-2025,08-11-2025,"All State Roofing"
"4934 Doreen Avenue, Temple City, California 91780",8585-025-021,B25-49813,Building,"REMOVE EXISTING SHINGLES AND REPLACING WITH NEW CLASS ""A"" ASPHALT SHINGLES ON DETACHED GARAGE",$4000,Finaled,08-11-2025,08-11-2025,Owner-Builder
"9066 Hermosa Drive Unit B , Temple City, California 91780",5387-015-012,E25-49796,Electrical,"(22) OUTLETS, (26) LIGHT FIXTURES, GARBAGE DISPOSAL, RANGE HOOD, WASHING MACHINE, EXHAUST FANS, HEAT PUMP/AC UNITS WITH 200 AMP SUB-PANEL FOR THE DETACHED ACCESSORY DWELLING UNIT",$0,Issued,08-07-2025,08-11-2025,"Daniel K Leung"
"9442 Pentland Street Unit B, Temple City, California 91780",8590-012-006,E25-49806,Electrical,"INSTALL 200 AMP SERVICE PANEL ON THE DETACHED ACCESSORY DWELLING UNIT",$0,Issued,08-11-2025,08-11-2025,"M E G Holdings Inc."
"8638 Hermosa Drive, San Gabriel, California 91775",5387-006-028,E25-49809,Electrical,"UPGRADE TO NEW 200 AMP HOUSE PANEL W (5) NEW DEDICATED CIRCUITS FOR A/C",$0,Finaled,08-11-2025,08-11-2025,"Izan Industries dba Izan Electric"
"10644 Key West Street Unit A-B , Temple City, California 91780",8585-029-028,E25-49810,Electrical,"(2) BRANCH CIRCUITS, (1) BRANCH CIRCUIT LIGHTING, (15) OUTLETS (10) LIGHT FIXTURES AND EXHAUST FANS",$0,Issued,08-11-2025,08-11-2025,"Jaycon Construction"
"9066 Hermosa Drive Unit B , Temple City, California 91780",5387-015-012,M25-49797,Mechanical,"INSTALL HVAC SYSTEM, AIR INLETS AND VENTILATION FANS FOR THE DETACHED ACCESSORY DWELLING UNIT",$0,Issued,08-07-2025,08-11-2025,"Daniel K Leung"
"10644 Key West Street Unit A-B , Temple City, California 91780",8585-029-028,M25-49811,Mechanical,"ALTERATION OF EXIST DUCT SYSTEM, AIR INLETS AND (3) VENTILATION FANS",$0,Issued,08-11-2025,08-11-2025,"Jaycon Construction"
"9066 Hermosa Drive Unit B , Temple City, California 91780",5387-015-012,P25-49798,Plumbing,"BATHTUB/SHOWER, CLOTHES WASHER, HOSE BIBB, LAVATORIES, SINK, WATER CLOSETS, WATER HEATER , GAS OUTLETS, WATER MAIN AND CONNECT DETACHED ACCESSORY DWELLING UNIT TO PUBLIC SEWER",$0,Issued,08-07-2025,08-11-2025,"Daniel K Leung"
"10644 Key West Street Unit A-B , Temple City, California 91780",8585-029-028,P25-49812,Plumbing,"SHOWERS, LAVATORIES, WATER CLOSETS AND CONNECT ACCESSORY DWELLING UNIT TO PUBLIC SEWER",$0,Issued,08-11-2025,08-11-2025,"Jaycon Construction"
"9164 Longden Avenue Unit B , Temple City, California 91780",5384-011-013,B25-49703,Building,"RESIDENTIAL ADU ROOF MOUNTED SOLAR SYSTEM PV 3.24 KWAC (8) MODULES (8) MICRO-INVERTERS (1) 125A COMBINER BOX (1) 30A AC DISCONNECT","$11,000",Issued,07-29-2025,08-12-2025,"Ilum Solar dba Ilum Energy Solutions"
"9665 Wedgewood Street, Temple City, California 91780",8588-011-011,E25-49652,Electrical,"(2) ESS (EXISTING SOLAR SYSTEM INSTALLED)",$0,Issued,07-21-2025,08-12-2025,"Sunrun Installation Services Inc. dba Sunrun"
"9510 Olive Street, Temple City, California 91780",8590-005-001,B25-49768,Building,"INSTALLING 3.52 KW SOLAR SYSTEM (8) APTOS DNA-120-BF120-440W, 440 WATT SOLAR PANELS (8) ENPHASE 1Q8PLUS MICRO-INVERTERS (1) ENPHASE MONITORING UNIT (1) AC DISCONNECT","$10,000",Issued,08-06-2025,08-13-2025,"Light Vast Inc. dba Inland Empire Energy"
"10305 La Rosa Drive, Temple City, California 91780",8585-018-041,B25-49819,Building,"DEMO FIREPLACE HEARTH & MANTLE (INT. WORK)",$500,Issued,08-13-2025,08-13-2025,"Apex Pacific Construction Company"
"6361 Encinita Avenue, Temple City, California 91780",5382-023-013,B25-49821,Building,"VOLUNTARY FOUNDATION SEISMIC RETROFIT PER LA CITY STANDARD PLAN #1",$2500,Issued,08-13-2025,08-13-2025,"After Before Creations Inc. dba The Foundation Works"
"4915 Rio Hondo Avenue, Temple City, California 91780",8590-028-019,B25-49822,Building,"TEAR OFF ROOF MATERIAL. REPLACE WOOD AS NEEDED. INSTALL COOL ROOF SHINGLES","$14,000",Issued,08-13-2025,08-13-2025,"Kaliber Roofing Inc."
"4875 Robinhood Avenue, Temple City, California 91780",8585-009-007,B25-49823,Building,"VOLUNTARY SEISMIC RETROFITTING AS PER L.A. CITY STANDARD PLAN #1. DETAIL #7",$4900,Issued,08-13-2025,08-13-2025,"L C Construction Inc."
"9732 Lemon Avenue, Arcadia, California 91007",5383-016-026,B25-49824,Building,"REMOVE EXISTING ROOF AND REPLACE NEW STANDARD WEIGHT CONCRETE TILES. CRRC # 0918-0026 HOUSE WITH ATTACHED GARAGE","$23,000",Issued,08-13-2025,08-13-2025,"Allbest Roofing Inc."
"6237 Oak Avenue, Temple City, California 91780",5385-001-023,B25-49825,Building,"TEAR OFF EXISTING ROOF AND RE-ROOF WITH ASPHALT SHINGLES CRRC #0850-0049 600 SQ.FT. DETACHED GARAGE",$5000,Finaled,08-13-2025,08-13-2025,"Allbest Roofing Inc."
"5548 Harker Avenue, Temple City, California 91780",5387-026-041,B25-49826,Building,"TEAR OFF EXISTING ROOF, REPAIR DAMAGED ROOF SHEATHING. INSTALL ASPHALT SHINGLES 29 SQ.FT.","$14,000",Finaled,08-13-2025,08-13-2025,"Golden West Roofing Services Inc."
"5212 Mcclintock Avenue, Temple City, California 91780",8574-005-015,E25-49815,Electrical,"(8) BRANCH CIRCUITS, (1) BRANCH CIRCUIT LIGHTING, (50) OUTLETS, (20) LIGHT FIXTURES, FAU/AC UNITS, EXHAUST FANS AND UPGRADE TO 200 AMP SERVICE PANEL",$0,Issued,08-13-2025,08-13-2025,Owner-Builder
"5212 Mcclintock Avenue, Temple City, California 91780",8574-005-015,M25-49816,Mechanical,"INSTALL HVAC SYSTEM, AIR INLETS AND VENTILATION FANS",$0,Issued,08-13-2025,08-13-2025,Owner-Builder
"5212 Mcclintock Avenue, Temple City, California 91780",8574-005-015,P25-49817,Plumbing,"(2) SHOWERS, (2) HOSE BIBBS, (2) LAVATORIES, (2) WATER CLOSETS, WATER HEATER AND GAS OUTLET",$0,Issued,08-13-2025,08-13-2025,Owner-Builder
"6149 Camellia Avenue, Temple City, California 91780",5385-015-003,P25-49818,Plumbing,"REPLACE EXISTING SERVICE LINE 1"" METER TO HOUSE MAIN WITH PRESSURE REGULATOR",$0,Issued,08-13-2025,08-13-2025,Owner-Builder
"9908 Las Tunas Drive Unit K , Temple City, California 91780",8587-030-028,P25-49820,Plumbing,"(1) ADD A HAND WASH SINK",$0,Issued,08-13-2025,08-13-2025,Owner-Builder
"5219 Farago Avenue, Temple City, California 91780",8574-008-022,B25-49385,Building,"RAISE CEILING HEIGHT OF EXISTING HOME AND ADDITION TO 9'",$5000,Issued,06-09-2025,08-14-2025,Owner-Builder
"9309 Pentland Street, Temple City, California 91780",8590-009-029,B25-49830,Building,"TEAR OFF EXISTING ROOF AND INSTALL NEW COMPOSITION SHINGLE","$14,000",Issued,08-14-2025,08-14-2025,"Grand United Builder Inc."
"9974 Bogue Street, Temple City, California 91780",8588-015-029,B25-49833,Building,"SHINGLE TEAR OFF GOLDEN MEADOW BY OWENS CORNING 15 SQ'S 1 STORY + GARAGE 5 SQ'S","$20,000",Issued,08-14-2025,08-14-2025,"Alpha One Construction Inc."
"10250 Randwick Drive, Temple City, California 91780",8585-004-012,B25-49837,Building,"SUPPLEMENTAL PERRMIT FOR THE DETACHED GARAGE TEAR OFF EXISTING ROOF. INSTALL COMPOSITION SHINGLE. (SEE ALSO PERMIT # B25-49711)",$0,Finaled,08-14-2025,08-14-2025,"Lighthouse Roofing and Repair"
"9309 Pentland Street, Temple City, California 91780",8590-009-029,E25-49831,Electrical,"INSTALL FAU OUTLET",$0,Issued,08-14-2025,08-14-2025,"Grand United Builder Inc."
"9309 Pentland Street, Temple City, California 91780",8590-009-029,M25-49832,Mechanical,"RELOCATE EXISTING FURNACE",$0,Issued,08-14-2025,08-14-2025,"Grand United Builder Inc."
"5224 Hallowell Avenue, Temple City, California 91780",8585-019-036,M25-49835,Mechanical,"RELOCATE EXHAUST FAN ON THE KITCHEN",$0,Issued,08-14-2025,08-14-2025,Owner-Builder
"9910 Duffy Street, Temple City, California 91780",8588-014-010,P25-49834,Plumbing,"40 GALLON GAS WATER HEATER CHANGE OUT SAME LOCATION OUTDOOR SHED",$0,Issued,08-14-2025,08-14-2025,"Payless Water Heaters & Plumbing Inc."
"9842 La Rosa Drive Unit B , Temple City, California 91780",8589-022-015,B25-49193,Building,"CONVERT EXISTING 360 SQ.FT. DETACHED GARAGE AND ADD 389 SQ.FT. INTO A 749 SQ.FT. DETACHED ACCESSORY DWELLING UNIT: TWO BEDROOMS, TWO BATHROOMS, KITCHEN, DINING/LIVING AREA","$120,000",Issued,05-12-2025,08-18-2025,
"5004 Arden Drive, Temple City, California 91780",8585-018-083,B25-49827,Building,"REROOF OVER EXISTING 2ND: LAYER WITH ASPHALT ROOF HOUSE 2300 SQ.FT.","$10,000",Issued,08-14-2025,08-18-2025,Owner-Builder
"5004 Arden Drive, Temple City, California 91780",8585-018-083,B25-49828,Building,"REROOF OVER EXISTING 2ND LAYER WITH ASPHALT ROOF DETACHED GARAGE 700 SQ.FT.",$4000,Issued,08-14-2025,08-18-2025,Owner-Builder
"9653 Las Tunas Drive, Temple City, California 91780",8587-020-021,B25-49838,Building,"INSTALLATION OF INTERNALLY ILLUMINATED LED CHANNEL LETTER SIGN ""ONE TEA",$3000,Issued,08-18-2025,08-18-2025,"88 Sign Corp"
"6240 Ivar Avenue, Temple City, California 91780",5384-001-009,B25-49840,Building,"REMODEL EXISTING DETACHED WORKSHOP, BATHROOM AND LAUNDRY ATTACHED TO THE DETACHED GARAGE","$25,000",Issued,08-18-2025,08-18-2025,Owner-Builder
"10512 Olive Street, Temple City, California 91780",8585-021-013,B25-49845,Building,"INSTALLATION OF ROOF-MOUNTED SOLAR SYSTEM 6.225 KW, (15) MODULES WITH (3) ENERGY STORAGE SYSTEMS",$0,Issued,08-18-2025,08-18-2025,"Solar Unlimited Inc."
"4939 Fratus Drive, Temple City, California 91780",8590-030-028,B25-49848,Building,"5.74 KW DC SYSTEM - ROOF MOUNT PV (14) MODULES W/STORAGE - MPU",$0,Issued,08-18-2025,08-18-2025,"Freedom Forever Southern California LLC"
"9653 Las Tunas Drive, Temple City, California 91780",8587-020-021,E25-49839,Electrical,"INSTALLATION OF INTERNALLY ILLUMINATED LED CHANNEL LETTER SIGN ""ONE TEA",$0,Issued,08-18-2025,08-18-2025,"88 Sign Corp"
"6240 Ivar Avenue, Temple City, California 91780",5384-001-009,E25-49841,Electrical,"(10) OUTLETS, WASHING MACHINE, EXHAUST FAN, AC UNIT AND 100 AMP SUB-PANEL",$0,Issued,08-18-2025,08-18-2025,Owner-Builder
"10051 Green Street, Temple City, California 91780",8585-001-031,E25-49844,Electrical,"225/200A PANEL UPGRADE WITH 200A MAIN BREAKER",$0,Issued,08-18-2025,08-18-2025,"American Electric Company Inc."
"10512 Olive Street, Temple City, California 91780",8585-021-013,E25-49846,Electrical,"(3) ENERGY STORAGE SYSTEMS",$0,Issued,08-18-2025,08-18-2025,"Solar Unlimited Inc."
"4939 Fratus Drive, Temple City, California 91780",8590-030-028,E25-49849,Electrical,"W/ENERGY STORAGE - MPU",$0,Issued,08-18-2025,08-18-2025,"Freedom Forever Southern California LLC"
"5623 Encinita Avenue, Temple City, California 91780",5387-019-006,E25-49850,Electrical,"(50) OUTLETS, (35) LIGHT FIXTURES, ELECTRIC OVEN, GARBAGE DISPOSAL, DISHWASHER, RANGE HOOD, WASHING MACHINE, EXHAUST FANS, AC UNITS AND 200 AMP SERVICE PANEL",$0,Issued,08-18-2025,08-18-2025,Owner-Builder
"6212-6214 Encinita Avenue, Temple City, California 91780",5385-001-015,G24-46190,Grading,"GRADING FOR A FLAG LOT SUBDIVISION TPM 83005 NEW SINGLE FAMILY DWELLINGS AND NEW ACCESSORY DWELLING UNITS",$0,Issued,02-14-2024,08-18-2025,"Big City Demo & Grading dba B C D"
"6240 Ivar Avenue, Temple City, California 91780",5384-001-009,M25-49842,Mechanical,"INSTALL (1) MINI SPLIT SYSTEM AND (1) VENTILATION FAN",$0,Issued,08-18-2025,08-18-2025,Owner-Builder
"9861 Lower Azusa Road, Temple City, California 91780",8589-020-036,M25-49847,Mechanical,"INSTALL DRYER VENT",$0,Finaled,08-18-2025,08-18-2025,Owner-Builder
"5623 Encinita Avenue, Temple City, California 91780",5387-019-006,M25-49851,Mechanical,"INSTALL (5) MINI SPLIT SYSTEMS AND VENTILATION FANS",$0,Issued,08-18-2025,08-18-2025,Owner-Builder
"6240 Ivar Avenue, Temple City, California 91780",5384-001-009,P25-49843,Plumbing,"WALK-IN SHOWER, CLOTHES WASHER, LAVATORIE, WATER CLOSET AND WATER HEATER",$0,Issued,08-18-2025,08-18-2025,Owner-Builder
"5623 Encinita Avenue, Temple City, California 91780",5387-019-006,P25-49852,Plumbing,"SHOWERS, CLOTHES WASHER, DISHWASHER, LAVATORIES, SINK, WATER CLOSET, WATER HEATER, GAS OUTLET AND RE PIPE (4) PLUMBING FIXTURES",$0,Issued,08-18-2025,08-18-2025,Owner-Builder
"6228 Loma Avenue Unit A , Temple City, California 91780",5384-011-004,B25-49104,Building,"MAIN HOUSE ADDITION OF A NEW BATHROOM 49.5 SQ.FT.",$8819.41,Issued,05-01-2025,08-19-2025,Owner-Builder
"6228 Loma Avenue Unit B , Temple City, California 91780",5384-011-004,B25-49105,Building,"CONVERT EXISTING 428 SQ.FT. DETACHED GARAGE INTO A DETACHED ACCESSORY DWELLING UNIT: ONE BEDROOM, ONE BATHROOM AND KITCHEN","$43,433.44",Issued,05-01-2025,08-19-2025,Owner-Builder
"4915 Rio Hondo Avenue, Temple City, California 91780",8590-028-019,B25-49853,Building,"SUPPLEMENTAL PERMIT FOR THE DETACHED GARAGE TEAR OFF ROOF MATERIAL. REPLACE WOOD AS NEEDED. INSTALL COOL ROOF SHINGLES (SEE ALSO PERMIT # B25-49822)",$0,Issued,08-19-2025,08-19-2025,"Kaliber Roofing Inc."
"9509 La Rosa Drive, Temple City, California 91780",8590-014-002,B25-49856,Building,"REROOF TEAR OFF 21 SQ'S COMP SHINGLES AND 2 SQ'S FLAT ROOF TORCH DOWN",$8000,Issued,08-19-2025,08-19-2025,"Essential Builders"
"10751 Lynrose Street, Temple City, California 91780",8573-011-018,M25-49855,Mechanical,"INSTALL VENTILATION FANS ON BATHROOMS AND KITCHEN",$0,Issued,08-19-2025,08-19-2025,Owner-Builder
"5528 Mcculloch Avenue Unit A , Temple City, California 91780",8573-013-008,B24-47371,Building,"NEW 2-STORY DETACHED RESIDENTIAL UNIT : 4 BEDROOMS, 3 BATHROOMS WITH ATTACHED 2-CAR GARAGE","$279,772.22",Issued,08-28-2024,08-20-2025,"Goodyear Investment, Inc."
"5528 Mcculloch Avenue Unit B, Temple City, California 91780",8573-013-008,B24-47372,Building,"NEW 2-STORY DETACHED RESIDENTIAL UNIT: 4 BEDROOMS, 3 BATHROOMS WITH ATTACHED 2-CAR GARAGE","$279,772.22",Issued,08-28-2024,08-20-2025,"Goodyear Investment, Inc."
"5528 Mcculloch Avenue Unit J , Temple City, California 91780",8573-013-008,B24-47373,Building,"NEW 2-STORY DETACHED RESIDENTIAL UNIT: 4 BEDROOMS, 3 BATHROOMS WITH ATTACHED 2-CAR GARAGE","$279,772.22",Issued,08-28-2024,08-20-2025,"Goodyear Investment, Inc."
"5528 Mcculloch Avenue Unit K, Temple City, California 91780",8573-013-008,B24-47374,Building,"NEW 2-STORY DETACHED RESIDENTIAL UNIT: 4 BEDROOMS, 3 BATHROOMS WITH ATTACHED 2-CAR GARAGE","$279,772.22",Issued,08-28-2024,08-20-2025,"Goodyear Investment, Inc."
"5528 Mcculloch Avenue Unit E, Temple City, California 91780",8573-013-008,B24-47375,Building,"NEW 2-STORY DETACHED RESIDENTIAL UNIT: 4 BEDROOMS, 3 BATHROOMS WITH ATTACHED 2-CAR GARAGE","$281,428.92",Issued,08-28-2024,08-20-2025,"Goodyear Investment, Inc."
"5528 Mcculloch Avenue Unit F, Temple City, California 91780",8573-013-008,B24-47376,Building,"NEW 2-STORY DETACHED RESIDENTIAL UNIT: 4 BEDROOMS, 3 BATHROOMS WITH ATTACHED 2-CAR GARAGE","$281,428.92",Issued,08-28-2024,08-20-2025,"Goodyear Investment, Inc."
"5528 Mcculloch Avenue Unit G, Temple City, California 91780",8573-013-008,B24-47377,Building,"NEW 2-STORY DETACHED RESIDENTIAL UNIT: 4 BEDROOMS, 3 BATHROOMS WITH ATTACHED 2-CAR GARAGE","$281,428.92",Issued,08-28-2024,08-20-2025,"Goodyear Investment, Inc."
"5528 Mcculloch Avenue Unit H, Temple City, California 91780",8573-013-008,B24-47378,Building,"NEW 2-STORY DETACHED RESIDENTIAL UNIT: 4 BEDROOMS, 3 BATHROOMS WITH ATTACHED 2-CAR GARAGE","$281,428.92",Issued,08-28-2024,08-20-2025,"Goodyear Investment, Inc."
"5528 Mcculloch Avenue Unit C, Temple City, California 91780",8573-013-008,B24-47379,Building,"NEW 2-STORY DETACHED RESIDENTIAL UNIT: 4 BEDROOMS, 3 BATHROOMS WITH ATTACHED 2-CAR GARAGE","$277,618.51",Issued,08-28-2024,08-20-2025,"Goodyear Investment, Inc."
"5528 Mcculloch Avenue Unit D, Temple City, California 91780",8573-013-008,B24-47380,Building,"NEW 2-STORY DETACHED RESIDENTIAL UNIT: 4 BEDROOMS, 3 BATHROOMS WITH ATTACHED 2-CAR GARAGE","$277,618.51",Issued,08-28-2024,08-20-2025,"Goodyear Investment, Inc."
"5528 Mcculloch Avenue Unit I , Temple City, California 91780",8573-013-008,B24-47381,Building,"NEW 2-STORY DETACHED RESIDENTIAL UNIT: 4 BEDROOMS, 3 BATHROOMS WITH ATTACHED 2-CAR GARAGE","$277,618.51",Issued,08-28-2024,08-20-2025,
"4902 Persimmon Avenue Unit B , Temple City, California 91780",8574-024-026,B25-49130,Building,"NEW 800 SQ.FT. DETACHED ACCESSORY DWELLING UNIT: TWO BEDROOMS, TWO BATHROOMS, KITCHEN. 24 SQ.FT. FRONT PORCH","$134,076.56",Issued,05-05-2025,08-20-2025,"Acer Fire Protection, Inc."
"5327 Loma Avenue Unit A-B , Temple City, California 91780",5388-007-008,B25-49281,Building,"EXISTING MAIN HOUSE 2073 SQ.FT. CONVERTING DEN AND LAUNDRY ROOM INTO 475 SQ.FT. JUNIOR ADU: ONE BEDROOM, ONE BATHROOM AND KITCHEN",$8000,Issued,05-22-2025,08-20-2025,"HJ Design and Construction LLC"
"4946 Heleo Avenue, Temple City, California 91780",8590-022-009,E25-49858,Electrical,"TEMPORARY POWER POLE",$0,Finaled,08-20-2025,08-20-2025,"Overseas Union Construction & Development Inc."
"4902 Persimmon Avenue Unit B , Temple City, California 91780",8574-024-026,E25-49859,Electrical,"ELECTRICAL FOR A NEW DETACHED ACCESSORY DWELLING UNIT WITH 200 AMP SERVICE PANEL",$0,Issued,08-20-2025,08-20-2025,"Acer Fire Protection, Inc."
"4946 Heleo Avenue, Temple City, California 91780",8590-022-009,G24-47337,Grading,"GRADING FOR TWO LOT SUBDIVISION FOR NEW SINGLE FAMILY DWELLINGS",$0,Issued,08-22-2024,08-20-2025,"Overseas Union Construction & Development Inc."
"4902 Persimmon Avenue Unit B , Temple City, California 91780",8574-024-026,M25-49860,Mechanical,"INSTALL HVAC SYSTEM, AIR INLETS AND VENTILATION FANS FOR THE NEW DETACHED ACCESSORY DWELLING UNIT",$0,Issued,08-20-2025,08-20-2025,"Acer Fire Protection, Inc."
"4902 Persimmon Avenue Unit B , Temple City, California 91780",8574-024-026,P25-49861,Plumbing,"PLUMBING FOR A NEW DETACHED ACCESSORY DWELLING AND CONNECT TO PUBLIC SEWER",$0,Issued,08-20-2025,08-20-2025,"Acer Fire Protection, Inc."
"5119 Pal Mal Avenue, Temple City, California 91780",8585-022-010,B25-49433,Building,"INTERIOR REMODEL OF EXISTING 978 SQ.FT. AND ADDITION OF 1522 SQ.FT. AND CONVERT (E) GARAGE INTO LIVING AREA: 4 BEDROOMS, 3 BATHROOMS, STUDY ROOM, KITCHEN, LIVING ROOM, DINING ROOM. 31 SQ.FT. FRONT PORCH AND 450 SQ.FT. ATTACHED NEW 2-CAR GARAGE","$426,000",Issued,06-17-2025,08-21-2025,"Potato Construction Inc."
"9073 Acaso Drive, Temple City, California 91780",5388-016-002,E25-49862,Electrical,"NEMA 14-50 EV CHARGE RECEPTACLE INSTALLATION",$0,Issued,08-21-2025,08-21-2025,"Timax Electric Inc."
"5119 Pal Mal Avenue, Temple City, California 91780",8585-022-010,E25-49863,Electrical,"TEMPORARY POWER POLE",$0,Issued,08-21-2025,08-21-2025,"Potato Construction Inc."
"5119 Pal Mal Avenue, Temple City, California 91780",8585-022-010,E25-49864,Electrical,"(15) BRANCH CIRCUITS, (15) OUTLETS, (15) LIGHT FIXTURES, FAU/AC UNITS, GARBAGE DISPOSAL, DISHWASHER, RANGE HOOD, WASHING MACHINE, EXHAUST FANS AND 200 AMP SERVICE PANEL",$0,Issued,08-21-2025,08-21-2025,"Potato Construction Inc."
"4941 Camellia Avenue Unit A-B , Temple City, California 91780",8589-014-023,E25-49867,Electrical,"UPGRADE ELECTRICAL METER TO 200 AMP PANEL",$0,Issued,08-21-2025,08-21-2025,"CL Builders & Development Inc."
"5119 Pal Mal Avenue, Temple City, California 91780",8585-022-010,M25-49865,Mechanical,"INSTALL HVAC SYSTEM, AIR INLETS AND VENTILATION FANS",$0,Issued,08-21-2025,08-21-2025,"Potato Construction Inc."
"5119 Pal Mal Avenue, Temple City, California 91780",8585-022-010,P25-49866,Plumbing,"BATHTUB/SHOWERS, CLOTHES WASHER, DISHWASHER, HOSE BIBBS, LAVATORIES, SINK, ROOF RAIN, WATER CLOSETS, WATER CLOSET AND GAS OUTLETS",$0,Issued,08-21-2025,08-21-2025,"Potato Construction Inc."
"6042 Cloverly Avenue, Temple City, California 91780",5385-007-022,P25-49868,Plumbing,"REPIPE REPLACEMENT AT KITCHEN AND LAUNDRY",$0,Issued,08-21-2025,08-21-2025,Owner-Builder
"6042 Cloverly Avenue, Temple City, California 91780",5385-007-022,P25-49869,Plumbing,"REPIPE REPLACEMENT BATHROOM #1",$0,Issued,08-21-2025,08-21-2025,Owner-Builder
"9662 Garibaldi Avenue, Temple City, California 91780",5385-018-003,B25-49306,Building,"INTERIOR REMODEL CONVERT DINING ROOM INTO BEDROOM #3. KITCHEN AND BATHROOMS REMODEL. MAKE AN OPENING ON THE NON LOAD BEARING WALL SHARED BY KITCHEN AND LIVING ROOM. REPLACE THE SLIDING DOOR IN DINING ROOM WITH 2-3046 VINYL SINGLE HUNG WINDOWS. ADD A DOOR THAT LEADS INTO BEDROOM #3 FROM THE HALLWAY. REPLACE ALL WINDOWS W/LIKE FOR LIKE VINYL FRAME WINDOWS (LOW-E GLASS DOUBLE PANE) REPLACE ALL DOORS LIKE FOR LIKE. DEMO BEDROOM #1 CLOSET AND ADD A NEW BATHROOM. AND CREATE 36' OPENING FROM LIVING ROOM LEADING INTO THE HALLWAY.","$40,000",Issued,05-29-2025,08-25-2025,"Western Dwelling INC"
"6231 Sultana Avenue Unit B, Temple City, California 91780",5384-005-033,B25-49885,Building,"INSULATION IN ATTAIC",$2650.5,Issued,08-25-2025,08-25-2025,
"9662 Garibaldi Avenue, Temple City, California 91780",5385-018-003,E25-49875,Electrical,"REMODEL: (34) LIGHTS SWITCHES RECEPTACLES, (27) LIGHTING FIXTURES,(1) FAU, (1) GARBAGE DISPOSAL, (1) DISHWASHER, (1) WASHING MACHINE, (3) EXHAUST FANS, (1) AC",$0,Issued,08-25-2025,08-25-2025,"Western Dwelling INC"
"5350 Persimmon Avenue, Temple City, California 91780",8573-005-011,E25-49881,Electrical,"(1) REWIRE",$0,Issued,08-25-2025,08-25-2025,"EDUARDO AND SON'S ELECTRIC SERVICES"
"6125 Hart Avenue, Temple City, California 91780",5384-008-020,E25-49882,Electrical,"200A MPU & 240V EV CHARGER OUTLET",$0,Issued,08-25-2025,08-25-2025,"ULTIMAX ELECTRIC CORP"
"6029 Loma Avenue Unit A, Temple City, California 91780",5384-014-021,E25-49883,Electrical,"200A MPU & EV CHARGER OUTLET",$0,Issued,08-25-2025,08-25-2025,"ULTIMAX ELECTRIC CORP"
"5947 Reno Avenue, Temple City, California 91780",5384-018-044,E25-49884,Electrical,"TPP W/ 100A PANEL",$0,Issued,08-25-2025,08-25-2025,"Pac Builders Corp."
"5626 Pal Mal Avenue, Temple City, California 91780",8586-009-020,E25-49886,Electrical,"(1) OUTLET IN LAUNDRY",$0,Issued,08-25-2025,08-25-2025,
"9662 Garibaldi Avenue, Temple City, California 91780",5385-018-003,M25-49874,Mechanical,"REMODEL: (1) BOILER, (1)STOVE, (1) SERVICED FAU, (10) EXHAUST VENTS, (1) FIRE DAMPER, (1) DUCT ALTERATION",$0,Issued,08-25-2025,08-25-2025,"Western Dwelling INC"
"5461 Sultana Avenue, Temple City, California 91780",5388-003-008,M25-49877,Mechanical,"AC INSTALLATION",$0,Issued,08-25-2025,08-25-2025,"M E G HOLDINGS INC"
"5463 Sultana Avenue, Temple City, California 91780",5388-003-008,M25-49878,Mechanical,"AC INSTALLATION",$0,Issued,08-25-2025,08-25-2025,"M E G HOLDINGS INC"
"9040 Broadway, Temple City, California 91780",5388-003-008,M25-49879,Mechanical,"AC INSTALLATION",$0,Issued,08-25-2025,08-25-2025,"M E G HOLDINGS INC"
"4941 Camellia Avenue Unit A-B, Temple City, California 91780",8589-014-023,P25-49873,Plumbing,"(1) SHOWER PAN /SHOWER",$0,Issued,08-25-2025,08-25-2025,"CL Builders & Development Inc."
"9662 Garibaldi Avenue, Temple City, California 91780",5385-018-003,P25-49876,Plumbing,"REMODEL: (2) BACKFLOW PREVENTION/SPRINKLER, (2) BATHTUB/SHOWER, (1) DISHWASHER, (2) HOSE BIBBS, (3) SINKS, (1) PRESSURE REGULATOR, (1) GAS METER",$0,Issued,08-25-2025,08-25-2025,"Western Dwelling INC"
"9102 Emperor Avenue, San Gabriel, California 91775",5382-015-001,B25-49887,Building,"TEAR OFF REROOF HOUSE SHINGLES","$12,500",Issued,08-26-2025,08-26-2025,"HH PREFERRED ROOFING"
"9102 Emperor Avenue, San Gabriel, California 91775",5382-015-001,B25-49888,Building,"TEAR OFF REROOF DETACHED GARAGE SHINGLES","$12,500",Issued,08-26-2025,08-26-2025,"HH PREFERRED ROOFING"
"5817 Myda Avenue, Temple City, California 91780",5387-014-019,E25-49890,Electrical,"200A MPU & 240V EV OUTLET",$0,Issued,08-26-2025,08-26-2025,"ELUMINT INC"
"9974 Bogue Street, Temple City, California 91780",8588-015-029,P25-49889,Plumbing,"COPPER REPIPE (10) FIXTURES",$0,Issued,08-26-2025,08-26-2025,"M M PLUMBING"
"5335 Fratus Drive, Temple City, California 91780",8590-001-009,B25-49891,Building,"SEISMIC RETROFIT PER LADBS STANDARD PLAN 1 DETAIL 7",$3000,Issued,08-27-2025,08-27-2025,"Haro Retrofit & Renovations"
"9578 Las Tunas Drive, Temple City, California 91780",8587-015-012,B25-49894,Building,"""CAFE SPOT"" ILLUMINATED CHANNEL LETTER SIGN",$4850,Issued,08-27-2025,08-27-2025,"Sam's Signs"
"6012 Reno Avenue, Temple City, California 91780",5384-017-009,B25-49898,Building,"ROOF MOUNT SOLAR 3.28 KW DC 2.32KW AC (ENPHASE SYSTEM) 98) MODULES",$0,Issued,08-27-2025,08-27-2025,"Sun Switch Inc."
"9230 Flaherty Street, Temple City, California 91780",5385-003-005,B25-49899,Building,"TEAR OFF REROOF HOUSE SHINGLES",$4900,Issued,08-27-2025,08-27-2025,"Ruano Construction Inc. dba SoCal Roofing Solutions"
"9230 Flaherty Street, Temple City, California 91780",5385-003-005,B25-49900,Building,"TEAR OFF REROOF DETACHED GARAGE SHINGLES",$1820,Issued,08-27-2025,08-27-2025,"Ruano Construction Inc. dba SoCal Roofing Solutions"
"9557 Workman Avenue, Temple City, California 91780",8587-015-029,B25-49902,Building,"TEAR OFF REROOF MAIN HOUSE & ATTACHED GARAGE","$22,000",Issued,08-27-2025,08-27-2025,"JIANCAI CONSTRUCTION"
"9416 Pentland Street, Temple City, California 91780",8590-012-002,E25-49892,Electrical,"22KW STANDBY BACKUP GENERATOR CONNECTING TO (E) GAS METER",$0,Issued,08-27-2025,08-27-2025,"JB POWER DBA GENERATOR SUPERCENTER OF INLAND EMPIRE"
"5618 Mcculloch Avenue, Temple City, California 91780",8573-013-024,E25-49895,Electrical,"(1) WASHER DRYER HOOKUP FOR FUTURE USE",$0,Issued,08-27-2025,08-27-2025,
"5618 Mcculloch Avenue, Temple City, California 91780",8573-013-024,M25-49896,Mechanical,"(1) APPLICANCE VENT FOR FUTURE USE",$0,Issued,08-27-2025,08-27-2025,
"9416 Pentland Street, Temple City, California 91780",8590-012-002,P25-49893,Plumbing,"(1) OUTLET",$0,Issued,08-27-2025,08-27-2025,"JB POWER DBA GENERATOR SUPERCENTER OF INLAND EMPIRE"
"5618 Mcculloch Avenue, Temple City, California 91780",8573-013-024,P25-49897,Plumbing,"(1) RELOCATE GAS OUTLET (1) CLOTHESWASHER FOR FUTURE USE",$0,Issued,08-27-2025,08-27-2025,
"10748 Fairview Avenue Unit B, Temple City, California 91780",8574-022-004,P25-49901,Plumbing,"(1) WATER HEATER",$0,Issued,08-27-2025,08-27-2025,"KCW CONSTRUCTION & PLUMBING INC"
"6026 Camellia Avenue, Temple City, California 91780",5385-018-035,B25-49870,Building,"TILE RELAY: NEW FELT TO BE INSTALLED USING EXISTING TILE. REPLACE BROKEN TILE",$8000,Issued,08-21-2025,08-28-2025,"Bull Roofing Inc."
"5544 Mcculloch Avenue, Temple City, California 91780",8573-013-035,B25-49904,Building,"TEAR OFF REROOF FRONT BLDG SHINGLES","$18,750",Issued,08-28-2025,08-28-2025,"Sierra Grande Roofing Inc."
"5544 Mcculloch Avenue, Temple City, California 91780",8573-013-035,B25-49905,Building,"TEAR OFF REROOF REAR BLDG SHINGLES","$25,000",Issued,08-28-2025,08-28-2025,"Sierra Grande Roofing Inc."
"5030 Alessandro Avenue, Temple City, California 91780",8590-023-020,E25-49907,Electrical,"100A SUBPANEL",$0,Issued,08-28-2025,08-28-2025,"Dui Dui Inc."
