"9321 Broadway Unit A, Temple City, California 91780",8588-002-010,B24-47880,Building,"682 SQ.FT. ADDITION OF TWO BEDROOMS, TWO BATHROOMS, FAMILY ROOM. 463 SQ.FT. ATTACHED 2-CAR GARAGE AND 102 SQ.FT. INTERIOR REMODEL TO REMOVE ONE EXISTING BATHROOM AND REMODEL ONE EXISTING BATHROOM","$167,639.94",Issued,11-06-2024,06-02-2025,"TB Construction"
"9321 Broadway Unit B , Temple City, California 91780",8588-002-010,B24-47881,Building,"NEW 850 SQ.FT. DETACHED ACCESSORY DWELLING UNIT: THREE BEDROOMS, TWO BATHROOMS, LIVING ROOM, KITCHEN 24 SQ.FT. FRONT PORCH","$142,360.66",Issued,11-06-2024,06-02-2025,"TB Construction"
"4902 Baldwin Avenue Unit A-B , Temple City, California 91780",8585-009-024,B25-48922,Building,"CONVERT EXISTING 406 SQ.FT. ATTACHED 2-CAR GARAGE INTO ACCESSORY DWELLING UNIT: ONE BEDROOM, ONE BATHROOM AND KITCHEN","$41,200.88",Issued,04-09-2025,06-02-2025,Owner-Builder
"5016 Farago Avenue, Temple City, California 91780",8574-009-049,B25-49206,Building,"INTERIOR REMODEL OF THE EXISTING ONE STORY RESIDENCE: (1) REMOVE EXISTING POWDER ROOM NEAR AT THE KITCHEN (2) ENLARGE THE EXISTING KITCHEN COUNTER WITH NEW CABINET AND KITCHEN APPLIANCE (3) REMODEL TWO BATHROOMS (4) ENCLOSE PORTION OF THE EXISTING MASTER BEDROOM AREA TO WALK-IN CLOSET (5) REPLACE WINDOWS AT KITCHEN, LIVING ROOM AND BATHROOM (6) PROVIDE NEW EGRESS WINDOW AT MASTER BEDROOM AT THE REAR OF THE HOUSE","$50,000",Issued,05-13-2025,06-02-2025,Owner-Builder
"5612 Glickman Avenue, Temple City, California 91780",8586-016-005,B25-49322,Building,"REMODEL KITCHEN AND BATHROOM, FIXTURES IN SAME LOCATION",$4500,Issued,06-02-2025,06-02-2025,Owner-Builder
"5623 Encinita Avenue, Temple City, California 91780",5387-019-006,B25-49326,Building,"INTERIOR REMODEL EXISTING ONE SINGLE FAMILY DWELLING TO REARRANGE PARTITION WALLS, ADDING TWO BATHROOMS AND REPLACING ALL EXISTING WINDOWS.","$100,000",Issued,06-02-2025,06-02-2025,Owner-Builder
"9177 Las Tunas Drive, Temple City, California 91780",5387-016-002,B25-49334,Building,"NEW WALL SIGN INTERNALLY ILLUMINATED CHANNEL LETTERS ON STOREFRONT AND NEW SIGN ON PARKING LOT SIDE OF BUILDING (HOME BLISS)",$1200,Issued,06-02-2025,06-02-2025,"Gil Sign Company"
"5557 Harker Avenue, Temple City, California 91780",5387-026-037,B25-49337,Building,"TEAR OFF EXISTING ROOF. REPAIR DAMAGED ROOF SHEATHING. INSTALL 30 YEAR ASPHALT SHINGLES HOUSE & ATTACHED GARAGE 29 SQ'S","$13,000",Issued,06-02-2025,06-02-2025,"Golden West Roofing Services Inc."
"6003 Loma Avenue, Temple City, California 91780",5384-014-024,B25-49338,Building,"TEAR OFF EXISTING ROOF. INSTALL OSB RADIANT BARRIERS AND NEW SHEATHING. INSTALL 3O YEAR ASPHALT SHINGLES 21 SQ'S","$16,500",Issued,06-02-2025,06-02-2025,"Golden West Roofing Services Inc."
"6121 Camellia Avenue, Temple City, California 91780",5385-015-013,B25-49340,Building,"TEAR OFF EXISTING ROOF AND ROOF REPLACEMENT ASPHALT SHINGLE ON DETACHED GARAGE (SEE ALSO PERMIT # B25-48704)",$0,Finaled,06-02-2025,06-02-2025,Owner-Builder
"4844 Fratus Drive, Temple City, California 91780",8590-028-001,B25-49343,Building,"NEW SOLAR ROOF MOUNTED - 9.020KW (21) MODULES. DUAL BATTERY SYSTEM WITH (1) TESLA POWERWALL 3 AND (1) DC EXPANSION PACK",$0,Issued,06-02-2025,06-02-2025,"Orange County Solar Contracting Services Inc. dba Orange County Contracting Services"
"9321 Broadway, Temple City, California 91780",8588-002-010,D25-49333,Demolition,"DEMOLISH EXISTING DETACHED GARAGE",$0,Issued,06-02-2025,06-02-2025,"TB Construction"
"5612 Glickman Avenue, Temple City, California 91780",8586-016-005,E25-49323,Electrical,"(2) OUTLETS",$0,Issued,06-02-2025,06-02-2025,Owner-Builder
"9321 Broadway Unit A , Temple City, California 91780",8588-002-010,E25-49327,Electrical,"(6) BRANCH CIRCUITS, (4) BRANCH CIRCUITS LIGHTING, (40) OUTLETS, (11) LIGHT FIXTURES, FAU, WASHING MACHINE, EXHAUST FANS, HEAT PUMP, ELECTRIC WATER HEATER AND UPGRADE SERVICE PANEL TO 200 AMP",$0,Issued,06-02-2025,06-02-2025,"TB Construction"
"9321 Broadway Unit B , Temple City, California 91780",8588-002-010,E25-49330,Electrical,"ELECTRICAL FOR A NEW DETACHED ACCESSORY DWELLING UNIT WITH 200 AMP SERVICE PANEL",$0,Issued,06-02-2025,06-02-2025,"TB Construction"
"9177 Las Tunas Drive, Temple City, California 91780",5387-016-002,E25-49335,Electrical,"NEW WALL SIGN INTERNALLY ILLUMINATED CHANNEL LETTERS ON STOREFRONT AND NEW SIGN ON PARKING LOT SIDE OF BUILDING (HOME BLISS)",$0,Issued,06-02-2025,06-02-2025,"Gil Sign Company"
"5419 Cloverly Avenue, Temple City, California 91780",8588-028-018,E25-49336,Electrical,"UPGRADE PANEL TO 200 AMP AND INSTALL OUTLET FOR EV CHARGER LV2 ON OUTSIDE OF THE HOUSE",$0,Issued,06-02-2025,06-02-2025,"United Electric"
"4844 Fratus Drive, Temple City, California 91780",8590-028-001,E25-49344,Electrical,"DUAL BATTERY SYSTEM WITH (1) TESLA POWERWALL 3 AND (1) DC EXPANSION PACK",$0,Issued,06-02-2025,06-02-2025,"Orange County Solar Contracting Services Inc. dba Orange County Contracting Services"
"5612 Glickman Avenue, Temple City, California 91780",8586-016-005,M25-49324,Mechanical,"REPLACE KITCHEN HOOD",$0,Issued,06-02-2025,06-02-2025,Owner-Builder
"9321 Broadway Unit A , Temple City, California 91780",8588-002-010,M25-49328,Mechanical,"INSTALL HVAC SYSTEM, AIR INLETS, AIR HANDLING AND VENTILATION FANS",$0,Issued,06-02-2025,06-02-2025,"TB Construction"
"9321 Broadway Unit B , Temple City, California 91780",8588-002-010,M25-49331,Mechanical,"INSTALL HVAC SYSTEM, AIR INLETS, AIR HANDLING AND VENTILATION FANS FOR THE DETACHED ACCESSORY DWELLING UNIT",$0,Issued,06-02-2025,06-02-2025,"TB Construction"
"5612 Glickman Avenue, Temple City, California 91780",8586-016-005,P25-49325,Plumbing,"REPLACE BATHTUB TO SHOWER",$0,Issued,06-02-2025,06-02-2025,Owner-Builder
"9321 Broadway Unit A, Temple City, California 91780",8588-002-010,P25-49329,Plumbing,"SHOWERS, CLOTHES WASHER, HOBE BIBB, LAVATORIES , WATER HEATER, GAS OUTLET AND WATER CLOSETS",$0,Issued,06-02-2025,06-02-2025,"TB Construction"
"9321 Broadway Unit B , Temple City, California 91780",8588-002-010,P25-49332,Plumbing,"PLUMBING FOR A NEW DETACHED ACCESSORY DWELLING UNIT AND CONNECT TO PUBLIC SEWER",$0,Issued,06-02-2025,06-02-2025,"TB Construction"
"6047 Oak Avenue Unit B , Temple City, California 91780",5385-005-004,B25-49348,Building,"ROOF MOUNTED PV SOLAR ON ADU 2.55KW (6) MODULES (1) AC DISCONNECT",$0,Finaled,06-03-2025,06-03-2025,"Modern America Electric Inc."
"5763 Loma Avenue Unit B , Temple City, California 91780",5387-023-001,E25-49357,Electrical,"ELECTRICAL FOR A NEW DETACHED ACCESSORY DWELLING UNIT WITH 100 AMP SERVICE PANEL",$0,Issued,06-03-2025,06-03-2025,"Robert L Fung Construction Inc."
"5665 Rosemead Boulevard, Temple City, California 91780",5387-031-066,E25-49360,Electrical,"FIREWORKS STAND 2025 - GENERATOR",$0,Finaled,06-03-2025,06-03-2025,"Primo Electric"
"5763 Loma Avenue Unit B , Temple City, California 91780",5387-023-001,M25-49358,Mechanical,"INSTALL (1) MINI SPLIT SYSTEM AND VENTILATION FANS FOR A NEW DETACHED ACCESSORY DWELLING UNIT",$0,Issued,06-03-2025,06-03-2025,"Robert L Fung Construction Inc."
"5763 Loma Avenue Unit B , Temple City, California 91780",5387-023-001,P25-49359,Plumbing,"PLUMBING FOR A NEW DETACHED ACCESSORY DWELLING UNIT AND CONNECT TO PUBLIC SEWER",$0,Issued,06-03-2025,06-03-2025,"Robert L Fung Construction Inc."
"9243 Flaherty Street, Temple City, California 91780",5385-003-008,B25-49361,Building,"HOUSE - REMOVE EXISTING ROOF. INSTALL NEW COMP SHINGLE OVER EXISTING WOOD",$9800,Finaled,06-04-2025,06-04-2025,"Keefer's Roofing"
"9243 Flaherty Street, Temple City, California 91780",5385-003-008,B25-49362,Building,"DETACHED GARAGE - REMOVE EXISTING ROOF. INSTALL NEW COMP SHINGLE OVER EXISTING WOOD",$5800,Finaled,06-04-2025,06-04-2025,"Keefer's Roofing"
"9720 Las Tunas Drive, Temple City, California 91780",8587-024-014,B25-49363,Building,"(1) ILLUMINATED INDIVIDUAL CHANNEL LETTER WALL SIGN TO READ ""US PROMISSORY CPA A PROFESSIONAL CORPORATION",$2600,Issued,06-04-2025,06-04-2025,"Martinez Electric"
"6210 Golden West Avenue, Temple City, California 91780",5385-025-034,B25-49365,Building,"INSTALL A (11.04 KW) ROOF MOUNTED PV SYSTEM WITH (24) MODULES, (1) ESS BATTERY (15.8KW)","$38,100",Issued,06-04-2025,06-04-2025,"First American Solar dba First America Solar Electrical"
"9441 Las Tunas Drive, Temple City, California 91780",8587-008-018,E25-49349,Electrical,"FIREWORKS STAND LIGHTING - 2025",$0,Issued,06-03-2025,06-04-2025,"KC Electric"
"9470 Las Tunas Drive, Temple City, California 91780",8587-009-025,E25-49350,Electrical,"FIREWORKS STAND LIGHTING - 2025",$0,Finaled,06-03-2025,06-04-2025,"KC Electric"
"9945 Las Tunas Drive, Temple City, California 91780",8587-032-020,E25-49351,Electrical,"FIREWORKS STAND LIGHTING - 2025",$0,Finaled,06-03-2025,06-04-2025,"KC Electric"
"9501 Lemon Avenue, Arcadia, California 91780",5382-013-903,E25-49352,Electrical,"FIREWORKS STAND LIGHTING - 2025 (STUDENT PARKING LOT)",$0,Issued,06-03-2025,06-04-2025,"KC Electric"
"5585 Rosemead Boulevard, Temple City, California 91780",5387-031-061,E25-49353,Electrical,"FIREWORKS STAND LIGHTING - 2025",$0,Finaled,06-03-2025,06-04-2025,"KC Electric"
"5829 Rosemead Boulevard, Temple City, California 91780",5387-012-047,E25-49354,Electrical,"FIREWORKS STAND LIGHTING - 2025",$0,Finaled,06-03-2025,06-04-2025,"KC Electric"
"6328 Rosemead Boulevard, Temple City, California 91775",5382-021-026,E25-49355,Electrical,"FIREWORKS STAND LIGHTING - 2025",$0,Issued,06-03-2025,06-04-2025,"KC Electric"
"4800 Temple City Boulevard, Temple City, California 91780",8589-015-002,E25-49356,Electrical,"FIREWORKS STAND LIGHTING - 2025",$0,Finaled,06-03-2025,06-04-2025,"KC Electric"
"9720 Las Tunas Drive, Temple City, California 91780",8587-024-014,E25-49364,Electrical,"(1) ILLUMINATED INDIVIDUAL CHANNEL LETTER WALL SIGN TO READ ""US PROMISSORY CPA A PROFESSIONAL CORPORATION",$0,Issued,06-04-2025,06-04-2025,"Martinez Electric"
"6210 Golden West Avenue, Temple City, California 91780",5385-025-034,E25-49366,Electrical,"(1) ESS BATTERY (15.8KW) (1) 200A SUBPANEL & MPU TO 225A",$0,Issued,06-04-2025,06-04-2025,"First American Solar dba First America Solar Electrical"
"9916 La Rosa Drive, Temple City, California 91780",8589-023-004,B25-49369,Building,"TEAR OFF EXISTING ROOF. REPLACE WITH ASPHALT SHINGLES",$7000,Issued,06-05-2025,06-05-2025,Owner-Builder
"5103 Fratus Drive Unit A , Temple City, California 91780",8590-031-013,E25-49370,Electrical,"(10) BRANCH CIRCUITS (30) OUTLETS, (5) LIGHT FIXTURES, FAU/AC UNITS GARBAGE DISPOSAL, DISHWASHER, RANGE HOOD, WASHING MACHINE AND EXHAUST FANS",$0,Issued,06-05-2025,06-05-2025,Owner-Builder
"5103 Fratus Drive Unit B , Temple City, California 91780",8590-031-013,E25-49373,Electrical,"ELECTRICAL FOR A NEW DETACHED ACCESSORY DWELLING UNIT",$0,Issued,06-05-2025,06-05-2025,Owner-Builder
"5103 Fratus Drive Unit A , Temple City, California 91780",8590-031-013,M25-49371,Mechanical,"INSTALL HVAC SYSTEM, AIR INLETS AND VENTILATION FANS",$0,Issued,06-05-2025,06-05-2025,Owner-Builder
"5103 Fratus Drive Unit B , Temple City, California 91780",8590-031-013,M25-49374,Mechanical,"INSTALL HVAC SYSTEM, AIR INLETS AND VENTILATION FANS FOR A NEW DETACHED ACCESSORY DWELLING UNIT",$0,Issued,06-05-2025,06-05-2025,Owner-Builder
"5103 Fratus Drive Unit A, Temple City, California 91780",8590-031-013,P25-49372,Plumbing,"BATHTUS/SHOWERS, CLOTHES WASHER, DISHWASHER, HOSE BIBBS, LAVATORIES, SINK, WATER CLOSETS AND WATER HEATER",$0,Issued,06-05-2025,06-05-2025,Owner-Builder
"5103 Fratus Drive Unit B , Temple City, California 91780",8590-031-013,P25-49375,Plumbing,"PLUMBING FOR A NEW DETACHED ACCESSORY DWELLING UNIT AND CONNECT TO PUBLIC SEWER",$0,Issued,06-05-2025,06-05-2025,Owner-Builder
"9634 Craiglee Street, Temple City, California 91780",5383-015-017,B25-49379,Building,"RE-ROOF OF HOUSE & ATTACHED GARAGE 23 SQ'S. REPAIR WOOD AS NEEDED. INSTALL SYNTHETIC UNDERLAYMENT. INSTALL OWENS CORNING TRUDEFINITION DURATION COOL PLUS MIDNIGHT CRRC #08790-0038 SRI.20","$10,000",Finaled,06-09-2025,06-09-2025,"Barron Roofing, Inc."
"5807 Encinita Avenue, Temple City, California 91780",5387-017-031,B25-49383,Building,"TEAR OFF 1/2"" PLYWOOD (CDX) SYNTHETIC FELT 40 YEARS COOL SHINGLE (OWEN'S CORNING ) 18 SQ'S (NO GARAGE)","$15,000",Finaled,06-09-2025,06-09-2025,"Google Roofing Inc."
"9850 East Lemon Avenue, Arcadia, California 91007",5383-025-021,B25-49384,Building,"TEAR OFF OLD ROOF. INSTALL NEW ROOF SHINGLE TORCH DOWN","$10,500",Finaled,06-09-2025,06-09-2025,"Tectum Roofing"
"5812 Kauffman Avenue, Temple City, California 91780",8587-024-026,B25-49389,Building,"VOLUNTARY FOUNDATION RETROFIT PER LADBS STANDARD PLAN DETAIL #7",$3000,Issued,06-09-2025,06-09-2025,"White Oak Construction"
"6207 Avon Avenue, San Gabriel, California 91775",5386-007-073,B25-49391,Building,"15 SQ.'S REMOVE & STACK EXISTING CONCRETE FLAT TILES. REMOVE & DISPOSE EXISTING UNDERLAYMENT, METALS & FLASHINGS . REPLACE SHEATHING IF NEEDED. INSTALL 2 LAYERS OF NEW 30# UNDERLAYMENT. INSTALL NEW METALS & FLASHINGS, REINSTALL EXISTING CONCRETE FLAT TILES",$5800,Issued,06-09-2025,06-09-2025,"Reliance Roofing Inc."
"4929 Ryland Avenue, Temple City, California 91780",8585-010-011,B25-49393,Building,"TEAR OFF EXISTING ROOF, REPLACE WOODEN ROT. REROOF WITH COMPOSITION SHINGLES","$16,000",Issued,06-09-2025,06-09-2025,"GL Construction Group Inc"
"6237 Sultana Avenue, Temple City, California 91780",5384-005-025,B25-49394,Building,"REMOVE THE EXISTING ROOF. INSTALL GAF REFLECTOR SERIES COMPOSITION SHINGLED WITH NEW FLASHINGS AND GAF SYNTHETIC UNDERLAYMENT. INSTALL TWO LAYERS OF TORCH APPLIED BITUMEN IN THE FLAT ROOF AREA.","$32,310",Issued,06-09-2025,06-09-2025,"Assured Roofing Pros. Inc."
"5641 Loma Avenue, Temple City, California 91780",5387-022-016,B25-49396,Building,"INSTALL ROOF MOUNTED PV 13.36KW DC SYSTEM (33) MODULES WITH 3 SOLAREDGE ENERGY BANKS",$0,Issued,06-09-2025,06-09-2025,"Freedom Forever Southern California LLC"
"5016 Farago Avenue, Temple City, California 91780",8574-009-049,E25-49376,Electrical,"(25) OUTLETS AND (42) LIGHT FIXTURES",$0,Issued,06-09-2025,06-09-2025,Owner-Builder
"9121 Blackley Street, Temple City, California 91780",5388-011-032,E25-49387,Electrical,"UPGRADE PANEL TO 200 AMP AND INSTALL EV-CHARGER OUTLET AT THE GARAGE",$0,Finaled,06-09-2025,06-09-2025,"Up 4 U Construction Inc."
"5554 Pal Mal Avenue, Temple City, California 91780",8586-010-046,E25-49388,Electrical,"UPGRADE PANEL TO 200 AMP AND INSTALL EV-CHARGER OUTLET AT THE GARAGE",$0,Issued,06-09-2025,06-09-2025,"Up 4 U Construction Inc."
"9015 - 9017 Hermosa Drive, Temple City, California 91780",5384-016-021,E25-49390,Electrical,"INSTALL 400 AMP SERVICE PANEL 2-GANG",$0,Issued,06-09-2025,06-09-2025,"HJ Design and Construction LLC"
"10258 West Live Oak Avenue, Arcadia, California 91007",8586-016-043,E25-49392,Electrical,"INSTALL (1) 240V 50A CIRCUIT FOR NEMA 14-50 EV OUTLET ON THE GARAGE",$0,Issued,06-09-2025,06-09-2025,"Trout Electric"
"5641 Loma Avenue, Temple City, California 91780",5387-022-016,E25-49397,Electrical,"3 SOLAREDGE ENERGY BANKS",$0,Issued,06-09-2025,06-09-2025,"Freedom Forever Southern California LLC"
"5016 Farago Avenue, Temple City, California 91780",8574-009-049,M25-49377,Mechanical,"INSTALL (2) VENTILATION FANS",$0,Issued,06-09-2025,06-09-2025,Owner-Builder
"5016 Farago Avenue, Temple City, California 91780",8574-009-049,P25-49378,Plumbing,"SHOWERS, DISHWASHER, LAVATORIES, SINK AND WATER CLOSETS",$0,Issued,06-09-2025,06-09-2025,Owner-Builder
"9111 Olema Street, Temple City, California 91780",5382-023-024,P25-49386,Plumbing,"COPPER RE-PIPE (6) PLUMBING FIXTURES, WATER HEATER AND WATER MAIN",$0,Finaled,06-09-2025,06-09-2025,"Frontline Repipes & Plumbing LLC"
"10938 Wildflower Road, Temple City, California 91780",8573-034-009,B25-49320,Building,"INSTALLATION OF A 10.008 KWDC RESIDENTIAL TESLA SOLAR ROOF, COUPLED WITH A SINGLE TESLA POWER WALL (ESS).","$81,979",Issued,06-02-2025,06-10-2025,"Home Upgrade Specialist"
"5039 Heleo Avenue, Temple City, California 91780",8590-023-001,B25-49345,Building,"(N) 7.31 KW PV SYSTEM WITH (17) HANWHA 1. TRON BLK M-G2+AC 430W PANELS (1) HANWHA QCELLS Q.MI.349B-G1 (240) INVERTER (1) HANWHA QCELLS S.SAVE D20.OSX BATTERY (E) MCB TO BE DOWNSIZED TO N 150A","$50,000",Issued,06-02-2025,06-10-2025,"Axia Solar Corp."
"9128 Olive Street, Temple City, California 91780",5388-007-028,B25-49400,Building,"TEAR OFF EXISTING ROOF, REPLACE NECESSARY WOOD & PLYWOOD AS NEEDED AND INSTALL COMP SHINGLES","$18,000",Issued,06-10-2025,06-10-2025,Owner-Builder
"10938 Wildflower Road, Temple City, California 91780",8573-034-009,E25-49321,Electrical,"SINGLE TESLA POWER WALL (ESS).",$0,Issued,06-02-2025,06-10-2025,"Home Upgrade Specialist"
"5039 Heleo Avenue, Temple City, California 91780",8590-023-001,E25-49346,Electrical,"(1) HANWHA QCELLS S.SAVE D20.OSX BATTERY (E) MCB TO BE DOWNSIZED TO N 150A",$0,Issued,06-02-2025,06-10-2025,"Axia Solar Corp."
"10521 Freer Street, Temple City, California 91780",8585-021-052,E25-49380,Electrical,"EV CHARGER PLUG NEMA 14-50, 240V, 50AMPS BREAKER IN THE GARAGE",$0,Finaled,06-09-2025,06-10-2025,"Photonics Electric & IT Services Inc."
"9545 Las Tunas Drive, Temple City, California 91780",8587-014-018,E25-49381,Electrical,"TO REPLACE (5) HVAC ELECTRICAL SERVICE DISCONNECTS",$0,Issued,06-09-2025,06-10-2025,"Summer Systems Inc."
"5318 Arden Drive, Temple City, California 91780",8585-020-004,E25-49398,Electrical,"225/220A PANEL UPGRADE WITH 200A MAIN BREAKER + 200A SUB-PANEL",$0,Finaled,06-10-2025,06-10-2025,"American Electric Company Inc."
"9545 Las Tunas Drive, Temple City, California 91780",8587-014-018,M25-49382,Mechanical,"TO REPLACE (4) EXISTING ROOFTOP UNITS LIKE FOR LIKE AND (1) EXISTING DUCTLESS SPLIT SYSTEM LIKE FOR LIKE",$0,Issued,06-09-2025,06-10-2025,"Summer Systems Inc."
"4450 Temple City Boulevard Unit A -B , Temple City, California 91780",8592-001-023,B24-47049,Building,"NEW 2 UNITS 3-STORY APARTMENTS: UNIT A: 5 BEDROOMS, 5 BATHROOMS 2000 SQ.FT. WITH ATTACHED 2-CAR GARAGE 445 SQ.FT. AND FRONT PORCH 20 SQ.FT. UNIT B: 4 BEDROOMS, 4 BATHROOMS 1935 SQ.FT. WITH ATTACHED 2-CAR GARAGE 447 SQ.FT. AND FRONT PORCH 24 SQ.FT.","$711,993.29",Issued,07-08-2024,06-11-2025,"JW Capital, Inc."
"4450 Temple City Boulevard Unit C-D , Temple City, California 91780",8592-001-023,B24-47050,Building,"NEW 2 UNITS 3-STORY APARTMENTS: UNIT C: 4 BEDROOMS, 4 BATHROOMS 1935 SQ.FT. WITH ATTACHED 2-CAR GARAGE 447 SQ.FT. AND FRONT PORCH 24 SQ.FT. UNIT D: 5 BEDROOMS, 5 BATHROOMS 2099 SQ.FT. WITH ATTACHED 2-CAR GARAGE 436 SQ.FT. AND FRONT PORCH 25 SQ.FT.","$728,137.86",Issued,07-08-2024,06-11-2025,"JW Capital, Inc."
"9461 Longden Avenue, Temple City, California 91780",5382-020-053,B25-49403,Building,"BATHROOM REMODEL","$25,000",Issued,06-11-2025,06-11-2025,"West Coast Building Construction Inc."
"9867 Wendon Street, Temple City, California 91780",5385-023-023,B25-49407,Building,"VOLUNTARY BOLTING OF MUDSILL TO FOUNDATION AS PER LADBS PLAN #1 DETAIL #7",$3500,Issued,06-11-2025,06-11-2025,"Weinstein Construction Corporation"
"5828 Agnes Avenue, Temple City, California 91780",8587-030-013,B25-49409,Building,"TEAR OFF AND REROOF WITH 30 YR COMP HOUSE 1400 SQ.FT. REPLACE PLYWOOD AS NEEDED & USE SYNTHETIC FELT CRRC # 0890-0009",$9000,Issued,06-11-2025,06-11-2025,"Tafoya Inc. dba TAF Roofing"
"5828 Agnes Avenue, Temple City, California 91780",8587-030-013,B25-49410,Building,"TEAR OFF AND REROOF WITH 30 YR COMP DETACHED GARAGE 400 SQ.FT. REPLACE PLYWOOD AS NEEDED & USE SYNTHETIC FELT CRRC # 0890-0009",$3000,Issued,06-11-2025,06-11-2025,"Tafoya Inc. dba TAF Roofing"
"9461 Longden Avenue, Temple City, California 91780",5382-020-053,E25-49404,Electrical,"RE-WIRE (E) HOUSE (15) BRANCH CIRCUITS, (47) OUTLETS, (20) LIGHT FIXTURES, FAU/AC UNITS, GARBAGE DISPOSAL, RANGE HOOD, WASHING MACHINE, EXHAUST FANS AND UPGRADE SERVICE PANEL 200 AMP",$0,Issued,06-11-2025,06-11-2025,"West Coast Building Construction Inc."
"9461 Longden Avenue, Temple City, California 91780",5382-020-053,M25-49405,Mechanical,"INSTALL HVAC SYSTEM, ALTERATION OF EXISTING DUCT SYSTEM AND VENTILATION FANS",$0,Issued,06-11-2025,06-11-2025,"West Coast Building Construction Inc."
"5318 Arden Drive Unit B , Temple City, California 91780",8585-020-004,M25-49408,Mechanical,"INSTALL (5) NEW MINI SPLIT SYSTEMS FOR DETACHED ACCESSORY DWELLING UNIT",$0,Issued,06-11-2025,06-11-2025,"AAA Builder Inc."
"9461 Longden Avenue, Temple City, California 91780",5382-020-053,P25-49406,Plumbing,"REPIPE (9) PLUMBING FIXTURES AND REPLACE BATHTUB/SHOWER",$0,Issued,06-11-2025,06-11-2025,"West Coast Building Construction Inc."
"9858 East Lemon Avenue, Arcadia, California 91007",5383-025-027,B25-49399,Building,"DETACHED GARAGE ONLY - TEAR OFF AND INSTALL 6 SQ'S OF COMP SHINGLES SHEATHING REPLACED AS NEEDED",$3000,Issued,06-10-2025,06-12-2025,"Greencal Construction Inc."
"5733 Golden West Avenue, Temple City, California 91780",8587-023-008,B25-49418,Building,"TEAR OFF EXISTING ROOM AND INSTALL NEW COOL ROOF SHINGLES",$8790,Issued,06-12-2025,06-12-2025,"Chuanshan Guo"
"5335 Noel Drive, Temple City, California 91780",5388-006-001,B25-49419,Building,"REROOF 1800 SQ.FT. SHINGLE ROOF. DEMO EXISTING SHINGLE ROOF NO SHEATHING",$8500,Issued,06-12-2025,06-12-2025,"Evr Best Construction, Inc."
"5023 Farago Avenue, Temple City, California 91780",8574-008-025,B25-49420,Building,"SLOPE AREA: REMOVE EXISTING ROOF AND INSTALL OWENS CORNING COOL ROOF COLOR ""SHASTA WHITE"" CRRC - 0890-0008. LOW SlOPE AREA: REMOVE EXISTING ROOF AND INSTALL TORCH DOWN ENERGY TORCH COOL ROOF SLOPE AREA = 19 SQ'S","$17,246",Issued,06-16-2025,06-16-2025,"Sierra Grande Roofing Inc."
"6023 Rowland Avenue Unit B , Temple City, California 91780",5385-028-008,B25-49426,Building,"INSTALLATION OF 2 KW DC ROOF-MOUNTED PHOTOVOLTAIC SYSTEM ON A NEW ADU. CONSISTING (5) MODULES AND (5) MICRO-INVERTERS. NO MAIN PANEL UPGRADE REQUIRED.",$7300,Issued,06-16-2025,06-17-2025,"Solar Contractors Inc. dba Bright Spot Solar"
"9461 Olive Street, Temple City, California 91780",8588-028-012,B25-49429,Building,"9.66 KW ROOF MOUNTED PV SYSTEM (21) PANELS - ENPHASE MICRO-INVERTERS 2 5P BATTERIES",$0,Issued,06-17-2025,06-17-2025,"3 Seven 10 Enterprise"
"4833 Doreen Avenue, Temple City, California 91780",8585-024-033,B25-49431,Building,"DETACHED GARAGE - TEAR OFF (3) LAYERS OF COMP ROOFING. INSTALL NEW GAF HDZ RS SAGEWOOD SHINGLES CRRC # 0676-0132",$2500,Finaled,06-17-2025,06-17-2025,"Competition Roofing Inc."
"10302 Freer Street, Temple City, California 91780",8585-019-001,B25-49432,Building,"TEAR OFF AND RE-ROOF WITH GAF TIMBERLINE HDZ-RS, INSTALL GAF TIGER PAW SYNTHETIC UNDERLAYMENT AND GAF WEATHER WATCH LEAK BARRIER. INSTALLATION OF GAF ASPHALT AND GAF ENERGY TIMBERLINE SOLAR ENERGY SHINGLES TOTAL 24 SQ'S","$68,900",Issued,06-17-2025,06-17-2025,"Sudduth Construction, Inc. dba Guardian Roofs Energy Solutions"
"5030 Alessandro Avenue Unit A-B , Temple City, California 91780",8590-023-020,E25-49427,Electrical,"UPGRADE EXISTING 100 AMP ELECTRICAL PANEL TO 300 AMP DUAL GANG PANEL (1) 100 AMP SERVICE PANEL (SEE ALSO PERMIT # E24-48158)",$0,Issued,06-17-2025,06-17-2025,"Dui Dui Inc."
"5304 Glickman Avenue, Temple City, California 91780",8585-004-023,E25-49428,Electrical,"INSPECTION OF THE 200 AMP SERVICE PANEL",$0,Finaled,06-17-2025,06-17-2025,"Tai Construction Inc."
"9461 Olive Street, Temple City, California 91780",8588-028-012,E25-49430,Electrical,"2 5P BATTERIES",$0,Issued,06-17-2025,06-17-2025,"3 Seven 10 Enterprise"
"4941 Alessandro Avenue, Temple City, California 91780",8590-025-001,B25-49434,Building,"SUPPLEMENTAL PERMIT FOR THE DETACHED GARGE (SEE ALSO PERMIT # B25-49262) TO TEAR OFF EXISTING SHINGLE ROOF WITH NEW SHINGLES ROOF 2800 SQ.FT. AND REPLACE ATTIC INSULATION",$0,Issued,06-18-2025,06-18-2025,"Shih Management Inc."
"4908 Agnes Avenue, Temple City, California 91780",8589-024-007,B25-49435,Building,"CONVERT A PORTION OF THE EXISTING FAMILY ROOM INTO NEW BEDROOM AND BATHROOM","$15,000",Issued,06-18-2025,06-18-2025,Owner-Builder
"5338 Cloverly Avenue, Temple City, California 91780",8590-005-003,B25-49439,Building,"(12) RETROFIT WINDOW REPLACEMENT. LIKE FOR LIKE NO MODIFICATIONS TO OPENING. DUAL PANE VINYL - TITLE 24 COMPLIANT",$6500,Issued,06-18-2025,06-18-2025,"Zackwood Inc. dba Energy Core Construction"
"4908 Agnes Avenue, Temple City, California 91780",8589-024-007,E25-49436,Electrical,"(6) OUTLETS, (1) LIGHT FIXTURE AND EXHAUST FAN",$0,Issued,06-18-2025,06-18-2025,Owner-Builder
"9552 Wedgewood Street, Temple City, California 91780",8588-005-032,E25-49440,Electrical,"UPGRADE TO 200 AMP METER PANEL",$0,Finaled,06-18-2025,06-18-2025,"Sunshine Air Conditioning Inc."
"4908 Agnes Avenue, Temple City, California 91780",8589-024-007,M25-49437,Mechanical,"ALTERATION OF EXIST DUCT SYSTEM, (1) AIR INLET AND (1) VENTILATION FAN",$0,Issued,06-18-2025,06-18-2025,Owner-Builder
"4450 Temple City Boulevard Unit A-B , Temple City, California 91780",8592-001-023,P25-49413,Plumbing,"PLUMBING FOR A NEW 2 UNITS 3-STORY APARTMENTS AND CONNECT TO PUBLIC SEWER",$0,Issued,06-11-2025,06-18-2025,"JW Capital, Inc."
"4450 Temple City Boulevard Unit C-D , Temple City, California 91780",8592-001-023,P25-49416,Plumbing,"PLUMBING FOR A NEW 2 UNITS 3-STORY APARTMENTS AND CONNECT TO PUBLIC SEWER",$0,Issued,06-11-2025,06-18-2025,"JW Capital, Inc."
"4908 Agnes Avenue, Temple City, California 91780",8589-024-007,P25-49438,Plumbing,"SHOWER, LAVATORIE, WATER CLOSET AND DRAINAGE/VENT PIPING REPAIR",$0,Issued,06-18-2025,06-18-2025,Owner-Builder
"9529 Broadway Unit B, Temple City, California 91780",8588-005-017,B24-48053,Building,"NEW DETACHED ACCESSORY DWELLING UNIT: TWO BEDROOMS, TWO BATHROOMS, LIVING AND KITCHEN","$150,000",Issued,12-05-2024,06-19-2025,"Tan Construction"
"10300 Key West Street, Temple City, California 91780",8585-018-069,B25-49424,Building,"6.30 KW ROOF MOUNTED PV SYSTEM (14) SOLAR MODULES AND (14) MICRO-INVERTERS","$23,896.5",Issued,06-16-2025,06-19-2025,"Semper Solaris Construction Inc. dba Semper Solaris"
"9850 East Lemon Avenue, Arcadia, California 91007",5383-025-021,B25-49441,Building,"REMODEL (2) EXISTING BATHROOMS","$24,000",Issued,06-19-2025,06-19-2025,Petworth
"6323 Sultana Avenue, San Gabriel, California 91775",5382-021-020,B25-49448,Building,"REBUILD ROOFING DRAINAGE AREA 187 SQ.FT. TWO LAYER FELT UNDERLAYMENT O/ROOF CDX PLYWOOD SHEATHING WITH TOP COVERING ASPHALT ROLLED TORCH DOWN TYP",$2000,Issued,06-19-2025,06-19-2025,Owner-Builder
"9529 Broadway, Temple City, California 91780",8588-005-017,D25-49447,Demolition,"DEMO EXISTING DETACHED GARAGE",$0,Issued,06-19-2025,06-19-2025,"Tan Construction"
"9529 Broadway Unit B , Temple City, California 91780",8588-005-017,E25-49444,Electrical,"ELECTRICAL FOR A NEW DETACHED ACCESSORY DWELLING UNIT WITH 200 AMP SERVICE PANEL",$0,Issued,06-19-2025,06-19-2025,"Tan Construction"
"9529 Broadway Unit B , Temple City, California 91780",8588-005-017,M25-49445,Mechanical,"INSTALL HVAC SYSTEM FOR A NEW DETACHED ACCESSORY DWELLING UNIT",$0,Issued,06-19-2025,06-19-2025,"Tan Construction"
"9850 East Lemon Avenue, Arcadia, California 91007",5383-025-021,P25-49442,Plumbing,"BATHTUB/SHOWERS, LAVATORIES AND WATER CLOSETS",$0,Issued,06-19-2025,06-19-2025,Petworth
"9529 Broadway Unit B , Temple City, California 91780",8588-005-017,P25-49446,Plumbing,"PLUMBING FOR A NEW DETACHED ACCESSORY DWELLING UNIT AND CONNECT THE NEW DETACHED ACCESSORY DWELLING UNIT TO PUBLIC SEWER",$0,Issued,06-19-2025,06-19-2025,"Tan Construction"
"9433 Lemon Avenue, Temple City, California 91780",5382-010-048,B24-46977,Building,"INTERIOR REMODEL OF EXISTING 2218 SQ.FT.HOUSE. REPLACEMENT OF ALL EXISTING WINDOWS, ONE SLIDING DOOR AND NEW ROOF ""BORAL"" CONCRETE TILE SAXONG SLATE BUCKSKIN. ATTACHED 2-CAR GARAGE AND COVERED PORCH","$162,849.34",Issued,06-26-2024,06-23-2025,"MMA Construction Corp."
"9435 Lemon Avenue, Temple City, California 91780",5382-010-048,B24-46978,Building,"INTERIOR REMODEL OF EXISTING 1430 SQ.FT.HOUSE. REPLACEMENT OF ALL EXISTING WINDOWS, ONE SLIDING DOOR AND NEW ROOF ""BORAL"" CONCRETE TILE SAXONG SLATE BUCKSKIN. ATTACHED 2-CAR GARAGE AND COVERED PORCH","$115,854.35",Issued,06-26-2024,06-23-2025,"MMA Construction Corp."
"9437 Lemon Avenue, Temple City, California 91780",5382-010-048,B24-46979,Building,"INTERIOR REMODEL OF EXISTING 1380 SQ.FT.HOUSE. REPLACEMENT OF ALL EXISTING WINDOWS, ONE SLIDING DOOR AND NEW ROOF ""BORAL"" CONCRETE TILE SAXONG SLATE BUCKSKIN. ATTACHED 2-CAR GARAGE AND COVERED PORCH","$115,138.54",Issued,06-26-2024,06-23-2025,"MMA Construction Corp."
"9439 Lemon Avenue, Temple City, California 91780",5382-010-048,B24-46980,Building,"INTERIOR REMODEL OF EXISTING 1410 SQ.FT.HOUSE. REPLACEMENT OF ALL EXISTING WINDOWS, ONE SLIDING DOOR AND NEW ROOF ""BORAL"" CONCRETE TILE SAXONG SLATE BUCKSKIN. ATTACHED 2-CAR GARAGE AND COVERED PORCH","$116,788.54",Issued,06-26-2024,06-23-2025,"MMA Construction Corp."
"5947 Reno Avenue, Temple City, California 91780",5384-018-044,B25-49368,Building,"NEW 664 SQ.FT. ADDITION OF NEW BEDROOM, BATHROOM, FAMILY ROOM EXTENSION. INTERIOR REMODEL OF 1512 OF EXISTING HOUSE. 40 SQ.FT. FRONT ENTRY AND 210 SQ.FT. COVERED PATIO","$225,000",Issued,06-04-2025,06-23-2025,"Pac Builders Corp."
"9552 Flaherty Street, Temple City, California 91780",5385-012-027,B25-49462,Building,"REMOVE (1) EXISTING ROOF LAYER FROM THE HOUSE (26 SQ'S) ON THE HOUSE. THE SHEATHING WILL BE REPLACED AS NEEDED. A LAYER OF SYNTHETIC FELT WILL BE NAILED TO THE DECK, FOLLOWED BY THE INSTALLATION OF CLASS ""A"" COMP SHINGLES",$8000,Issued,06-23-2025,06-23-2025,"Eduardo Peralta"
"9552 Flaherty Street, Temple City, California 91780",5385-012-027,B25-49463,Building,"REMOVE (1) EXISTING ROOF LAYER FROM THE DETACHED GARAGE (4 SQ'S) ON THE DETACHED GARAGE. THE SHEATHING WILL BE REPLACED AS NEEDED. A LAYER OF SYNTHETIC FELT WILL BE NAILED TO THE DECK, FOLLOWED BY THE INSTALLATION OF CLASS ""A"" COMP SHINGLES",$3000,Issued,06-23-2025,06-23-2025,"Eduardo Peralta"
"6127 Primrose Avenue, Temple City, California 91780",5385-008-005,B25-49464,Building,"REMOVE (1) EXISTING ROOF LAYER FROM THE HOUSE (26 SQ'S) ON THE HOUSE. THE SHEATHING WILL BE REPLACED AS NEEDED. A LAYER OF SYNTHETIC FELT WILL BE NAILED TO THE DECK, FOLLOWED BY THE INSTALLATION OF CLASS ""A"" COMP SHINGLES",$8000,Issued,06-23-2025,06-23-2025,"Eduardo Peralta"
"6127 Primrose Avenue, Temple City, California 91780",5385-008-005,B25-49465,Building,"REMOVE (1) EXISTING ROOF LAYER FROM THE DETACHED GARAGE (4 SQ'S) ON THE DETACHED GARAGE. THE SHEATHING WILL BE REPLACED AS NEEDED. A LAYER OF SYNTHETIC FELT WILL BE NAILED TO THE DECK, FOLLOWED BY THE INSTALLATION OF CLASS ""A"" COMP SHINGLES",$3000,Issued,06-23-2025,06-23-2025,"Eduardo Peralta"
"9707 Broadway, Temple City, California 91780",8588-010-022,B25-49466,Building,"(6) VINYL WINDOW REPLACEMENT",$2800,Issued,06-23-2025,06-23-2025,"California Garvey Windows and Glazing Products Inc."
"9433 Lemon Avenue, Temple City, California 91780",5382-010-048,E25-49449,Electrical,"(120) OUTLETS, (130) LIGHT FIXTURES, GARBAGE DISPOSAL, RANGE HOOD, DISHWASHER, WASHING MACHINE, EXHAUST FANS, ELECTRIC WATER HEATER AND HEAT PUMP/AC UNITS",$0,Issued,06-23-2025,06-23-2025,"MMA Construction Corp."
"9435 Lemon Avenue, Temple City, California 91780",5382-010-048,E25-49452,Electrical,"(53) OUTLETS, (66) LIGHT FIXTURES, GARBAGE DISPOSAL, DISHWASHER, RANGE HOOD, EXHAUST FANS, ELECTRICAL WATER HEATER, WASHING MACHINE, HEAT PUMP/AC UNITS",$0,Issued,06-23-2025,06-23-2025,"MMA Construction Corp."
"9437 Lemon Avenue, Temple City, California 91780",5382-010-048,E25-49455,Electrical,"(53) OUTLETS, (66) LIGHT FIXTURES, GARBAGE DISPOSAL, DISHWASHER, RANGE HOOD, EXHAUST FANS, ELECTRICAL WATER HEATER, WASHING MACHINE, HEAT PUMP/AC UNITS",$0,Issued,06-23-2025,06-23-2025,"MMA Construction Corp."
"9439 Lemon Avenue, Temple City, California 91780",5382-010-048,E25-49458,Electrical,"(53) OUTLETS, (66) LIGHT FIXTURES, GARBAGE DISPOSAL, DISHWASHER, RANGE HOOD, EXHAUST FANS, ELECTRICAL WATER HEATER, WASHING MACHINE, HEAT PUMP/AC UNITS",$0,Issued,06-23-2025,06-23-2025,"MMA Construction Corp."
"10159 Lynrose Street, Temple City, California 91780",8586-020-015,E25-49461,Electrical,"UPGRADE METER PANEL TO 200 AMP",$0,Issued,06-23-2025,06-23-2025,"Yin Ping Liu"
"4919 Birchland Place Unit A , Temple City, California 91780",8585-011-001,E25-49467,Electrical,"EXISTING HOUSE REWIRE",$0,Issued,06-23-2025,06-23-2025,"KYM Construction Inc."
"5947 Reno Avenue, Temple City, California 91780",5384-018-044,E25-49468,Electrical,"(80) OUTLETS, (50) LIGHT FIXTURES, GARBAGE DISPOSAL, DISHWASHER, RANGE HOOD, WASHING MACHINE, EXHAUST FANS, HEAT PUMP/AC UNITS, EV CHARGER INSTALL INSIDE GARAGE AND UPGRADE 200 AMP SERVICE PANEL",$0,Issued,06-23-2025,06-23-2025,"Pac Builders Corp."
"9433 Lemon Avenue, Temple City, California 91780",5382-010-048,M25-49450,Mechanical,"INSTALL HVAC SYSTEM, FIREPLACE, AIR INLETS AND VENTILATION FANS",$0,Issued,06-23-2025,06-23-2025,"MMA Construction Corp."
"9435 Lemon Avenue, Temple City, California 91780",5382-010-048,M25-49453,Mechanical,"INSTALL HVAC SYSTEM, FIREPLACE, AIR INLETS AND VENTILATION FANS",$0,Issued,06-23-2025,06-23-2025,"MMA Construction Corp."
"9437 Lemon Avenue, Temple City, California 91780",5382-010-048,M25-49456,Mechanical,"INSTALL HVAC SYSTEM, FIREPLACE, AIR INLETS AND VENTILATION FANS",$0,Issued,06-23-2025,06-23-2025,"MMA Construction Corp."
"9439 Lemon Avenue, Temple City, California 91780",5382-010-048,M25-49459,Mechanical,"INSTALL HVAC SYSTEM, FIREPLACE, AIR INLETS AND VENTILATION FANS",$0,Issued,06-23-2025,06-23-2025,"MMA Construction Corp."
"5947 Reno Avenue, Temple City, California 91780",5384-018-044,M25-49469,Mechanical,"INSTALL HVAC SYSTEM, AIR INLETS AND VENTILATION FANS",$0,Issued,06-23-2025,06-23-2025,"Pac Builders Corp."
"9433 Lemon Avenue, Temple City, California 91780",5382-010-048,P25-49451,Plumbing,"BATHTUBS/SHOWERS, CLOTHES WASHER, DISHWASHER, WATER CLOSETS, HOSE BIBBS, LAVATORIES, SINK, WATER HEATER AND GAS OUTLETS",$0,Issued,06-23-2025,06-23-2025,"MMA Construction Corp."
"9435 Lemon Avenue, Temple City, California 91780",5382-010-048,P25-49454,Plumbing,"BATHTUBS/SHOWERS, CLOTHES WASHER, DISHWASHER, WATER CLOSETS, HOSE BIBBS, LAVATORIES, SINK, WATER HEATER AND GAS OUTLETS",$0,Issued,06-23-2025,06-23-2025,"MMA Construction Corp."
"9437 Lemon Avenue, Temple City, California 91780",5382-010-048,P25-49457,Plumbing,"BATHTUBS/SHOWERS, CLOTHES WASHER, DISHWASHER, WATER CLOSETS, HOSE BIBBS, LAVATORIES, SINK, WATER HEATER AND GAS OUTLETS",$0,Issued,06-23-2025,06-23-2025,"MMA Construction Corp."
"9439 Lemon Avenue, Temple City, California 91780",5382-010-048,P25-49460,Plumbing,"BATHTUBS/SHOWERS, CLOTHES WASHER, DISHWASHER, WATER CLOSETS, HOSE BIBBS, LAVATORIES, SINK, WATER HEATER AND GAS OUTLETS",$0,Issued,06-23-2025,06-23-2025,"MMA Construction Corp."
"5947 Reno Avenue, Temple City, California 91780",5384-018-044,P25-49470,Plumbing,"SHOWERS, CLOTHES WASHER, DISHWASHER, LAVATORIES, SINK, WATER CLOSETS, WATER HEATER AND GAS OUTLETS.",$0,Issued,06-23-2025,06-23-2025,"Pac Builders Corp."
"6204 Encinita Avenue, Temple City, California 91780",5385-002-001,B25-48367,Building,"BUILD A NEW DETACHED 3-CAR GARAGE","$43,135.68",Issued,01-23-2025,06-24-2025,"J & J Enterprise Construction Inc."
"6204 Encinita Avenue Unit B , Temple City, California 91780",5385-002-001,B25-48368,Building,"NEW 999 SQ.FT. ONE-STORY DETACHED ACCESSORY DWELLING: THREE BEDROOMS, TWO BATHROOMS, KITCHEN, DINING AND LIVING ROOM","$206,864.32",Issued,01-23-2025,06-24-2025,"J & J Enterprise Construction Inc."
"6226 Avon Avenue, San Gabriel, California 91775",5386-009-066,B25-49347,Building,"INSTALL ROOF MOUNTED PV 11.07 KW, (27) MODULES, (1) TESLA POWERWALL ESS.",$0,Issued,06-03-2025,06-24-2025,"Tesla Energy Operations Inc."
"6226 Avon Avenue, San Gabriel, California 91775",5386-009-066,E25-49395,Electrical,"(1) TESLA POWERWALL ESS.",$0,Issued,06-09-2025,06-24-2025,"Tesla Energy Operations Inc."
"6164 Sultana Avenue Unit B , Temple City, California 91780",5384-008-012,E25-49471,Electrical,"ELECTRICAL FOR A NEW DETACHED ACCESSORY DWELLING UNIT WITH A 200 AMP SERVICE PANEL",$0,Issued,06-24-2025,06-24-2025,Owner-Builder
"6204 Encinita Avenue, Temple City, California 91780",5385-002-001,E25-49474,Electrical,"(6) OUTLETS AND (2) LIGHT FIXTURES FOR THE NEW DETACHED 3-CAR GARAGE",$0,Issued,06-24-2025,06-24-2025,"J & J Enterprise Construction Inc."
"6204 Encinita Avenue Unit B , Temple City, California 91780",5385-002-001,E25-49475,Electrical,"ELECTRICAL FOR A NEW DETACHED ACCESSORY DWELLING UNIT WITH A 200 AMP SERVICE PANEL",$0,Issued,06-24-2025,06-24-2025,"J & J Enterprise Construction Inc."
"6031 Golden West Avenue, Temple City, California 91780",5385-019-028,E25-49478,Electrical,"REPLACE THE EXISTING 100 AMP ELECTRICAL PANEL ON THE SAME LOCATION.",$0,Issued,06-24-2025,06-24-2025,"Eddie Electric Service LLC"
"6033 Golden West Avenue, Temple City, California 91780",5385-019-028,E25-49479,Electrical,"REPLACE THE EXISTING 100 AMP ELECTRICAL PANEL ON THE SAME LOCATION.",$0,Issued,06-24-2025,06-24-2025,"Eddie Electric Service LLC"
"6035 Golden West Avenue, Temple City, California 91780",5385-019-028,E25-49480,Electrical,"REPLACE THE EXISTING 100 AMP ELECTRICAL PANEL ON THE SAME LOCATION.",$0,Issued,06-24-2025,06-24-2025,"Eddie Electric Service LLC"
"6037 Golden West Avenue, Temple City, California 91780",5385-019-028,E25-49481,Electrical,"REPLACE THE EXISTING 100 AMP ELECTRICAL PANEL ON THE SAME LOCATION.",$0,Issued,06-24-2025,06-24-2025,"Eddie Electric Service LLC"
"6037 1/2 Golden West Avenue, Temple City, California 91780",5385-019-028,E25-49482,Electrical,"REPLACE THE EXISTING 100 AMP ELECTRICAL PANEL ON THE SAME LOCATION.",$0,Issued,06-24-2025,06-24-2025,"Eddie Electric Service LLC"
"6039 Golden West Avenue, Temple City, California 91780",5385-019-028,E25-49483,Electrical,"REPLACE THE EXISTING 100 AMP ELECTRICAL PANEL ON THE SAME LOCATION.",$0,Issued,06-24-2025,06-24-2025,"Eddie Electric Service LLC"
"6164 Sultana Avenue Unit B , Temple City, California 91780",5384-008-012,M25-49472,Mechanical,"INSTALL (1) MINI SPLIT SYSTEM AND VENTILATION FANS FOR A NEW DETACHED ACCESSORY DWELLING UNIT",$0,Issued,06-24-2025,06-24-2025,
"6204 Encinita Avenue Unit B , Temple City, California 91780",5385-002-001,M25-49476,Mechanical,"INSTALL (4) MINI SPLIT SYSTEMS AND VENTILATION FANS FOR A NEW DETACHED ACCESSORY DWELLING UNIT",$0,Issued,06-24-2025,06-24-2025,"J & J Enterprise Construction Inc."
"6164 Sultana Avenue Unit B , Temple City, California 91780",5384-008-012,P25-49473,Plumbing,"PLUMBING FOR A NEW DETACHED ACCESSORY DWELLING UNIT AND CONNECT TO PUBLIC SEWER",$0,Issued,06-24-2025,06-24-2025,Owner-Builder
"6204 Encinita Avenue Unit B , Temple City, California 91780",5385-002-001,P25-49477,Plumbing,"PLUMBING FOR A NEW DETACHED ACCESSORY DWELLING UNIT AND CONNECT TO PUBLIC SEWER",$0,Issued,06-24-2025,06-24-2025,"J & J Enterprise Construction Inc."
"10685 Arrowood Street, Temple City, California 91780",8585-030-013,B25-49484,Building,"REMOVE EXISTING SHINGLES AND REPLACE WITH COOL ROOF SHINGLES APPROX. 1800 SQ.FT. (HARVARD SLATE)",$6500,Issued,06-25-2025,06-25-2025,Owner-Builder
"6472 Livia Avenue, San Gabriel, California 91780",5382-018-001,B25-49488,Building,"VOLUNTARY EARTHQUAKE RETROFIT USING L.A. CITY STANDARD PLAN, DETAIL #7",$3000,Issued,06-25-2025,06-25-2025,"Haro Retrofit & Renovations"
"9705 Broadway, Temple City, California 91780",8588-010-031,B25-49496,Building,"REROOF TO HOUSE & ATTACHED GARAGE. LIKE FOR LIKE (GARAGE IS NOT BEING REROOFED) 16 SQ'S OF COMP SHINGLE (L4L). 1 LAYER TEAR OFF. (NO RESHEATHING) PITCHED AREA 4 SQ'S OF TORCH DOWN (L4L) 1 LAYER TEAR OFF (NO RESHEATHING) - FLAT AREA GAF TIMBERLINE HDZ@REFLECTOR SERIES PLUS TM CHARCOAL PLUS (CLASS ""A"" MATERIAL)","$15,870",Issued,06-25-2025,06-25-2025,"Prime American Roofing"
"10051 Green Street, Temple City, California 91780",8585-001-031,B25-49499,Building,"ROOF MOUNTED PV SYSTEM SIZE: 7.29 KW DC 10 KW AC- MODULES (18) JA SOLAR: JAM54S31-405/MR- INVERTERS: (1) SOLAREDGE TECHNOLOGIES: SE10000H-USMENERGY STORAGE SYSTEM: (2) SOLAREDGE TECHNOLOGIES.",$0,Issued,06-25-2025,06-25-2025,"Sunrun Installation Services"
"6204 Encinita Avenue, Temple City, California 91780",5385-002-001,D25-49486,Demolition,"DEMOLISH EXISTING DETACHED GARAGE",$0,Issued,06-25-2025,06-25-2025,"2020 Demolition and Grading"
"5920 Golden West Avenue, Temple City, California 91780",8587-026-017,E25-49485,Electrical,"UPGRADE SERVICE PANEL FROM 200 AMP TO 400 AMP",$0,Issued,06-25-2025,06-25-2025,"J R Sparks Electric"
"9008 Garibaldi Avenue, Temple City, California 91780",5384-016-068,E25-49492,Electrical,"UPGRADE PANEL FROM 100 AMP TO 200 AMP AND INSTALL A 50 AMP 240V OUTLET",$0,Issued,06-25-2025,06-25-2025,"JBL Electrical & Energy Inc."
"5132 Kauffman Avenue, Temple City, California 91780",8589-010-020,E25-49493,Electrical,"UPGRADE PANEL FROM 100 AMP TO 200 AMP AND INSTALL A 50 AMP 240V OUTLET",$0,Issued,06-25-2025,06-25-2025,"JBL Electrical & Energy Inc."
"10051 Green Street, Temple City, California 91780",8585-001-031,E25-49500,Electrical,"(1) SOLAREDGE TECHNOLOGIES: SE10000H-USMENERGY STORAGE SYSTEM: (2) SOLAREDGE TECHNOLOGIES. MAIN PANEL WITH 125 AMP MAIN BREAKER TO BE REPLACED WITH NEW 200 AMP MAIN PANEL WITH 200 AMP MAIN BREAKER AND 225 AMP BUSBAR.",$0,Issued,06-25-2025,06-25-2025,"Sunrun Installation Services"
"4831 Doreen Avenue Unit B , Temple City, California 91780",8585-024-032,B24-47538,Building,"CONVERT EXISTING 525 SQ.FT. DETACHED GARAGE INTO ACCESSORY DWELLING UNIT: ONE BEDROOM, ONE BATHROOM AND KITCHEN","$70,000",Issued,09-18-2024,06-26-2025,"Chong Wing Cheng"
"9551 Broadway Apt. 1-8 , Temple City, California 91780",8588-005-063,B25-49501,Building,"TEAR OFF RE-ROOF INSTALL NEW PLYWOOD AND INSTALL 30 YR COMPOSITION SHINGLES","$28,000",Issued,06-26-2025,06-26-2025,"Alt Roofing, Inc."
"4831 Doreen Avenue Unit B , Temple City, California 91780",8585-024-032,E25-49502,Electrical,"(14) OUTLETS, (7) LIGHT FIXTURES, GARBAGE DISPOSAL, RANGE HOOD, EXHAUST FAN, ELECTRIC WATER HEATER, HEAT PUMP/AC UNITS WITH 100 AMP SERVICE PANEL FOR THE DETACHED ACCESSORY DWELLING UNIT",$0,Issued,06-26-2025,06-26-2025,"Chong Wing Cheng"
"4831 Doreen Avenue Unit B , Temple City, California 91780",8585-024-032,M25-49503,Mechanical,"INSTALL (2) MINI SPLIT SYSTEMS AND (2) VENTILATION FANS FOR THE DETACHED ACCESSORY DWELLING UNIT",$0,Issued,06-26-2025,06-26-2025,"Chong Wing Cheng"
"4831 Doreen Avenue Unit B , Temple City, California 91780",8585-024-032,P25-49504,Plumbing,"BATHTUB/SHOWER, LAVATORIE, SINK, WATER CLOSET, WATER HEATER WATER MAIN AND CONNECT DETACHED ACCESSORY DWELLING UNIT TO PUBLIC SEWER",$0,Issued,06-26-2025,06-26-2025,"Chong Wing Cheng"
"4940 Baldwin Avenue, Temple City, California 91780",8585-008-038,P25-49506,Plumbing,"REPLACEMENT OF THE EXISTING UNDERGROUND WATER SERVICE",$0,Issued,06-26-2025,06-26-2025,Owner-Builder
"10938 Wildflower Road, Temple City, California 91780",8573-034-009,B25-49505,Building,"TEAR OFF TILE ON DETACHED GARAGE - 400 SQ.FT. AREA - AND REPLACE ENTIRE ROOF WITH TESLA MANUFACTURED UNDERLAYMENT IN PREPARATION FOR TESLA TILE ROOF.",$2500,Issued,06-26-2025,06-30-2025,"Home Upgrade Specialist"
"9683 Blackley Street, Temple City, California 91780",8589-003-029,B25-49509,Building,"VOLUNTARY SEISMIC RETROFIT OF 2-STORY SINGLE FAMILY RESIDENCE USING LA.DBS STANDARD PLAN #1 DETAIL #7",$4456,Issued,06-30-2025,06-30-2025,"Anchorstrong Construction Inc."
"5753 Rowland Avenue Unit A , Temple City, California 91780",8587-029-011,B25-49511,Building,"TEAR OFF EXISTING ROOF, REPLACE PLYWOOD AS NEEDED. AND INSTALL COMPO SHINGLES","$15,000",Issued,06-30-2025,06-30-2025,"Apex Building Development Corp."
"10116 Olive Street Unit B , Temple City, California 91780",8585-002-011,B25-49512,Building,"INSTALL 2.34 KW ROOF MOUNTED SOLAR PV SYSTEM (6) MODULES WITH (3) MICRO-INVERTERS",$6000,Issued,06-30-2025,06-30-2025,"Sun Bees Group dba True Power Solar"
"9850 East Lemon Avenue, Arcadia, California 91007",5383-025-021,B25-49513,Building,"WINDOW REPLACEMENT RETROFIT (10) WINDOWS AND (1) SLIDING DOOR LIKE FOR LIKE",$3500,Issued,06-30-2025,06-30-2025,Owner-Builder
"9722 Live Oak Avenue, Temple City, California 91780",8588-011-038,B25-49517,Building,"INSTALLATION OF A NEW 4.740 KW DC / 3.480 KW AC RESIDENTIAL ROOF-MOUNTED SOLAR PHOTOVOLTAIC SYSTEM CONSISTING OF (12) TRINA SOLAR TSM-395NE09RC.05 MODULES WITH (12) ENPHASE IQ8PLUS-72-M-US MICRO-INVERTERS. INCLUDES INSTALLATION OF (1) ENPHASE IQ BATTERY 5P (5.0 KWH)",$0,Issued,06-30-2025,06-30-2025,"South West Solar Inc. dba South West Builders"
"9722 Live Oak Avenue, Temple City, California 91780",8588-011-038,E25-49518,Electrical,"(1) ENPHASE IQ BATTERY 5P (5.0 KWH)",$0,Issued,06-30-2025,06-30-2025,"South West Solar Inc. dba South West Builders"
"5313 Santa Anita Avenue, Temple City, California 91780",8573-036-030,M25-49507,Mechanical,"5 TON CONDENSER CHANGE OUT IN BACKYARD, 5 TON INDOOR COIL CHANGE OUT, 80K BTUS FURNACE CHANGE OUT IN ATTIC",$0,Issued,06-30-2025,06-30-2025,"ARS American Residential Services of Californian Inc. dba Rightime Home Services"
"10257 Olive Street, Temple City, California 91780",8586-026-011,M25-49508,Mechanical,"(1) TON DUCTLESS MINI-SPLIT NEW INSTALL IN SIDE YARD W/ (1) INTERIOR AIR HANDLER & ELECTRICAL DISCONNECT",$0,Issued,06-30-2025,06-30-2025,"ARS American Residential Services of Californian Inc. dba Rightime Home Services"
"10551 Danbury Street, Temple City, California 91780",8586-011-055,P25-49514,Plumbing,"REPIPE COPPER (8) FIXTURES (NO ALTERATION OR REPACH) WATER SERVICE & 40 GAL WATER HEATER",$0,Issued,06-30-2025,06-30-2025,"Henrik Plumbing Inc."
