"5626 Pal Mal Avenue, Temple City, California 91780",8586-009-020,B25-50373,Building,"CREATE NEW CLOSET IN BATHROOM AND INSTALL (2) SKYLIGHTS",$4000,Issued,10-29-2025,11-03-2025,Owner-Builder
"9156 Jaylee Drive, Temple City, California 91780",5382-016-003,B25-50394,Building,"REMOVE EXISTING ROOF. INSTALL NEW SHINGLES OVER EXISTING SHEATHING 20 SQ'S.",$9000,Issued,10-30-2025,11-03-2025,"T & U Roofing Inc."
"5326 Barela Avenue, Temple City, California 91780",8589-003-006,B25-50414,Building,"REPLACE INSULATION R38 ON THE ATTIC",$5040,Finaled,11-03-2025,11-03-2025,Owner-Builder
"5466 Sultana Avenue, Temple City, California 91780",5388-002-025,B25-50416,Building,"TEAR OFF AND REROOF 3600 SQ.FT. HOUSE & ATTACHED GARAGE. SHINGLE ROOF COLOR - AMBER 0890-0009",$9000,Finaled,11-03-2025,11-03-2025,"G B A Remodeling"
"4848 Alessandro Avenue, Temple City, California 91780",8590-024-009,B25-50422,Building,"ROOFTOP MOUNTED SOLAR ENERGY SYSTEM: (37) HIS-T440NF (BK) SOLAR MODULES (1) 1707000-XX-Y (10KW) INVERTER (1) 1707000-XX-Y (10KW) ESS SYSTEM SIZE: 16.28 DC (10 KW AC)",$0,Issued,11-03-2025,11-03-2025,"Effect Energy Inc."
"9713 Wedgewood Street, Temple City, California 91780",8588-011-009,B25-50424,Building,"ROOFTOP MOUNTED SOLAR ENERGY SYSTEM: (36) REC460AA PURE-RX SOLAR MODULES (2) 1707000-XX-Y (11.5KW) INVERTERS (1) 1707000-XX-Y (11.5KW) ESS SYSTEM SIZE: 16.56 KW DC (7.6 KW AC)",$0,Issued,11-03-2025,11-03-2025,"Vibe Solar"
"5626 Pal Mal Avenue, Temple City, California 91780",8586-009-020,E25-50375,Electrical,"(7) OUTLETS, (4) LIGHT FIXTURES, WASHING MACHINE AND WATER HEATER",$0,Issued,10-29-2025,11-03-2025,Owner-Builder
"5208 Degas Avenue, Temple City, California 91780",8585-003-048,E25-50415,Electrical,"UPGRADE THE MAIN SERVICE PANEL T0 200A AND INSTALL 32 AMP RATED LEVEL 2 EV CHARGER OUTLET",$0,Finaled,11-03-2025,11-03-2025,"Pacific Power Construction Inc."
"5564 Welland Avenue, Temple City, California 91780",8573-019-060,E25-50418,Electrical,"UPGRADING MAIN PANEL TO 200 AMP AND INSTALL EV CHARGER SYSTEM",$0,Finaled,11-03-2025,11-03-2025,"Ryan Electric Solution Inc."
"9154 Emperor Avenue, San Gabriel, California 91775",5382-015-010,E25-50419,Electrical,"INSTALL WALL MOUNT TESLA WALLSTATION EV CHARGER ON 50 AMP CIRCUIT FED FROM MAIN PANEL",$0,Issued,11-03-2025,11-03-2025,"Dubois Electric LLC"
"10051 Green Street, Temple City, California 91780",8585-001-031,E25-50420,Electrical,"INSTALL 125/70A SUB-PANEL",$0,Finaled,11-03-2025,11-03-2025,"American Electric Company Inc."
"4848 Alessandro Avenue, Temple City, California 91780",8590-024-009,E25-50423,Electrical,"(1) 1707000-XX-Y (10KW) ESS",$0,Issued,11-03-2025,11-03-2025,"Effect Energy Inc."
"9713 Wedgewood Street, Temple City, California 91780",8588-011-009,E25-50425,Electrical,"(1) 1707000-XX-Y (11.5KW) ESS SYSTEM",$0,Issued,11-03-2025,11-03-2025,"Vibe Solar"
"5626 Pal Mal Avenue, Temple City, California 91780",8586-009-020,M25-50376,Mechanical,"INSTALL VENTILATION FAN",$0,Issued,10-29-2025,11-03-2025,Owner-Builder
"10153 Nadine Street, Temple City, California 91780",8586-027-031,M25-50417,Mechanical,"REPLACE GAS FURNACE IN THE ATTIC",$0,Finaled,11-03-2025,11-03-2025,"Air Tro Incorporated"
"5626 Pal Mal Avenue, Temple City, California 91780",8586-009-020,MISC25-50374,Miscellaneous,"TO VERIFY COMPLIANCE: TO RESTORE HOUSE BACK TO ORIGINAL CONDITION. REMOVE UNPERMITTED SUBDIVISION WALL, KITCHEN AND DINING ROOM DOORS",$0,Issued,10-29-2025,11-03-2025,Owner-Builder
"5626 Pal Mal Avenue, Temple City, California 91780",8586-009-020,P25-50377,Plumbing,"RELOCATE WASHER & DRYER. RELOCATE & REPLACE EXISTING TANK WATER HEATER WITH TANKLESS WATER HEATER. RELOCATE BATHROOM LAVATORIE AND & DOOR",$0,Issued,10-29-2025,11-03-2025,Owner-Builder
"5819 Reno Avenue Unit A-B-C , Temple City, California 91780",5387-010-015,B25-49800,Building,"MAIN HOUSE FROM EXISTING BEDROOM CREATE TWO (N) BEDROOMS. FROM EXISTING BATHROOM CREATE TWO (N) BATHROOMS AND RELOCATE KITCHEN. CONVERT FROM EXISTING 529 SQ.FT. ATTACHED GARAGE INTO ACCESSORY DWELLING UNIT: TWO BEDROOMS, ONE AND HALF BATHROOMS, KITCHEN. ATTACHED NEW 800 ATTACHED ACCESSORY DWELLING UNIT: TWO BEDROOMS, TWO BATHROOMS, KITCHEN AND 21 SQ.FT. FRONT PORCH","$270,000",Issued,08-07-2025,11-04-2025,"M.M. Development Inc."
"5021 Fratus Drive, Temple City, California 91780",8590-031-033,B25-50309,Building,"PV SOLAR ROOF MOUNT 6.075 KW, (15) MODULES (1) ESS","$26,150",Issued,10-20-2025,11-04-2025,"Bright Planet Solar dba Bright Planet"
"5517 Encinita Avenue, Temple City, California 91780",5387-020-038,B25-50339,Building,"SOLAR PV ROOF MOUNTED, MODULE (19) X 7.885 KW., BATTERY 3 X ENPHASE IQ(TOU). DERATE TO 100A","$56,010.58",Issued,10-23-2025,11-04-2025,"V3 Electric Inc."
"6278 Primrose Avenue, Temple City, California 91780",5385-011-012,B25-50407,Building,"SEISMIC RETROFIT PER LA STANDARD PLAN DETAIL #7",$4900,Issued,10-30-2025,11-04-2025,"Earthquake Bracing Incorporated"
"6228 Loma Avenue Unit A , Temple City, California 91780",5384-011-004,B25-50429,Building,"MAIN HOUSE 26 SQ'S. SHINGLE TEAR OFF AND INSTALL OWENS CORNING AND NEW DECKING","$12,220",Finaled,11-04-2025,11-04-2025,"Best Value Roofing and Repair"
"6228 Loma Avenue Unit B , Temple City, California 91780",5384-011-004,B25-50430,Building,"DETACHED ACCESSORY DWELLING UNIT 5 SQ'S SHINGLE TEAR OFF AND INSTALL OWENS CORNING AND NEW DECKING",$2280,Finaled,11-04-2025,11-04-2025,"Best Value Roofing and Repair"
"5924 Reno Avenue, Temple City, California 91780",5384-017-015,D25-50428,Demolition,"DEMOLISH EXISTING SINGLE FAMILY DWELLING & GARAGE",$0,Issued,11-04-2025,11-04-2025,"McWong Holding Company"
"5021 Fratus Drive, Temple City, California 91780",8590-031-033,E25-50310,Electrical,"(1) ESS, NEW 200A MAIN PANEL UPGRADE",$0,Issued,10-20-2025,11-04-2025,"Bright Planet Solar dba Bright Planet"
"5517 Encinita Avenue, Temple City, California 91780",5387-020-038,E25-50340,Electrical,"BATTERY 3 X ENPHASE IQ(TOU). DERATE TO 100A",$0,Issued,10-23-2025,11-04-2025,"V3 Electric Inc."
"6013 Cloverly Avenue, Temple City, California 91780",5385-006-011,E25-50421,Electrical,"PANEL UPGRADE 200 AMP AND TESLA WALL CHARGER 60A, 240V",$0,Finaled,11-03-2025,11-04-2025,"Photonics Electric & IT Services Inc."
"5819 Reno Avenue Unit A-B-C , Temple City, California 91780",5387-010-015,E25-50432,Electrical,"(86) OUTLETS, (48) LIGHT FIXTURES, GARBAGE DISPOSAL, DISHWASHER, RANG HOOD, WASHING MACHINE, EXHAUSTS, HEAT PUMPS /AC UNITS WITH (2) 200 AMP SERVICE PANEL EACH",$0,Issued,11-04-2025,11-04-2025,"M.M. Development Inc."
"5819 Reno Avenue Unit A-B-C , Temple City, California 91780",5387-010-015,M25-50433,Mechanical,"INSTALL (8) MINI SPLIT SYSTEMS AND VENTILATION FANS",$0,Issued,11-04-2025,11-04-2025,"M.M. Development Inc."
"5819 Reno Avenue Unit A-B-C , Temple City, California 91780",5387-010-015,P25-50434,Plumbing,"SHOWERS, CLOTHES WASHER, DISHWASHER, HOSE BIBBS, LAVATORIES, SINKS, WATER CLOSETS, WATER HEATERS , WATER CLOSETS AND CONNECT ACCESSORY DWELLING UNITS TO PUBLIC SEWER",$0,Issued,11-04-2025,11-04-2025,"M.M. Development Inc."
"5335 Zadell Drive, Temple City, California 91780",8585-001-162,B25-50436,Building,"REMOVE AND REPLACE (4) WINDOWS, NO CHANGE TO SIZE OR LOCATION",$3400,Issued,11-05-2025,11-05-2025,"Renewal by Andersen LLC"
"9807 Nadine Street, Temple City, California 91780",8588-020-033,B25-50438,Building,"ROOFTOP MOUNTED SOLAR ENERGY SYSTEM: (10) HIS-7440NF (BK) SOLAR MODULES (1) 1707000-XX-Y (11.5KW) INVERTER (1) 1707000-XX-Y (11.5KW) ESS SYSTEM SIZE: 4.4 KW DC (11.5 KW AC)",$0,Issued,11-05-2025,11-05-2025,"Solar Symphony Construction Inc."
"5722 North Muscatel Avenue, San Gabriel, California 91775",5387-011-042,B25-50440,Building,"INSTALLATION OF NEW SOLAR PV & ESS SYSTEM: (16) MODULES SYSTEM SIZE: 7.040 KW DC STC, 6.48 CEC-AC","$10,000",Issued,11-05-2025,11-05-2025,"Solar Panel Care & Repair LLC dba The Solar Panel Doctors"
"5763 Loma Avenue, Temple City, California 91780",5387-023-001,B25-50443,Building,"ROOFTOP MOUNTED SOLAR ENERGY SYSTEM (10) DNA-120-MF10-460W SOLAR MODULES (1) 1707000-XX-Y (11.5KW) INVERTER (1) 1707000-XX-Y (11.5KW) ESS SYSTEM SIZE: 4.6 KW DC (11.5 KW AC)",$0,Issued,11-05-2025,11-05-2025,"Orange County Solar Contracting Services Inc. dba Orange County Contracting Services"
"10620 Fairhall Street, Temple City, California 91780",8585-026-006,E25-50437,Electrical,"PANEL UPGRADE TO 200 AMP AND INSTALL 240V EV OUTLET INSTALLATION",$0,Issued,11-05-2025,11-05-2025,"Ultimax Electric Corp."
"9807 Nadine Street, Temple City, California 91780",8588-020-033,E25-50439,Electrical,"(1) 1707000-XX-Y (11.5KW) ESS AND MAIN PANEL UPGRADE TO 200 AMP SERVICE",$0,Issued,11-05-2025,11-05-2025,"Solar Symphony Construction Inc."
"5722 North Muscatel Avenue, San Gabriel, California 91775",5387-011-042,E25-50441,Electrical,"INSTALLATION OF NEW ENERGY STORAGE SYSTEM WITH BATTERY & SUB-PANEL 125 AMP",$0,Issued,11-05-2025,11-05-2025,"Solar Panel Care & Repair LLC dba The Solar Panel Doctors"
"5763 Loma Avenue, Temple City, California 91780",5387-023-001,E25-50444,Electrical,"(1) 1707000-XX-Y (11.5KW) ESS",$0,Issued,11-05-2025,11-05-2025,"Orange County Solar Contracting Services Inc. dba Orange County Contracting Services"
"10620 Fairhall Street, Temple City, California 91780",8585-026-006,B25-50237,Building,"INTERIOR REMODEL TO CREATE A NEW BEDROOM WITHIN EXISTING SPACE AND REMODEL EXITING FULL BATHROOM AND REMODEL POWDER ROOM TO CONVERT TO A FULL BATHROOM","$10,000",Issued,10-09-2025,11-06-2025,Owner-Builder
"9108 Emperor Avenue, San Gabriel, California 91775",5382-015-002,B25-50285,Building,"INSTALLATION OF (10) ROOF MOUNTED SOLAR PANEL WITH (10) MICRO-INVERTERS = 4.15 KW (NO UPGRADE)",$8000,Issued,10-16-2025,11-06-2025,"SolarMax Renewable Energy Provider Inc."
"10620 Fairhall Street, Temple City, California 91780",8585-026-006,B25-50446,Building,"TEAR OFF EXISTING ROOF AND RE ROOF WITH COOL SHINGLES","$16,000",Issued,11-06-2025,11-06-2025,Owner-Builder
"9321 Broadway Unit A , Temple City, California 91780",8588-002-010,B25-50456,Building,"REMOVE EXISTING COMPOSITION SHINGLES AND INSTAL NEW PLYWOOD AND COMPOSITION SHINGLE TO MATCH NEW ADDITION",$6000,Issued,11-06-2025,11-06-2025,"TB Construction"
"5204 Sereno Drive, Temple City, California 91780",5388-010-067,B25-50458,Building,"ROOFTOP MOUNTED SOLAR ENERGY SYSTEM: (21) JAM54D41-440/MB SOLAR MODULES (1) 1707000-XX-Y INVERTER (1) 1707000-XX-Y (11.5KW) ESS + (1) 1807000-XX-Y-DC BATTERY EXPANSION SYSTEM SIZE: 9.24 KW DC (11.5KW AC)",$0,Issued,11-06-2025,11-06-2025,"Renewal Energy Advantage Inc."
"4846 Camellia Avenue, Temple City, California 91780",8589-016-009,B25-50460,Building,"ROOFTOP MOUNTED SOLAR ENERGY SYSTEM: (23) JAM54S31-405/MR SOLAR MODULES (2) 1707000-XX-Y (11.5KW) INVERTERS (1) 1707000-XX-Y (11.5KW0 ESS (1) 1707000-XX-Y (11.5KW) ESS NEW BUSBAR COUNT 1. SYSTEM SIZE: 9.32 KW DC (23 KW AC)",$0,Issued,11-06-2025,11-06-2025,"Sunrun Installation Services"
"10620 Fairhall Street, Temple City, California 91780",8585-026-006,E25-50447,Electrical,"(1) BRANCH CIRCUITS, (7) OUTLETS AND (4) LIGHT FIXTURES",$0,Issued,11-06-2025,11-06-2025,Owner-Builder
"9656 Longden Avenue, Temple City, California 91780",5385-016-032,E25-50452,Electrical,"UPGRADE THE RESIDENTIAL MAIN SERVICE PANEL FROM 100A TO 200A. INSTALL A 32A PLUG-IN OUTLET",$0,Issued,11-06-2025,11-06-2025,"Pacific Power Construction Inc."
"6137 Temple City Boulevard, Temple City, California 91780",5385-012-028,E25-50453,Electrical,"UPGRADE THE RESIDENTIAL MAIN SERVICE PANEL FROM 100A TO 200A. INSTALL A 32A PLUG-IN OUTLET",$0,Finaled,11-06-2025,11-06-2025,"Pacific Power Construction Inc."
"5135 Farago Avenue, Temple City, California 91780",8574-008-040,E25-50454,Electrical,"UPGRADE TO 200 AMP SERVICE PANEL",$0,Finaled,11-06-2025,11-06-2025,
"5004 Sereno Drive, Temple City, California 91780",5388-010-067,E25-50459,Electrical,"(1) 1707000-XX-Y (11.5KW) ESS + (1) 1807000-XX-Y-DC BATTERY EXPANSION SYSTEM",$0,Issued,11-06-2025,11-06-2025,"Renewal Energy Advantage Inc."
"4846 Camellia Avenue, Temple City, California 91780",8589-016-009,E25-50461,Electrical,"(1) 1707000-XX-Y (11.5KW0 ESS (1) NEW BUSBAR COUNT",$0,Issued,11-06-2025,11-06-2025,"Sunrun Installation Services"
"5752 Agnes Avenue, Temple City, California 91780",8587-029-015,E25-50463,Electrical,"UPGRADE TO NEW 200 AMP METER",$0,Issued,11-06-2025,11-06-2025,"MMA Construction Corp."
"10620 Fairhall Street, Temple City, California 91780",8585-026-006,M25-50448,Mechanical,"(2) VENTILATION FANS",$0,Issued,11-06-2025,11-06-2025,Owner-Builder
"6262 North Burton Avenue, San Gabriel, California 91775",5386-006-036,MISC25-50455,Miscellaneous,"TO VERIFY COMPLIANCE: TO REMOVE UNPERMITTED HOUSE ADDITION AND CARPORT",$0,Issued,11-06-2025,11-06-2025,Owner-Builder
"10620 Fairhall Street, Temple City, California 91780",8585-026-006,P25-50449,Plumbing,"SHOWERS, LAVATORIES AND WATER CLOSETS",$0,Issued,11-06-2025,11-06-2025,Owner-Builder
"9405 Woodruff Avenue Unit B , Temple City, California 91780",5385-005-016,P25-50457,Plumbing,"BATHTUB/SHOWER, CLOTHES WASHER, DISH WASHER, HOSE BIBB, LAVATORIE, SINK, WATER CLOSET, WATER HEATER, GAS OUTLETS, WATER MAIN AND CONNECT DETACHED ACCESSORY DWELLING UNIT TO PUBLIC SEWER",$0,Issued,11-06-2025,11-06-2025,Owner-Builder
"4533 Ellis Lane Unit 1, 2, 3 , Temple City, California 91780",8592-001-008,B25-50199,Building,"CONVERT EXISTING HALL CLOSETS IN UNITS 1,2, 3 INTO LAUNDRY ROOMS & ENCLOSED EXISTING DINING ROOM IN UNIT 3 WITH (2) INTERIOR WALLS AND A DOOR. KITCHEN & BATHROOMS REMODEL FOR 1 AND 2. NO FRAMING/STRUCTURAL ALTERATION","$25,000",Issued,10-06-2025,11-10-2025,
"4946 Kauffman Avenue, Temple City, California 91780",8589-018-003,B25-50465,Building,"VOLUNTARY SEISMIC RETROFIT PER LADBS STANDARD PLAN 1 DETAIL 7",$2500,Finaled,11-10-2025,11-10-2025,"Greg Sylvis General Contractor Inc."
"4827 Birchland Place, Temple City, California 91780",8585-011-029,B25-50466,Building,"VOLUNTARY SEISMIC RETROFIT",$4000,Finaled,11-10-2025,11-10-2025,"THE BEST FOUNDATION GUY"
"6363 Temple City Boulevard 1/2, Temple City, California 91780",5382-022-036,B25-50470,Building,"TEAR OFF REROOF HOUSE SHINGLES LIKE FOR LIKE",$3500,Issued,11-10-2025,11-10-2025,"Weatherguard Company Inc."
"6284 Sultana Avenue, Temple City, California 91780",5384-007-010,B25-50472,Building,"TEAR OFF REROOF MAIN HOUSE SHINGLES",$7350,Issued,11-10-2025,11-10-2025,"U S Developers Inc. dba Home Renew 360"
"6284 Sultana Avenue, Temple City, California 91780",5384-007-010,B25-50473,Building,"TEAR OFF REROOF DETACHED GARAGE SHINGLES",$2100,Issued,11-10-2025,11-10-2025,"U S Developers Inc. dba Home Renew 360"
"6266 Loma Avenue Unit A-B , Temple City, California 91780",5384-011-010,B25-49367,Building,"NEW 799 SQ.FT. ATTACHED ACCESSORY DWELLING UNIT: TWO BEDROOMS, TWO BATHROOMS, KITCHEN, 250 SQ.FT. TRELLIS AND 156 SQ.FT. SUNROOM","$158,431.47",Issued,06-04-2025,11-12-2025,"Kevin Chang Construction"
"9055 Las Tunas Drive Unit 110, Temple City, California 91780",5387-013-031,B25-49962,Building,"TENANT IMPROVEMENT OF EXISTING RETAIL SPACE INCLUDING PARTITIONS, CEILINGS, LIGHTING, FIXTURES AND FINISHES, ETC.","$150,000",Issued,09-08-2025,11-12-2025,"Wells Development and Construction Inc."
"6266 Loma Avenue Unit A-B , Temple City, California 91780",5384-011-010,B25-50474,Building,"REMOVE EXISTING 1500 SQ.FT. SHINGLE AND INSTALL NEW SHINGLES. REMOVE EXISTING SIDING AND INSTALL NEW STUCCO","$40,000",Issued,11-12-2025,11-12-2025,"Kevin Chang Construction"
"6166 North Muscatel Avenue, San Gabriel, California 91775",5386-010-040,B25-50497,Building,"ROOFTOP MOUNTED SOLAR ENERGY SYSTEM: (9) JAM72S10-405/MR SOLAR MODULES (9) IQ8PLUS-72-2-US (240V) MICRO-INVERTERS. NEW BUSBAR COUNT - 2 SYSTEM SIZE: 3.65 KW DC (2.61 KW AC)",$0,Issued,11-12-2025,11-12-2025,"California Construction & Roofing Inc."
"9161 Woolley Street, Temple City, California 91780",5382-016-028,B25-50499,Building,"ROOFTOP MOUNTED SOLAR ENERGY SYSTEM: (20) JAM54D41-440/MP SOLAR MODULES (1) 1707000-XX-Y (11.5KW) INVERTER (1) 1707000-XX-Y (11.5KW) ESS. SYSTEM SIZE: 8.8 KW DC (11.5 KW AC)",$0,Issued,11-12-2025,11-12-2025,"Guyou Construction"
"6133 Rosemead Boulevard, Temple City, California 91780",5384-004-042,B25-50501,Building,"ROOFTOP MOUNTED SOLAR ENERGY SYSTEM: (11) Q. PEAK DUO BLK ML-G10+415 SOLAR MODULES (11) IQ8PLUS-72-M-US (240V) MICRO-INVERTERS (1) APOW ER XYY (240V, 10 KW) ESS. NEW BUSBAR COUNT -2 . SYSTEM SIZE: 4.57 KW DC (3.19 KW AC)",$0,Issued,11-12-2025,11-12-2025,"Haven Energy"
"9055 Las Tunas Drive Unit 110 , Temple City, California 91780",5387-013-031,E25-49963,Electrical,"ELECTRICAL - TENANT IMPROVEMENT (30) OUTLETS AND (84) LIGHT FIXTURES",$0,Issued,09-08-2025,11-12-2025,"Wells Development and Construction Inc."
"6266 Loma Avenue Unit A-B, Temple City, California 91780",5384-011-010,E25-50475,Electrical,"ELECTRICAL FOR A NEW ATTACHED ACCESSORY DWELLING UNIT WITH A SUB-PANEL 200 AMP",$0,Issued,11-12-2025,11-12-2025,"Kevin Chang Construction"
"10300 La Rosa Drive, Temple City, California 91780",8585-018-082,E25-50478,Electrical,"PANEL UPGRADE TO 200 AMP SERVICE",$0,Issued,11-12-2025,11-12-2025,"Photonics Electric & IT Services Inc."
"9055 Broadway, Temple City, California 91780",5387-026-008,E25-50492,Electrical,"(1) OUTLET AND (3) AC UNITS",$0,Issued,11-12-2025,11-12-2025,Owner-Builder
"6166 North Muscatel Avenue, San Gabriel, California 91775",5386-010-040,E25-50498,Electrical,"NEW BUSBAR COUNT - 2 SUB-PANEL 125A",$0,Issued,11-12-2025,11-12-2025,"California Construction & Roofing Inc."
"9161 Woolley Street, Temple City, California 91780",5382-016-028,E25-50500,Electrical,"(1) 1707000-XX-Y (11.5KW) ESS.",$0,Issued,11-12-2025,11-12-2025,"Guyou Construction"
"6133 Rosemead Boulevard, Temple City, California 91780",5384-004-042,E25-50502,Electrical,"(1) APOWER XYY (240V, 10 KW) ESS",$0,Issued,11-12-2025,11-12-2025,"Haven Energy"
"10018 La Rosa Drive, Temple City, California 91780",8585-008-016,G25-50496,Grading,"DEMO EXISTING SWIMMING POOL WITH BACKFILLING WITH STRUCTURAL COMPACTED FILL",$0,Issued,11-12-2025,11-12-2025,Owner-Builder
"6266 Loma Avenue Unit A-B , Temple City, California 91780",5384-011-010,M25-50476,Mechanical,"INSTALL HVAC SYSTEMS, AIR INLETS AND VENTILATION FANS FOR A NEW ATTACHED ACCESSORY DWELLING UNIT",$0,Issued,11-12-2025,11-12-2025,"Kevin Chang Construction"
"9055 Broadway, Temple City, California 91780",5387-026-008,M25-50493,Mechanical,"INSTALL (3 MINI SPLIT A/C UNITS",$0,Issued,11-12-2025,11-12-2025,Owner-Builder
"10018 La Rosa Drive, Temple City, California 91780",8585-008-016,MISC25-50495,Miscellaneous,"DEMO EXISTING SWIMMING POOL WITH BACKFILLING WITH STRUCTURAL COMPACTED FILL",$0,Issued,11-12-2025,11-12-2025,Owner-Builder
"6266 Loma Avenue Unit A-B , Temple City, California 91780",5384-011-010,P25-50477,Plumbing,"PLUMBING FOR A NEW ATTACHED ACCESSORY DWELLING UNIT AND CONNECT TO PUBLIC SEWER",$0,Issued,11-12-2025,11-12-2025,"Kevin Chang Construction"
"4938 Ryland Avenue, Temple City, California 91780",8585-013-029,P25-50480,Plumbing,"RE-PIPE (NO ALTERATIONS) (10) PLUMBING FIXTURES PEX & WATER SERVICE",$0,Finaled,11-12-2025,11-12-2025,"Henrik Plumbing Inc."
"5528 Mcculloch Avenue Unit A , Temple City, California 91780",8573-013-008,P25-50481,Plumbing,"PLUMBING FOR A NEW RESIDENTIAL UNIT AND CONNECT TO PUBLIC SEWER",$0,Issued,11-12-2025,11-12-2025,"Navigator Construction and Plumbing"
"5528 Mcculloch Avenue Unit B , Temple City, California 91780",8573-013-008,P25-50482,Plumbing,"PLUMBING FOR A NEW RESIDENTIAL UNIT AND CONNECT TO PUBLIC SEWER",$0,Issued,11-12-2025,11-12-2025,"Navigator Construction and Plumbing"
"5528 Mcculloch Avenue Unit C , Temple City, California 91780",8573-013-008,P25-50483,Plumbing,"PLUMBING FOR A NEW RESIDENTIAL UNIT AND CONNECT TO PUBLIC SEWER",$0,Issued,11-12-2025,11-12-2025,"Navigator Construction and Plumbing"
"5528 Mcculloch Avenue Unit D , Temple City , California 91780",8573-013-008,P25-50484,Plumbing,"PLUMBING FOR A NEW RESIDENTIAL UNIT AND CONNECT TO PUBLIC SEWER",$0,Issued,11-12-2025,11-12-2025,"Navigator Construction and Plumbing"
"5528 Mcculloch Avenue Unit E , Temple City, California 91780",8573-013-008,P25-50485,Plumbing,"PLUMBING FOR A NEW RESIDENTIAL UNIT AND CONNECT TO PUBLIC SEWER",$0,Issued,11-12-2025,11-12-2025,"Navigator Construction and Plumbing"
"5528 Mcculloch Avenue Unit F , Temple City, California 91780",8573-013-008,P25-50486,Plumbing,"PLUMBING FOR A NEW RESIDENTIAL UNIT AND CONNECT TO PUBLIC SEWER",$0,Issued,11-12-2025,11-12-2025,"Navigator Construction and Plumbing"
"5528 Mcculloch Avenue Unit G , Temple City, California 91780",8573-013-008,P25-50487,Plumbing,"PLUMBING FOR A NEW RESIDENTIAL UNIT AND CONNECT TO PUBLIC SEWER",$0,Issued,11-12-2025,11-12-2025,"Navigator Construction and Plumbing"
"5528 Mcculloch Avenue Unit H , Temple City, California 91780",8573-013-008,P25-50488,Plumbing,"PLUMBING FOR A NEW RESIDENTIAL UNIT AND CONNECT TO PUBLIC SEWER",$0,Issued,11-12-2025,11-12-2025,"Navigator Construction and Plumbing"
"5528 Mcculloch Avenue Unit I , Temple City, California 91780",8573-013-008,P25-50489,Plumbing,"PLUMBING FOR A NEW RESIDENTIAL UNIT AND CONNECT TO PUBLIC SEWER",$0,Issued,11-12-2025,11-12-2025,"Navigator Construction and Plumbing"
"5528 Mcculloch Avenue Unit J, Temple City, California 91780",8573-013-008,P25-50490,Plumbing,"PLUMBING FOR A NEW RESIDENTIAL UNIT AND CONNECT TO PUBLIC SEWER",$0,Issued,11-12-2025,11-12-2025,"Navigator Construction and Plumbing"
"5528 Mcculloch Avenue Unit K , Temple City, California 91780",8573-013-008,P25-50491,Plumbing,"PLUMBING FOR A NEW RESIDENTIAL UNIT AND CONNECT TO PUBLIC SEWER",$0,Issued,11-12-2025,11-12-2025,"Navigator Construction and Plumbing"
"9055 Broadway, Temple City, California 91780",5387-026-008,P25-50494,Plumbing,"REPLACE (E) WATER HEATER LOCATED OUTSIDE OF THE GARAGE",$0,Issued,11-12-2025,11-12-2025,Owner-Builder
"5528 Mcculloch Avenue Unit A , Temple City, California 91780",8573-013-008,E25-50503,Electrical,"ELECTRICAL FOR A NEW RESIDENTIAL UNIT WITH 200 AMP SERVICE PANEL",$0,Issued,11-13-2025,11-13-2025,"Tran U S Construction Inc."
"5528 Mcculloch Avenue Unit B, Temple City, California 91780",8573-013-008,E25-50504,Electrical,"ELECTRICAL FOR A NEW RESIDENTIAL UNIT WITH 200 AMP SERVICE PANEL",$0,Issued,11-13-2025,11-13-2025,"Tran U S Construction Inc."
"5528 Mcculloch Avenue Unit C , Temple City, California 91780",8573-013-008,E25-50505,Electrical,"ELECTRICAL FOR A NEW RESIDENTIAL UNIT WITH 200 AMP SERVICE PANEL",$0,Issued,11-13-2025,11-13-2025,"Tran U S Construction Inc."
"5528 Mcculloch Avenue Unit D , Temple City, California 91780",8573-013-008,E25-50506,Electrical,"ELECTRICAL FOR A NEW RESIDENTIAL UNIT WITH 200 AMP SERVICE PANEL",$0,Issued,11-13-2025,11-13-2025,"Tran U S Construction Inc."
"5528 Mcculloch Avenue Unit E, Temple City, California 91780",8573-013-008,E25-50507,Electrical,"ELECTRICAL FOR A NEW RESIDENTIAL UNIT WITH 200 AMP SERVICE PANEL",$0,Issued,11-13-2025,11-13-2025,"Tran U S Construction Inc."
"5528 Mcculloch Avenue Unit F , Temple City, California 91780",8573-013-008,E25-50508,Electrical,"ELECTRICAL FOR A NEW RESIDENTIAL UNIT WITH 200 AMP SERVICE PANEL",$0,Issued,11-13-2025,11-13-2025,"Tran U S Construction Inc."
"5528 Mcculloch Avenue Unit G , Temple City, California 91780",8573-013-008,E25-50509,Electrical,"ELECTRICAL FOR A NEW RESIDENTIAL UNIT WITH 200 AMP SERVICE PANEL",$0,Issued,11-13-2025,11-13-2025,"Tran U S Construction Inc."
"5528 Mcculloch Avenue Unit H , Temple City, California 91780",8573-013-008,E25-50510,Electrical,"ELECTRICAL FOR A NEW RESIDENTIAL UNIT WITH 200 AMP SERVICE PANEL",$0,Issued,11-13-2025,11-13-2025,"Tran U S Construction Inc."
"5528 Mcculloch Avenue Unit I , Temple City, California 91780",8573-013-008,E25-50511,Electrical,"ELECTRICAL FOR A NEW RESIDENTIAL UNIT WITH 200 AMP SERVICE PANEL",$0,Issued,11-13-2025,11-13-2025,"Tran U S Construction Inc."
"5528 Mcculloch Avenue Unit J , Temple City, California 91780",8573-013-008,E25-50512,Electrical,"ELECTRICAL FOR A NEW RESIDENTIAL UNIT WITH 200 AMP SERVICE PANEL",$0,Issued,11-13-2025,11-13-2025,"Tran U S Construction Inc."
"5528 Mcculloch Avenue Unit K , Temple City, California 91780",8573-013-008,E25-50513,Electrical,"ELECTRICAL FOR A NEW RESIDENTIAL UNIT WITH 200 AMP SERVICE PANEL",$0,Issued,11-13-2025,11-13-2025,"Tran U S Construction Inc."
"5528 Mcculloch Avenue Unit A , Temple City, California 91780",8573-013-008,M25-50514,Mechanical,"INSTALL HVAC SYSTEM FOR A NEW RESIDENTIAL UNIT",$0,Issued,11-13-2025,11-13-2025,"Sarann A/C"
"5528 Mcculloch Avenue Unit B , Temple City, California 91780",8573-013-008,M25-50515,Mechanical,"INSTALL HVAC SYSTEM FOR A NEW RESIDENTIAL UNIT",$0,Issued,11-13-2025,11-13-2025,"Sarann A/C"
"5528 Mcculloch Avenue Unit C , Temple City, California 91780",8573-013-008,M25-50516,Mechanical,"INSTALL HVAC SYSTEM FOR A NEW RESIDENTIAL UNIT",$0,Issued,11-13-2025,11-13-2025,"Sarann A/C"
"5528 Mcculloch Avenue Unit D , Temple City, California 91780",8573-013-008,M25-50517,Mechanical,"INSTALL HVAC SYSTEM FOR A NEW RESIDENTIAL UNIT",$0,Issued,11-13-2025,11-13-2025,"Sarann A/C"
"5528 Mcculloch Avenue Unit E, Temple City, California 91780",8573-013-008,M25-50518,Mechanical,"INSTALL HVAC SYSTEM FOR A NEW RESIDENTIAL UNIT",$0,Issued,11-13-2025,11-13-2025,"Sarann A/C"
"5528 Mcculloch Avenue Unit F , Temple City, California 91780",8573-013-008,M25-50519,Mechanical,"INSTALL HVAC SYSTEM FOR A NEW RESIDENTIAL UNIT",$0,Issued,11-13-2025,11-13-2025,"Sarann A/C"
"5528 Mcculloch Avenue Unit G , Temple City, California 91780",8573-013-008,M25-50520,Mechanical,"INSTALL HVAC SYSTEM FOR A NEW RESIDENTIAL UNIT",$0,Issued,11-13-2025,11-13-2025,"Sarann A/C"
"5528 Mcculloch Avenue Unit H , Temple City, California 91780",8573-013-008,M25-50521,Mechanical,"INSTALL HVAC SYSTEM FOR A NEW RESIDENTIAL UNIT",$0,Issued,11-13-2025,11-13-2025,"Sarann A/C"
"5528 Mcculloch Avenue Unit I , Temple City, California 91780",8573-013-008,M25-50522,Mechanical,"INSTALL HVAC SYSTEM FOR A NEW RESIDENTIAL UNIT",$0,Issued,11-13-2025,11-13-2025,"Sarann A/C"
"5528 Mcculloch Avenue Unit J , Temple City, California 91780",8573-013-008,M25-50523,Mechanical,"INSTALL HVAC SYSTEM FOR A NEW RESIDENTIAL UNIT",$0,Issued,11-13-2025,11-13-2025,"Sarann A/C"
"5528 Mcculloch Avenue Unit K , Temple City, California 91780",8573-013-008,M25-50524,Mechanical,"INSTALL HVAC SYSTEM FOR A NEW RESIDENTIAL UNIT",$0,Issued,11-13-2025,11-13-2025,"Sarann A/C"
"5826 1/2 Rowland Avenue, Temple City, California 91780",8587-033-007,M25-50527,Mechanical,"TO REPLACE EXISTING CONDENSER WITH A NEW ONE",$0,Issued,11-13-2025,11-13-2025,"Middleridge Concepts Inc. dba Bryant Heating & Air Conditioning"
"4938 Ryland Avenue, Temple City, California 91780",8585-013-029,P25-50526,Plumbing,"GAS LINE REPLACEMENT",$0,Finaled,11-13-2025,11-13-2025,"Henrik Plumbing Inc."
"6208 North Muscatel Avenue, San Gabriel, California 91775",5386-010-016,B23-45766,Building,"NEW 2-STORY SINGLE FAMILY DWELLING: 4 BEDROOMS, 5 BATHROOMS WITH ATTACHED 2-CAR GARAGE AND COVER PATIO","$500,000",Issued,11-22-2023,11-17-2025,"Rdgz Quality Construction Inc."
"8802 Hermosa Drive, San Gabriel, California 91780",5387-010-028,B25-50442,Building,"(E) 36"" X 48"" WINDOW CONVERTED INTO DOOR 36"" X 84"" AND THE DOOR ENTRY AWNING",$2500,Issued,11-05-2025,11-17-2025,"B & K Home Improvement Inc."
"9616 Garibaldi Avenue, Temple City, California 91780",5385-014-022,B25-50533,Building,"REMODEL KITCHEN AND INSTALL (16) WINDOWS LOW E RETROFIT SH. & SLIDERS",$9500,Issued,11-17-2025,11-17-2025,"B X D Construction Inc."
"6122 Reno Avenue, Temple City, California 91780",5384-004-012,B25-50537,Building,"TEAR OFF EXISTING ROOF, REPAIR DAMAGED ROOF SHEATHING. INSTALL 30 YEAR SHINGLES 29 SQ'S. HOUSE & ATTACHED GARAGE","$15,000",Issued,11-17-2025,11-17-2025,"Golden West Roofing Services Inc."
"6204 Encinita Avenue Unit B , Temple City, California 91780",5385-002-001,B25-50538,Building,"INSTALL FIRE SPRINKLERS FOR A NEW DETACHED ACCESSORY DWELLING UNIT",$4500,Issued,11-17-2025,11-17-2025,"United Fire & Safety Corp."
"9055 Las Tunas Drive Unit 110 , Temple City, California 91780",5387-013-031,B25-50539,Building,"TENANT IMPROVEMENT - INSTALL FIRE SPRINKLER SYSTEM",$5200,Issued,11-17-2025,11-17-2025,"United Fire & Safety Corp."
"5552 Welland Avenue, Temple City, California 91780",8573-019-074,B25-50546,Building,"ROOFTOP MOUNTED SOLAR ENERGY SYSTEM: (13) Q. PEAK DUO BLK ML-G10+415 SOLAR MODULES (13) IQ8PLUS-72-M-US (240V) MICRO-INVERTERS (1) POWER XYY (240, 10 KW) ESS NEW BUSBAR COUNT -3 SYSTEM SIZE:l 5.4 KW DC (3.77 KW AC)",$0,Issued,11-17-2025,11-17-2025,"Haven Energy"
"4881 Glickman Avenue, Temple City, California 91780",8585-012-075,B25-50548,Building,"ROOFTOP MOUNTED SOLAR ENERGY SYSTEM: (12) Q. PEAK DUL BLK ML-G10+410 SOLAR MODULES (1) SE3800H-US (208V) INVERTER (1) BAT-10K1P BATTERY. NEW BUSBAR COUNT -1 SYSTEM SIZE: 4.92 KW DC (3.26) KW AC)",$0,Issued,11-17-2025,11-17-2025,"Off Grid Energy Solutions LLC dba Avego"
"10270 West Live Oak Avenue, Arcadia, California 91007",8586-014-006,E25-50530,Electrical,"PANEL UPGRADE FROM 100 AMP TO 200 AMP AND INSTALL A 240V OUTLET",$0,Finaled,11-17-2025,11-17-2025,"JBL Electrical & Energy Inc."
"9616 Garibaldi Avenue, Temple City, California 91780",5385-014-022,E25-50534,Electrical,"(16) RECESSED LIGHTS 8-6""/7-4"" (2) KITCHEN GFI & (1) AT BATHROOM 3 GFI",$0,Issued,11-17-2025,11-17-2025,"B X D Construction Inc."
"6208 North Muscatel Avenue, San Gabriel, California 91775",5386-010-016,E25-50540,Electrical,"ELECTRICAL FOR A NEW SINGLE FAMILY-DWELLING WITH 225 AMP MAIN SERVICE PANEL AND SUB-PANEL 100 AMP",$0,Issued,11-17-2025,11-17-2025,"Rdgz Quality Construction Inc."
"10781 Blackley Street, Temple City, California 91780",8573-007-014,E25-50543,Electrical,"INSTALL SUB-PANEL 100 AMP",$0,Finaled,11-17-2025,11-17-2025,"JBL Electrical & Energy Inc."
"5552 Welland Avenue, Temple City, California 91780",8573-019-074,E25-50547,Electrical,"(1) POWER XYY (240, 10 KW) ESS NEW BUSBAR COUNT -3 & SUB-PANEL",$0,Issued,11-17-2025,11-17-2025,"Haven Energy"
"4881 Glickman Avenue, Temple City, California 91780",8585-012-075,E25-50549,Electrical,"(1) BAT-10K1P BATTERY. NEW BUSBAR COUNT -1 AND SUB-PANEL",$0,Issued,11-17-2025,11-17-2025,"Off Grid Energy Solutions LLC dba Avego"
"6208 North Muscatel Avenue, San Gabriel, California 91775",5386-010-016,G24-46185,Grading,"GRADING FOR A NEW SINGLE FAMILY DWELLING",$0,Issued,02-14-2024,11-17-2025,"Rdgz Quality Construction Inc."
"6208 North Muscatel Avenue, San Gabriel, California 91775",5386-010-016,M25-50541,Mechanical,"INSTALL (2) HVAC SYSTEMS FOR A NEW SINGLE FAMILY-DWELLING",$0,Issued,11-17-2025,11-17-2025,"Rdgz Quality Construction Inc."
"9616 Garibaldi Avenue, Temple City, California 91780",5385-014-022,MISC25-50536,Miscellaneous,"TO VERIFY COMPLIANCE: TO REMOVE UNPERMITTED CARPORT 20'X10'",$0,Issued,11-17-2025,11-17-2025,"B X D Construction Inc."
"9616 Garibaldi Avenue, Temple City, California 91780",5385-014-022,P25-50535,Plumbing,"REPLACE KITCHEN AND BATHROOM FAUCETS",$0,Issued,11-17-2025,11-17-2025,"B X D Construction Inc."
"6208 North Muscatel Avenue, San Gabriel, California 91775",5386-010-016,P25-50542,Plumbing,"PLUMBING FOR A NEW SINGLE FAMILY-DWELLING AND CONNECT TO PUBLIC SEWER",$0,Issued,11-17-2025,11-17-2025,"Rdgz Quality Construction Inc."
"4938 Ryland Avenue, Temple City, California 91780",8585-013-029,P25-50544,Plumbing,"REPAIR DRAINAGE/VENT PIPING UNDER THE KITCHEN SINK",$0,Finaled,11-17-2025,11-17-2025,Owner-Builder
"5928 North Muscatel Avenue Unit B , San Gabriel, California 91775",5386-011-046,B25-49628,Building,"NEW DETACHED 799 SQ.FT. ACCESSORY DWELLING UNIT: TWO BEDROOMS, TWO BATHROOMS, KITCHEN AND 50 SQ.FT. FRONT PORCH","$200,000",Issued,07-17-2025,11-18-2025,Owner-Builder
"10606 Roseglen Street, Temple City, California 91780",8585-026-017,B25-50412,Building,"SOLAR PV ROOF MOUNTED SYSTEM (10) MODULES X 4.150 KW, BATTERY 2 X ENPHASE (TOU)","$29,423.5",Issued,10-30-2025,11-18-2025,"V3 Electric Inc."
"9116 Rancho Real Road, Temple City, California 91780",5388-005-008,B25-50528,Building,"ROOF MOUNT SOLAR, MODULE QTY. (12) 4.98 KW DC BATTERY QTY. (2) X ENPHASE (TOU)","$35,859.38",Issued,11-13-2025,11-18-2025,"V3 Electric Inc."
"9677 Las Tunas Drive, Temple City, California 91780",8587-020-011,B25-50556,Building,"TEAR OFF SMALL SECTION BY THE DRAIN SYSTEM. INSTALL 28 POUNDS BASE. INSTALL MID PLY TORCH INSTALL GTA ROOF REPAIR 20 X 20 SECTION",$1500,Issued,11-18-2025,11-18-2025,"MW Roofing"
"10606 Roseglen Street, Temple City, California 91780",8585-026-017,E25-50413,Electrical,"BATTERY 2 X ENPHASE (TOU)",$0,Issued,10-30-2025,11-18-2025,"V3 Electric Inc."
"9116 Rancho Real Road, Temple City, California 91780",5388-005-008,E25-50529,Electrical,"BATTERY QTY. (2) X ENPHASE (TOU) ADD NEW 125/225A SUB-PANEL AND RELOCATE LOADS. ADD ENPHASE POWERLINE FILTER",$0,Issued,11-13-2025,11-18-2025,"V3 Electric Inc."
"10234 Randwick Drive, Temple City, California 91780",8585-004-038,E25-50551,Electrical,"REMOVE OLD ELECTRICAL PANEL (S) AND REPLACE WITH METER MAIN SERVICE 200 AMP PANEL",$0,Issued,11-18-2025,11-18-2025,"Abide Electrical"
"5928 North Muscatel Avenue Unit B , San Gabriel, California 91775",5386-011-046,E25-50552,Electrical,"ELECTRICAL FOR A NEW DETACHED ACCESSORY DWELLING UNIT WITH 200 AMP SERVICE PANEL",$0,Issued,11-18-2025,11-18-2025,Owner-Builder
"4852 Camellia Avenue, Temple City, California 91780",8589-016-010,E25-50555,Electrical,"SUB-PANEL 100 AMP",$0,Finaled,11-18-2025,11-18-2025,"KSB Electric Inc."
"5928 North Muscatel Avenue Unit B , San Gabriel, California 91775",5386-011-046,M25-50553,Mechanical,"INSTALL HVAC SYSTEM FOR A NEW DETACHED ACCESSORY DWELLING UNIT",$0,Issued,11-18-2025,11-18-2025,Owner-Builder
"5928 North Muscatel Avenue Unit B , San Gabriel, California 91775",5386-011-046,P25-50554,Plumbing,"PLUMBING FOR A NEW DETACHED ACCESSORY DWELLING UNIT AND CONNECT TO PUBLIC SEWER",$0,Issued,11-18-2025,11-18-2025,Owner-Builder
"4819 Temple City Boulevard, Temple City, California 91780",8590-017-029,P25-50557,Plumbing,"INSTALL TWO NEW ROOF DRAINS",$0,Finaled,11-18-2025,11-18-2025,"Re-Pipe Plumbing"
"9863 Olive Street, Temple City, California 91780",8588-020-011,B25-50560,Building,"VOLUNTARY EARTHQUAKE RETROFIT USING THE L.A. CITY STANDARD PLAN. DETAIL #7",$3000,Issued,11-19-2025,11-19-2025,"Haro Retrofit & Renovations"
"10015 Olive Street, Temple City, California 91780",8586-023-023,B25-50562,Building,"STORE FRONT: ONE SET INTERNALLY ILLUMINATED LED CHANNEL LETTER SIGN: (ENGWE)",$2000,Issued,11-19-2025,11-19-2025,"New Sign Solution Inc. dba A+Construction"
"9706 Woolley Street, Temple City, California 91780",5383-017-007,B25-50564,Building,"VOLUNTARY BOLTING OF MUDSILL TO FOUNDATION AS PER LADBS STANDARD PLAN #1. DETAIL #7",$3200,Issued,11-19-2025,11-19-2025,"Weinstein Construction Corporation"
"10015 Olive Street, Temple City, California 91780",8586-023-023,E25-50563,Electrical,"STORE FRONT: ONE SET INTERNALLY ILLUMINATED LED CHANNEL LETTER SIGN: (ENGWE)",$0,Issued,11-19-2025,11-19-2025,"New Sign Solution Inc. dba A+Construction"
"10520 Freer Street, Temple City, California 91780",8585-023-060,M25-50558,Mechanical,"REPLACE EXISTING AIR CONDITIONING AND HEATING WITH NEW DUCTWORK AT SAME LOCATION",$0,Issued,11-19-2025,11-19-2025,"Connor Air Conditioning and Refrigeration Inc."
"5248 Village Circle Drive, Temple City, California 91780",8585-001-115,M25-50559,Mechanical,"REPLACE EXISTING CONDENSER, FURNACE AND DUCTWORK SAME LOCATION",$0,Issued,11-19-2025,11-19-2025,"Connor Air Conditioning and Refrigeration Inc."
"9055 Las Tunas Drive Unit 110, Temple City, California 91780",5387-013-031,M25-50561,Mechanical,"RELOCATE EXISTING RETURN A/C REGISTERS AND RELOCATE 18 EXISTING SUPPLY DIFFUSOR'S",$0,Issued,11-19-2025,11-19-2025,"Wells Development and Construction Inc."
"5112 Agnes Avenue, Temple City, California 91780",8589-007-026,B25-50569,Building,"TEAR OFF THE EXISTING ROOF LAYERS ON MAIN HOUSE AND ATTACHED GARAGE. ADD A NEW LAYER OF SHINGLE COLOR STONE GRAY TO MATCH NEW ADDITION","$10,000",Issued,11-20-2025,11-20-2025,"Shunde Roofing Inc."
"4921 Ardsley Drive, Temple City, California 91780",8590-018-012,B25-50570,Building,"ROOFTOP MOUNTED SOLAR ENERGY SYSTEM: (16) STS-410P-54DD SOLAR MODULES (8) DS3-L (240V) INVERTERS. NEW BUSBAR-1. SYSTEM SIZE: 6.56 KW DC (6.24 KW AC)",$0,Issued,11-20-2025,11-20-2025,"SunCo Inc."
"5729 Cloverly Avenue Unit A , Temple City, California 91780",8587-010-006,B25-49304,Building,"MAIN HOUSE 673 SQ.FT. ADDITION OF TWO BEDROOMS, ONE BATHROOM, LIVING ROOM AND NEW 441 SQ.FT. ATTACHED 2-CAR GARAGE","$139,803.7",Issued,05-28-2025,11-24-2025,"David Kwan"
"5729 Cloverly Avenue Unit B , Temple City, California 91780",8587-010-006,B25-49305,Building,"NEW 995.5 DETACHED ACCESSORY DWELLING UNIT: THREE BEDROOM, TWO BATHROOMS AND KITCHEN","$164,924.48",Issued,05-28-2025,11-24-2025,"David Kwan"
"5623 Encinita Avenue Unit C, Temple City, California 91780",5387-019-006,B25-49804,Building,"CONVERT EXISTING 1003 SQ.FT. DETACHED GARAGE/WORKSHOP INTO ACCESSORY DWELLING UNIT: THREE BEDROOMS, THREE BATHROOMS AND KITCHEN","$200,000",Issued,08-11-2025,11-24-2025,"Ahongda Construction"
"5623 Encinita Avenue Unit D, Temple City, California 91780",5387-019-006,B25-49805,Building,"NEW DETACHED 798 SQ.FT. ACCESSORY DWELLING UNIT: THREE BEDROOMS, TWO BATHROOMS AND KITCHEN","$160,000",Issued,08-11-2025,11-24-2025,"Ahongda Construction"
"4910 Kauffman Avenue, Temple City, California 91780",8589-019-017,B25-50581,Building,"REMODEL KITCHEN, TWO BATHROOMS AND OPEN KITCHEN WALL BETWEEN LIVING ROOM AND DINING ROOM","$30,000",Issued,11-24-2025,11-24-2025,Owner-Builder
"4910 Kauffman Avenue, Temple City, California 91780",8589-019-017,B25-50585,Building,"TO COMPLETE WORK STARTED UNDER PERMIT # BL 0508 0702270023 FOR ADD FAMILY ROOM, BATH & CLOSET 300 S.F.",$0,Issued,11-24-2025,11-24-2025,Owner-Builder
"9422 Olema Street, Temple City, California 91780",5382-020-024,B25-50588,Building,"TEAR OFF EXISTING SHINGLES, FLASHINGS AND UNDERLAYMENT OVER HOUSE ONLY. REPLACE WOOD AS NEEDED. INSTALL NEW SYNTHETIC UNDERLAYMENT 30 YEAR COOL ROOF SHINGLES AND TORCH DOWN OVER LOW-SLOPE AREA. CRRC # 0890-0038",$7650,Issued,11-24-2025,11-24-2025,"Ruano Construction Inc. dba SoCal Roofing Solutions"
"5626 Pal Mal Avenue, Temple City, California 91780",8586-009-020,B25-50595,Building,"CHANGE FROM OWNER BUILDER TO CONTRACTOR - TO CREATE NEW CLOSET IN BATHROOM AND INSTALL (2) SKYLIGHTS",$0,Issued,11-24-2025,11-24-2025,"Edward Ze Guan"
"5561 El Monte Avenue, Temple City, California 91780",8586-010-005,B25-50602,Building,"ROOFTOP MOUNTED SOLAR ENERGY SYSTEM: (15) MSX10-435HNOB SOLAR MODULES (1) 1707000-XX-Y (240V, 11.5W) INVERTER (1) 1707000-XX-Y (11.5 KW) ESS. EXISTING SYSTEM YES. SYSTEM SIZE: 6.53 KW DC (11.5KW AC)",$0,Issued,11-24-2025,11-24-2025,"Amgreen Solutions Inc."
"9714 Val Street, Temple City, California 91780",5383-018-020,B25-50604,Building,"ROOFTOP MOUNTED SOLAR ENERGY SYSTEM: (25) Q. PEAK DUO BLK ML-G10.C+410 SOLAR MODULES (2) 1707000-XX-Y (11.5KW) INVERTERS (2) 1707000-XX-Y (11.5 KW) ESS. NEW BUSBAR COUNT - 1. SYSTEM SIZE: 10.25 KW DC (23 KW AC)",$0,Issued,11-24-2025,11-24-2025,"Freedom Forever Southern California LLC"
"5623 Encinita Avenue Unit C , Temple City, California 91780",5387-019-006,E25-50574,Electrical,"(62) OUTLETS, (32) LIGHT FIXTURES, GARBAGE DISPOSAL, DISHWASHER, RANGE HOOD, WASHING MACHINE, EXHAUST FANS, ELECTRICAL WATER HEATER , HEAT PUMP/AC UNITS WITH 200 AMP SERVICE PANEL FOR THE DETACHED ACCESSORY DWELLING UNIT",$0,Issued,11-24-2025,11-24-2025,"Ahongda Construction"
"5623 Encinita Avenue Unit D , Temple City, California 91780",5387-019-006,E25-50577,Electrical,"ELECTRICAL FOR A NEW DETACHED ACCESSORY DWELLING UNIT WITH 200 AMP SERVICE PANEL",$0,Issued,11-24-2025,11-24-2025,"Ahongda Construction"
"4910 Kauffman Avenue, Temple City, California 91780",8589-019-017,E25-50582,Electrical,"(5) OUTLETS, (10) LIGHT FIXTURES, FAU/AC, GARBAGE DISPOSAL, DISH WASHER, RANGE HOOD AND EXHAUST FANS",$0,Issued,11-24-2025,11-24-2025,
"4910 Kauffman Avenue, Temple City, California 91780",8589-019-017,E25-50586,Electrical,"TO COMPLETE WORK STARTED UNDER PERMIT # EL 0508 0703160023 FOR ELECTRICAL FOR ADDITION, UPGRADE SERVICE PANEL TO 200 AMP & HEAT PUMP",$0,Issued,11-24-2025,11-24-2025,Owner-Builder
"5729 Cloverly Avenue Unit A , Temple City, California 91780",8587-010-006,E25-50589,Electrical,"(30) OUTLETS AND (20) LIGHT FIXTURES (1) EXHAUST FAN",$0,Issued,11-24-2025,11-24-2025,"David Kwan"
"5729 Cloverly Avenue Unit B , Temple City, California 91780",8587-010-006,E25-50592,Electrical,"ELECTRICAL FOR A NEW DETACHED ACCESSORY DWELLING UNIT WITH 100 AMP SERVICE PANEL",$0,Issued,11-24-2025,11-24-2025,"David Kwan"
"5626 Pal Mal Avenue, Temple City, California 91780",8586-009-020,E25-50597,Electrical,"CHANGE FROM OWNER-BUILDER TO CONTRACTOR - FOR (7) OUTLETS, (4) LIGHT FIXTURES, WASHING MACHINE AND WATER HEATER",$0,Issued,11-24-2025,11-24-2025,"Edward Ze Guan"
"5316 Farago Avenue, Temple City, California 91780",8573-036-006,E25-50600,Electrical,"INSTALL EV WALL CHARGER IN THE GARAGE",$0,Issued,11-24-2025,11-24-2025,Owner-Builder
"5561 El Monte Avenue, Temple City, California 91780",8586-010-005,E25-50603,Electrical,"(1) 1707000-XX-Y (11.5 KW) ESS",$0,Issued,11-24-2025,11-24-2025,"Amgreen Solutions Inc."
"9714 Val Street, Temple City, California 91780",5383-018-020,E25-50605,Electrical,"(2) 1707000-XX-Y (11.5 KW) ESS.",$0,Issued,11-24-2025,11-24-2025,"Freedom Forever Southern California LLC"
"5137 Doreen Avenue, Temple City, California 91780",8585-023-044,M25-50572,Mechanical,"60K BTUS FURNACE C/O IN ATTIC",$0,Issued,11-24-2025,11-24-2025,"Service Champions Inc. dba Service Champions Heating and Air Conditioning"
"5623 Encinita Avenue Unit C , Temple City, California 91780",5387-019-006,M25-50575,Mechanical,"INSTALL HVAC SYSTEM FOR THE DETACHED ACCESSORY DWELLING UNIT",$0,Issued,11-24-2025,11-24-2025,"Ahongda Construction"
"5623 Encinita Avenue Unit D , Temple City, California 91780",5387-019-006,M25-50578,Mechanical,"INSTALL HVAC SYSTEM FOR A NEW DETACHED ACCESSORY DWELLING UNIT",$0,Issued,11-24-2025,11-24-2025,"Ahongda Construction"
"4910 Kauffman Avenue, Temple City, California 91780",8589-019-017,M25-50583,Mechanical,"INSTALL NEW CENTRAL AIR W (N) FAU IN ATTIC",$0,Issued,11-24-2025,11-24-2025,Owner-Builder
"5729 Cloverly Avenue Unit A , Temple City, California 91780",8587-010-006,M25-50590,Mechanical,"ALTERATION OF EXISTING DUCT SYSTEM, (6) AIR INLETS AND (1) VENTILATION FAN",$0,Issued,11-24-2025,11-24-2025,"David Kwan"
"5729 Cloverly Avenue Unit B , Temple City, California 91780",8587-010-006,M25-50593,Mechanical,"INSTALL HVAC SYSTEM FOR A NEW DETACHED ACCESSORY DWELLING UNIT",$0,Issued,11-24-2025,11-24-2025,"David Kwan"
"5626 Pal Mal Avenue, Temple City, California 91780",8586-009-020,M25-50598,Mechanical,"CHANGE FROM OWNER BUILDER TO CONTRACTOR - TO INSTALL VENTILATION FAN",$0,Issued,11-24-2025,11-24-2025,"Edward Ze Guan"
"4946 Mcclintock Avenue, Temple City, California 91780",8574-023-017,MISC25-50573,Miscellaneous,"TO VERIFY COMPLIANCE INSPECTION: (1) REMOVE UNPERMITTED REAR STRUCTURE (2) TO REMOVE UNPERMITTED LAUNDRY STRUCTURE (3) TO REMOVE UNPERMITTED SHOP ON EAST SIDE OF GARAGE (4) REMOVE UNPERMITTED ADDITION AT SOUTH GARAGE (5) PATCH HALLS TO MATCH EXISTING",$0,Issued,11-24-2025,11-24-2025,Owner-Builder
"5623 Encinita Avenue, Temple City, California 91780",5387-019-006,MISC25-50580,Miscellaneous,"TO VERIFY COMPLIANCE: TO REMOVE EXISTING STORAGE AND TRELIS/PATIO",$0,Issued,11-24-2025,11-24-2025,"Ahongda Construction"
"5626 Pal Mal Avenue, Temple City, California 91780",8586-009-020,MISC25-50596,Miscellaneous,"CHANGE FROM OWNER-BUILDER TO CONTRACTTOR TO VERIFY COMPLIANCE: TO RESTORE HOUSE BACK TO ORIGINAL CONDITION. REMOVE UNPERMITTED SUBDIVISION WALL, KITCHEN AND DINING ROOM DOORSOR",$0,Issued,11-24-2025,11-24-2025,"Edward Ze Guan"
"5623 Encinita Avenue Unit C , Temple City, California 91780",5387-019-006,P25-50576,Plumbing,"SHOWERS, CLOTHES WASHER, DISHWASHER, HOSE BIBBS, LAVATORIES, KITCHEN SINK, LAVATORIES, WATER HEATER, GAS OUTLETS, WATER MAIN AND CONNECT DETACHED ACCESSORY DWELLING UNIT TO PUBLIC SEWER",$0,Issued,11-24-2025,11-24-2025,"Ahongda Construction"
"5623 Encinita Avenue Unit D , Temple City, California 91780",5387-019-006,P25-50579,Plumbing,"PLUMBING FOR A NEW DETACHED ACCESSORY DWELLING UNIT AND CONNECT TO PUBLIC SEWER",$0,Issued,11-24-2025,11-24-2025,"Ahongda Construction"
"4910 Kauffman Avenue, Temple City, California 91780",8589-019-017,P25-50584,Plumbing,"BATHTUB/SHOWERS, DISH WASHER, LAVATORIES, KITCHEN SINK AND WATER CLOSETS",$0,Issued,11-24-2025,11-24-2025,Owner-Builder
"4910 Kauffman Avenue, Temple City, California 91780",8589-019-017,P25-50587,Plumbing,"TO COMPLETE WORK STARTED UNDER PERMIT # PL 0508 0703160011 FOR A PLUMBING FOR NEW BATH",$0,Issued,11-24-2025,11-24-2025,Owner-Builder
"5729 Cloverly Avenue Unit A , Temple City, California 91780",8587-010-006,P25-50591,Plumbing,"SHOWER, LAVATATORY AND WATER CLOSET FOR A NEW BATHROOM",$0,Issued,11-24-2025,11-24-2025,"David Kwan"
"5729 Cloverly Avenue Unit B , Temple City, California 91780",8587-010-006,P25-50594,Plumbing,"PLUMBING FOR A NEW DETACHED ACCESSORY DWELLING UNIT AND CONNECT TO PUBLIC SEWER",$0,Issued,11-24-2025,11-24-2025,"David Kwan"
"5626 Pal Mal Avenue, Temple City, California 91780",8586-009-020,P25-50599,Plumbing,"CHANGE FROM OWNER-BUILDER TO CONTRACTOR - TO RELOCATE WASHER & DRYER. RELOCATE & REPLACE EXISTING TANK WATER HEATER WITH TANKLESS WATER HEATER. RELOCATE BATHROOM LAVATORIE AND & DOOR",$0,Issued,11-24-2025,11-24-2025,"Edward Ze Guan"
"5729 Cloverly Avenue, Temple City, California 91780",8587-010-006,D25-50606,Demolition,"DEMOLISH EXISTING DETACHED GARAGE",$0,Issued,11-25-2025,11-25-2025,"G A Demolition, Inc."
"4836 Temple City Boulevard, Temple City, California 91780",8589-015-006,E25-50601,Electrical,"PANEL UPGRADE 200A/SUB-PANEL 100A",$0,Issued,11-24-2025,11-25-2025,"Prime Voltage Electric"
"5928 North Muscatel Avenue, San Gabriel, California 91775",5386-011-046,E25-50609,Electrical,"TEMPORARY POWER POLE",$0,Issued,11-25-2025,11-25-2025,Owner-Builder
"6418 Loma Avenue, Temple City, California 91780",5382-016-019,B25-50361,Building,"INSTALLATION OF (14) ROOF MOUNTED SOLAR PANELS (1) POWERWALL 3 (5) MCI-2 RSD DEVICES = 5.81 KW (NO UPGRADE)",$0,Issued,10-27-2025,11-26-2025,"SolarMax Renewable Energy Provider Inc."
"5940 Oak Avenue, Temple City, California 91780",8587-008-012,B25-50611,Building,"TEAR OFF RE-ROOF 154 SQUARE'S FLAT ROOF WITH TORCH DOWN 2-STORY COMMERCIAL POST OFFICE","$50,000",Issued,11-26-2025,11-26-2025,"Foothill Roofing Inc."
"9665 Longden Avenue, Temple City, California 91780",5383-019-015,B25-50612,Building,"KITCHEN REMODEL","$10,000",Issued,11-26-2025,11-26-2025,Owner-Builder
"5618 Mcculloch Avenue Unit A-B , Temple City, California 91780",8573-013-024,B25-50614,Building,"NEW PV SYSTEM: 3.240 KWP EXISTING PV SYSTEM: 8.160 KWP TOTAL PV SYSTEM: 11.400 KWP (8) 405W PANELS . NEW ESS: 10 KWH","$12,850",Issued,11-26-2025,11-26-2025,Owner-Builder
"6023 Golden West Avenue, Temple City, California 91780",5385-019-008,B25-50616,Building,"REROOF HOUSE WITH ASPHALT SHINGLES. REMOVE EXISTING LAYERS AND REROOF WITH DIMENSIONAL SHINGLES OWENS CORNING AMBER 0890-0009 CRRS 28 SQ.FT.","$18,000",Issued,11-26-2025,11-26-2025,"Aquality Roofing"
"6418 Loma Avenue, Temple City, California 91780",5382-016-019,E25-50362,Electrical,"(1) POWERWALL 3 (5) MCI-2 RSD DEVICES = 5.81 KW (NO UPGRADE)",$0,Issued,10-27-2025,11-26-2025,"SolarMax Renewable Energy Provider Inc."
"5618 Mcculloch Avenue Unit A-B , Temple City, California 91780",8573-013-024,E25-50615,Electrical,"NEW ESS: 10 KWH",$0,Issued,11-26-2025,11-26-2025,
"9665 Longden Avenue, Temple City, California 91780",5383-019-015,P25-50613,Plumbing,"REPLACE DISHWASHER AND KITCHEN SINK",$0,Issued,11-26-2025,11-26-2025,Owner-Builder
