"5112 Agnes Avenue, Temple City, California 91780",8589-007-026,B24-47096,Building,"ADD 211 SQ.FT. OF NEW BEDROOM ON THE 2ND: FLOOR AND REMODEL EXISTING BATHROOM ON THE 2ND: FLOOR CHANGING BATHROOM LAYOUT AND REMOVE EXISTING FIREPLACE","$60,000",Issued,07-18-2024,09-02-2025,Owner-Builder
"5832 North Muscatel Avenue Unit B , San Gabriel, California 91775",5387-010-026,B24-47821,Building,"NEW DETACHED ACCESSORY DWELLING UNIT: TWO BEDROOMS, TWO BATHROOMS, LIVING ROOM, KITCHEN/DINING AND FRONT PORCH","$135,103.6",Issued,10-30-2024,09-02-2025,"Y W Rising Builder Inc."
"5930 Loma Avenue Unit A , Temple City, California 91780",5384-013-003,B25-48522,Building,"MAIN HOUSE ADDITION OF 102 SQ.FT. FOR A NEW BATHROOM #2","$21,380.4",Issued,02-10-2025,09-02-2025,"Potato Construction Inc."
"5930 Loma Avenue Unit B , Temple City, California 91780",5384-013-003,B25-48523,Building,"NEW DETACHED ACCESSORY DWELLING UNIT: TWO BEDROOMS, TWO BATHROOMS, LIVING ROOM, KITCHEN AND COVERED PORCH","$133,306.28",Issued,02-10-2025,09-02-2025,"Potato Construction Inc."
"5930 Loma Avenue, Temple City, California 91780",5384-013-003,B25-48524,Building,"BUILD A NEW DETACHED 3-CAR GARAGE","$42,429.59",Issued,02-10-2025,09-02-2025,"Potato Construction Inc."
"4848 Alessandro Avenue, Temple City, California 91780",8590-024-009,B25-49912,Building,"REROOF OVER EXISTING WITH COMPO SHINGLES 30 SQ'S.","$15,000",Finaled,09-02-2025,09-02-2025,"Preferred One Roofing"
"9103 Rancho Real Road, Temple City, California 91780",5388-002-017,B25-49913,Building,"LIKE FOR LIKE, TILE RESET ON 3900 SQ.FT. OVER EXISTING SHEATHING AND NEW UNDERLAYMENT","$13,650",Issued,09-02-2025,09-02-2025,"DLS Development Inc."
"5112 Agnes Avenue, Temple City, California 91780",8589-007-026,E25-49704,Electrical,"(3) OUTLETS AND (2) LIGHT FIXTURE",$0,Issued,07-29-2025,09-02-2025,Owner-Builder
"5832 North Muscatel Avenue Unit B , San Gabriel, California 91775",5387-010-026,E25-49903,Electrical,"ELECTRICAL FOR A NEW DETACHED ACCESSORY DWELLING WITH 200 AMP SERVICE PANEL",$0,Issued,08-27-2025,09-02-2025,"Y W Rising Builder Inc."
"6244 Hart Avenue, Temple City, California 91780",5384-009-026,E25-49911,Electrical,"200 AMP MAIN PANEL UPGRADE AND EV WALL CHARGER HARDWIRE 11.5 KW",$0,Issued,09-02-2025,09-02-2025,"MJ Electrical Services"
"4902 Baldwin Avenue Unit A-B , Temple City, California 91780",8585-009-024,E25-49914,Electrical,"(19) OUTLETS, (12) LIGHT FIXTURES, GARBAGE DISPOSAL, DISHWASHER, RANGE HOOD, WASHING MACHINE, EXHAUST FAN , ELECTRICAL WATER HEATER, AC UNIT WITH A 100 AMP SUB-PANEL FOR THE ATTACHED ACCESSORY DWELLING UNIT",$0,Issued,09-02-2025,09-02-2025,Owner-Builder
"5930 Loma Avenue Unit A , Temple City, California 91780",5384-013-003,E25-49919,Electrical,"(1) BRANCH CIRCUIT, (2) OUTLETS AND (2) LIGHT FIXTURES",$0,Issued,09-02-2025,09-02-2025,"Potato Construction Inc."
"5930 Loma Avenue Unit B , Temple City, California 91780",5384-013-003,E25-49922,Electrical,"ELECTRICAL FOR A NEW DETACHED ACCESSORY DWELLING UNIT WITH 200 AMP SERVICE PANEL",$0,Issued,09-02-2025,09-02-2025,"Potato Construction Inc."
"5930 Loma Avenue, Temple City, California 91780",5384-013-003,E25-49925,Electrical,"(4) OUTLETS AND (4) LIGHT FIXTURES FOR A NEW DETACHED GARAGE",$0,Issued,09-02-2025,09-02-2025,"Potato Construction Inc."
"5930 Loma Avenue Unit B , Temple City, California 91780",5384-013-003,G25-49272,Grading,"GRADING / DRAINAGE FOR A NEW DETACHED ACCESSORY DWELLING UNIT",$0,Issued,05-21-2025,09-02-2025,"Potato Construction Inc."
"5112 Agnes Avenue, Temple City, California 91780",8589-007-026,M25-49705,Mechanical,"INSTALL (1) VENTILATION FAN, AIR INLET AND ALTERATION OF EXIST DUCT SYSTEM",$0,Issued,07-29-2025,09-02-2025,Owner-Builder
"5832 North Muscatel Avenue Unit B , San Gabriel, California 91775",5387-010-026,M25-49909,Mechanical,"INSTALL (1) MINI SPLIT SYSTEM AND VENTILATION FANS FOR A NEW DETACHED ACCESSORY DWELLING UNIT",$0,Issued,09-02-2025,09-02-2025,"Y W Rising Builder Inc."
"4902 Baldwin Avenue Unit A-B , Temple City, California 91780",8585-009-024,M25-49915,Mechanical,"INSTALL (1) MINI SPLIT SYSTEM AND VENTILATION FAN FOR THE ATTACHED ACCESSORY DWELLING UNIT",$0,Issued,09-02-2025,09-02-2025,Owner-Builder
"5930 Loma Avenue Unit A , Temple City, California 91780",5384-013-003,M25-49920,Mechanical,"INSTALL (1) VENTILATION FAN, AIR INLET AND ALTERATION OF EXIST DUCT SYSTEM",$0,Issued,09-02-2025,09-02-2025,"Potato Construction Inc."
"5930 Loma Avenue Unit B , Temple City, California 91780",5384-013-003,M25-49923,Mechanical,"INSTALL (3) MINI SPLIT SYSTEM AND VENTILATION FANS FOR A NEW DETACHED ACCESSORY DWELLING UNIT",$0,Issued,09-02-2025,09-02-2025,"Potato Construction Inc."
"5822 Temple City Boulevard, Temple City, California 91780",40611139,MISC25-49908,Miscellaneous,"TO VERIFY COMPLIANCE: TO REMOVE UNPERMITTED RESTROOM ON THE BACK BUILDING",$0,Finaled,09-02-2025,09-02-2025,Owner-Builder
"5112 Agnes Avenue, Temple City, California 91780",8589-007-026,P25-49706,Plumbing,"SHOWER, LAVATORY AND WATER CLOSET",$0,Issued,07-29-2025,09-02-2025,Owner-Builder
"5832 North Muscatel Avenue Unit B , San Gabriel, California 91775",5387-010-026,P25-49910,Plumbing,"PLUMBING FOR A NEW DETACHED ACCESSORY DWELLING UNIT AND CONNECT TO PUBLIC SEWER",$0,Issued,09-02-2025,09-02-2025,"Y W Rising Builder Inc."
"4902 Baldwin Avenue Unit A-B , Temple City, California 91780",8585-009-024,P25-49916,Plumbing,"CLOTHES WASHER, DISHWASHER, HOSE BIBB, SINK, WATER HEATER, GAS OUTLETS, WATER MAIN AND CONNECT ATTACHED ACCESSORY DWELLING UNIT TO PUBLIC SEWER",$0,Issued,09-02-2025,09-02-2025,Owner-Builder
"5930 Loma Avenue Unit A , Temple City, California 91780",5384-013-003,P25-49921,Plumbing,"SHOWER, LAVATORY AND WATER CLOSET",$0,Issued,09-02-2025,09-02-2025,"Potato Construction Inc."
"5930 Loma Avenue Unit B , Temple City, California 91780",5384-013-003,P25-49924,Plumbing,"PLUMBING FOR A NEW DETACHED ACCESSORY DWELLING UNIT AND CONNECT TO PUBLIC SEWER",$0,Issued,09-02-2025,09-02-2025,"Potato Construction Inc."
"9474 Olive Street, Temple City, California 91780",8590-004-008,B25-49638,Building,"HOUSE ADDITION AND REMODEL 1954 SQ.FT. OF TWO BEDROOMS, ONE AND HALF BATHROOMS. ATTACHED 447 SQ.FT. 2-CAR GARAGE AND DECK AREA 260 SQ.FT.","$377,205.26",Issued,07-21-2025,09-03-2025,"626 Plumbing Inc."
"10721 Miloann Street, Temple City, California 91780",8574-001-022,B25-49926,Building,"REMOVE AND REPLACE (2) WINDOWS, LIKE FOR LIKE WITH NO STRUCTURAL CHANGES. ALL WINDOWS WILL HAVE A MAXIMUM U-FACTOR OF 0.30 AND SHGC OF 0.23. REPLACEMENT GLASS WILL BE LOW-E",$2482,Issued,09-03-2025,09-03-2025,"The Home Depot USA Inc. dba The Home Depot"
"10526 Olive Street, Temple City, California 91780",8585-021-011,B25-49927,Building,"VOLUNTARY FOUNDATION RETROFIT PER LADBS STANDARD PLAN DETAIL #7",$3000,Issued,09-03-2025,09-03-2025,"White Oak Construction"
"5910 Rosemead Boulevard, Temple City, California 91780",5384-016-017,B25-49930,Building,"REPLACE (8) LIKE FOR LIKE WINDOWS ON EXISTING HOUSE. RELOCATE (2) LIKE FOR LIKE DOORS IN FRONT AND OTHER IN REAR. CLOSE OFF (3) WINDOWS (1) IN LIVING ROOM AND (2) IN KITCHEN",$4500,Issued,09-03-2025,09-03-2025,Owner-Builder
"5934 Cloverly Avenue, Temple City, California 91780",8587-013-022,B25-49935,Building,"TEAR OFF AND RE ROOF COMPOSITION SHINGLES HOUSE & ATTACHED GARAGE",$6000,Issued,09-03-2025,09-03-2025,"Robert L Fung Construction Inc."
"5936 Cloverly Avenue, Temple City, California 91780",8587-013-022,B25-49936,Building,"TEAR OFF RE ROOF COMPOSITION SHINGLES HOUSE & ATTACHED GARAGE",$8000,Issued,09-03-2025,09-03-2025,"Robert L Fung Construction Inc."
"5648 Cambury Avenue, Temple City, California 91780",8588-013-003,D25-49929,Demolition,"DEMO EXISTING WORKSHOP 343 SQ.FT.",$0,Issued,09-03-2025,09-03-2025,"Y W Rising Builder Inc."
"6003 Loma Avenue, Temple City, California 91780",5384-014-024,E25-49928,Electrical,"REWIRE (2) BEDROOMS AND (1) BATHROOM",$0,Issued,09-03-2025,09-03-2025,"Volt Electric"
"9474 Olive Street, Temple City, California 91780",8590-004-008,E25-49931,Electrical,"(9) BRANCH CIRCUITS, (40) OUTLETS, (39) LIGHT FIXTURES, WASHING MACHINE, EXHAUST FANS, ELECTRIC WATER HEATER AND 200 AMP SERVICE PANEL",$0,Issued,09-03-2025,09-03-2025,"626 Plumbing Inc."
"10672 Hallwood Drive, Temple City, California 91780",8585-028-010,E25-49937,Electrical,"INSTALL 100 AMP SUB-PANEL",$0,Issued,09-03-2025,09-03-2025,"JBL Electrical & Energy Inc."
"9433 Lemon Avenue, Temple City, California 91780",5382-010-048,G25-49918,Grading,"DEMOLISH EXISTING POOL WITH BACKFILLING WITH STRUCTURAL COMPACTED FILL",$0,Issued,09-02-2025,09-03-2025,"Well Home Construction"
"9474 Olive Street, Temple City, California 91780",8590-004-008,M25-49932,Mechanical,"INSTALL HVAC SYSTEM, AIR INLETS AND VENTILATION FANS",$0,Issued,09-03-2025,09-03-2025,"626 Plumbing Inc."
"9433 Lemon Avenue, Temple City, California 91780",5382-010-048,MISC25-49917,Miscellaneous,"DEMOLISH EXISTING POOL WITH BACKFILLING WITH STRUCTURAL COMPACTED FILL",$0,Issued,09-02-2025,09-03-2025,"Well Home Construction"
"9474 Olive Street, Temple City, California 91780",8590-004-008,P25-49933,Plumbing,"BATHTUBS/SHOWERS, CLOTHES WASHER, DISHWASHER, HOSE BIBBS, LAVATORIES, SINK, WATER CLOSETS, WATER CLOSET, GAS OUTLETS, REPIPE (15) PLUMBING FIXTURES AND WATER MAIN",$0,Issued,09-03-2025,09-03-2025,"626 Plumbing Inc."
"8708 Hermosa Drive, San Gabriel, California 91775",5387-006-038,B25-49945,Building,"4.1 KW PV ARRAY (10) MODULES 13.5 KWH ENERGY STORAGE SYSTEM",$0,Issued,09-04-2025,09-04-2025,Tesla
"6105 Primrose Avenue, Temple City, California 91780",5385-008-001,B25-49947,Building,"6.15 KW DC (5.7 KW AC) PV ARRAY (15) MODULES WITH ENERGY STORAGE SYSTEM",$0,Issued,09-04-2025,09-04-2025,"Freedom Forever Southern California LLC"
"9735 Broadway, Temple City, California 91780",8588-010-030,B25-49950,Building,"REPLACEMENT OF A NEW ROOF SHINGLES BURKWOOD 0850-0057 SOLAR RESISTANCE 021 (AGED) THERMAL ENTRANCE (AGED) 0.94 SOLAR REFLECTIVE INDEX 25","$14,000",Issued,09-04-2025,09-04-2025,Owner-Builder
"9719 La Rosa Drive, Temple City, California 91780",8589-010-014,B25-49952,Building,"SHINGLES ROOF REPLACEMENT OF 18 SQ'S ON MAIN HOUSE AND ATTACHED GARAGE. TEAR OFF REPLACE WOOD AS NEEDED SYNTHETIC UNDERLAYMENT CRRC # 0676-0132B","$12,000",Issued,09-04-2025,09-04-2025,"Epic Home Upgrade and Construction dba Epic Roof Replacement"
"4843 Hallowell Avenue, Temple City, California 91780",8585-016-009,B25-49953,Building,"SYSTEM SIZE 8.2KW DC 23KW AC- MODULES (20) ELEIN ENERGY ROOFTOP MODULES WITH DEVICE ENERGY STORAGE SYSTEM WITH INTEGRATED INVERTER (2) TESLA: POWERWALL 3",$0,Issued,09-04-2025,09-04-2025,"Sunrun Installation Services"
"6266 North Muscatel Avenue, San Gabriel, California 91775",5386-010-035,B25-49955,Building,"TEAR OFF 3 LAYERS; ONE WOOD, TWO COMP + PLYWOOD SHINGLES TIMBERLINE HDZRS IN CHARCOAL (TITLE 24 COMPLIANCE)","$13,000",Issued,09-04-2025,09-04-2025,"Garvey Roofing Company Inc."
"6268 North Muscatel Avenue, San Gabriel, California 91775",5386-010-035,B25-49956,Building,"TEAR OFF 3 LAYERS; ONE WOOD, TWO COMP + PLYWOOD SHINGLES TIMBERLINE HDZRS IN CHARCOAL (TITLE 24 COMPLIANCE)","$12,000",Issued,09-04-2025,09-04-2025,"Garvey Roofing Company Inc."
"9227 Olive Street, Temple City, California 91780",8588-031-011,B25-49958,Building,"7.36 KW ROOF TOP INSTALLATION OF (16) SOLAR PANELS (1) TESLA POWERWALL 3 (1) TESLA EXPANSION PACK (1) 200A TESLA BACKUP SWITCH (1) 125A LOAD CENTER",$0,Issued,09-04-2025,09-04-2025,"California Solar & Electric, Inc."
"4912 Heleo Avenue, Temple City, California 91780",8590-021-021,B25-49960,Building,"11.89 KW ROOF TOP INSTALLATION OF (29) SOLAR PANELS (10) TESLA MCI-1 RSD, (1) TESLA POWERWALL 3 (1) 200A TESLA BACKUP SWITCH",$0,Issued,09-04-2025,09-04-2025,"California Solar & Electric, Inc."
"4450 Temple City Boulevard Unit A-B , Temple City, California 91780",8592-001-023,E25-49411,Electrical,"ELECTRICAL FOR NEW 2 UNITS 3-STORY APARTMENTS WITH (2) 200 AMP SERVICE PANELS",$0,Issued,06-11-2025,09-04-2025,"JW Capital, Inc."
"4450 Temple City Boulevard Unit C-D , Temple City, California 91780",8592-001-023,E25-49414,Electrical,"ELECTRICAL FOR NEW 2 UNITS 3-STORY APARTMENTS WITH (2) 200 AMP SERVICE PANELS",$0,Issued,06-11-2025,09-04-2025,"JW Capital, Inc."
"8708 Hermosa Drive, San Gabriel, California 91775",5387-006-038,E25-49946,Electrical,"13.5 KWH ENERGY STORAGE SYSTEM",$0,Issued,09-04-2025,09-04-2025,Tesla
"6105 Primrose Avenue, Temple City, California 91780",5385-008-001,E25-49948,Electrical,"ENERGY STORAGE SYSTEM",$0,Issued,09-04-2025,09-04-2025,"Freedom Forever Southern California LLC"
"10781 Blackley Street, Temple City, California 91780",8573-007-014,E25-49949,Electrical,"PANEL UPGRADE FROM 100 AMP TO 299 AMP AND INSTALL EV CHARGER 240V OUTLET",$0,Issued,09-04-2025,09-04-2025,"JBL Electrical & Energy Inc."
"6244 Hart Avenue, Temple City, California 91780",5384-009-026,E25-49951,Electrical,"125 AMP LABED SUB-PANEL INDOOR",$0,Issued,09-04-2025,09-04-2025,"MJ Electrical Services"
"4843 Hallowell Avenue, Temple City, California 91780",8585-016-009,E25-49954,Electrical,"ENERGY STORAGE SYSTEM WITH INTEGRATED INVERTER (2) TESLA: POWERWALL 3",$0,Issued,09-04-2025,09-04-2025,"Sunrun Installation Services"
"9227 Olive Street, Temple City, California 91780",8588-031-011,E25-49959,Electrical,"(1) TESLA POWERWALL 3 (1) TESLA EXPANSION PACK (1) 200A TESLA BACKUP SWITCH (1) 125A LOAD CENTER",$0,Issued,09-04-2025,09-04-2025,"California Solar & Electric, Inc."
"4912 Heleo Avenue, Temple City, California 91780",8590-021-021,E25-49961,Electrical,"(10) TESLA MCI-1 RSD, (1) TESLA POWERWALL 3 (1) 200A TESLA BACKUP SWITCH",$0,Issued,09-04-2025,09-04-2025,"California Solar & Electric, Inc."
"4450 Temple City Boulevard Unit A-B , Temple City, California 91780",8592-001-023,M25-49412,Mechanical,"INSTALL (2) HVAC SYSTEMS FOR A NEW 2 UNITS 3-STORY APARTMENTS",$0,Issued,06-11-2025,09-04-2025,"JW Capital, Inc."
"4450 Temple City Boulevard Unit C-D , Temple City, California 91780",8592-001-023,M25-49415,Mechanical,"INSTALL (2) HVAC SYSTEMS FOR A NEW 2 UNITS 3-STORY APARTMENTS",$0,Issued,06-11-2025,09-04-2025,"JW Capital, Inc."
"9647 Las Tunas Drive, Temple City, California 91780",8587-020-037,M25-49752,Mechanical,"LIKE FOR LIKE REPLACEMENT OF ONE (1) 30 TON GAS/ELECTRIC PACKAGE UNIT WITH ECONOMIZER AND THREE (3) 1 TON CONDENSER SPLIT SYSTEM WITH THREE (3) 1 TON HIGH WALL FAN COILS",$0,Issued,08-04-2025,09-04-2025,"M3 Hvac Inc. dba M3 Mechanical"
"5521 Loma Avenue, Temple City, California 91780",5387-020-022,MISC25-49957,Miscellaneous,"TO VERIFY COMPLIANCE: REMOVE TWO UNPERMITTED STRUCTURES AND KITCHEN ON THE WORKSHOP",$0,Issued,09-04-2025,09-04-2025,Owner-Builder
"5335 Noel Drive, Temple City, California 91780",5388-006-001,P25-49938,Plumbing,"DRAIN & VENT PIPE REPLACEMENT (PARTIAL)",$0,Issued,09-04-2025,09-04-2025,"Sunrise Property Services Inc."
"10220 Randwick Drive Unit B , Temple City, California 91780",8585-005-008,B25-49212,Building,"CONVERT EXISTING 400 SQ.FT. DETACHED GARAGE AND ADD 265 SQ.FT. INTO 665 SQ.FT. DETACHED ACCESSORY DWELLING UNIT: TWO BEDROOMS, TWO BATHROOMS AND KITCHEN","$100,000",Issued,05-13-2025,09-08-2025,"Apex Building Development Corp."
"9945 Nadine Street Unit A-B , Temple City, California 91780",8588-018-011,B25-49606,Building,"EXISTING 2288 SQ.FT. MAIN HOUSE CONVERT 436 SQ.FT. INTO JUNIOR ACCESSORY DWELLING UNIT: ONE BEDROOM, ONE BATHROOM AND KITCHEN. AFTER THE JADU 1852 SQ.FT.","$10,000",Issued,07-15-2025,09-08-2025,Owner-Builder
"5649 Loma Avenue Unit B , Temple City, California 91780",5387-022-014,B25-49854,Building,"INSTALLING ROOF MOUNTED PV SYSTEM 3.68 KW (8) MODULES (8) MICRO-INVERTERS",$8000,Issued,08-19-2025,09-08-2025,"Brightstone Electric dba Brightstone Renewable Energy"
"10152 Lynrose Street, Temple City, California 91780",8586-019-020,B25-49968,Building,"REMOVE EXISTING ROOF SHINGLE AND INSTALL NEW OWENS CORNEY SHINGLE COLOR STATE GRAY","$12,000",Finaled,09-08-2025,09-08-2025,"EZ Roofing"
"6263 Reno Avenue, Temple City, California 91780",5384-001-025,D25-49971,Demolition,"DEMO EXISTING HOUSE & GARAGE",$0,Issued,09-08-2025,09-08-2025,"David General Building Construction Inc."
"10220 Randwick Drive Unit B , Temple City, California 91780",8585-005-008,E25-49965,Electrical,"(20) OUTLETS, (10) LIGHT FIXTURES, GARBAGE DISPOSAL, RANGE HOOD, WASHING MACHINE, EXHAUST FANS, AC UNIT WITH 200 AMP SUB-PANEL FOR THE DETACHED ACCESSORY DWELLING UNIT",$0,Issued,09-08-2025,09-08-2025,"Apex Building Development Corp."
"9465 Las Tunas Drive, Temple City, California 91780",8587-008-017,E25-49969,Electrical,"INSTALLING (1) SINGLE PHASE 200A 120/240V OVERHEAD RESIDENTIAL METER FOR A TEMPORARY POWER POLE",$0,Issued,09-08-2025,09-08-2025,"SR Bray Inc. dba Powerplus"
"4924 Rosemead Boulevard, San Gabriel, California 91776",5388-021-004,E25-49972,Electrical,"PANEL UPGRADE TO 200 AMP, 240V NEMA OUTLET FOR EV CHARGER INSTALLATION",$0,Issued,09-08-2025,09-08-2025,"Ultimax Electric Corp."
"10669 Arrowood Street, Temple City, California 91780",8585-030-020,E25-49973,Electrical,"PANEL UPGRADE TO 200 AMP, 240V NEMA OUTLET FOR EV CHARGER INSTALLATION",$0,Issued,09-08-2025,09-08-2025,"Ultimax Electric Corp."
"9641 Gidley Street, Temple City, California 91780",8592-002-047,E25-49974,Electrical,"PANEL UPGRADE TO 200 AMP, 240V NEMA OUTLET (12 KW) FOR EV CHARGER INSTALLATION",$0,Issued,09-08-2025,09-08-2025,"Ultimax Electric Corp."
"6371 Sultana Avenue, San Gabriel, California 91775",5382-021-012,E25-49975,Electrical,"PANEL UPGRADE TO 200 AMP, 240V NEMA OUTLET FOR EV CHARGER INSTALLATION",$0,Issued,09-08-2025,09-08-2025,"Ultimax Electric Corp."
"6135 Temple City Boulevard, Temple City, California 91780",5385-012-034,E25-49976,Electrical,"PANEL UPGRADE TO 200 AMP, 240V NEMA OUTLET FOR EV CHARGER INSTALLATION",$0,Issued,09-08-2025,09-08-2025,"Ultimax Electric Corp."
"5817 Myda Avenue, Temple City, California 91780",5387-014-019,E25-49977,Electrical,"INSTALL 100 AMP SUB-PANEL",$0,Finaled,09-08-2025,09-08-2025,"Elumint Inc. dba Elumint Lighting Electrical & Construction"
"9842 Wendon Street, Temple City, California 91780",5385-025-007,M25-49940,Mechanical,"REPLACE 4 TON UNIT TO NEW 5 TON FURNACE, COIL AND CONDENSER",$0,Issued,09-04-2025,09-08-2025,"Sum Air Hvac Inc."
"10220 Randwick Drive Unit B , Temple City, California 91780",8585-005-008,M25-49966,Mechanical,"INSTALL (3) MINI SPLIT SYSTEMS AND VENTILATION FANS FOR THE DETACHED ACCESSORY DWELLING UNIT",$0,Issued,09-08-2025,09-08-2025,"Apex Building Development Corp."
"5703 Sultana Avenue Unit B , Temple City, California 91780",5387-029-010,M25-49970,Mechanical,"SUPPLEMENTAL MECHANICAL PERMIT TO INSTAL (1) MINI SPLIT SYSTEM FOR THE DETACHED ACCESSORY DWELLING UNIT",$0,Issued,09-08-2025,09-08-2025,Owner-Builder
"5627 Encinita Avenue, Temple City, California 91780",5387-019-030,P25-49939,Plumbing,"CHANGING OUT STORAGE WATER HEATER WITH TANKLESS IN GARAGE",$0,Issued,09-04-2025,09-08-2025,"Eagle Systems International Inc. dba Synergy Companies"
"10220 Randwick Drive Unit B , Temple City, California 91780",8585-005-008,P25-49967,Plumbing,"SHOWERS, CLOTHES WASHER, DISHWASHER, HOSE BIBBS, LAVATORIES, SINK, WATER CLOSETS, WATER HEATER, GAS OUTLETS, WATER MAIN AND CONNECT DETACHED ACCESSORY DWELLING UNIT TO PUBLIC SEWER",$0,Issued,09-08-2025,09-08-2025,"Apex Building Development Corp."
"6214 Encinita Avenue Unit A-B , Temple City, California 91780",5385-001-015,B23-45633,Building,"NEW 1-STORY SINGLE FAMILY DWELLING: 4 BEDROOMS, 3.5 BATHROOMS WITH ATTACHED 2-CAR GARAGE, ATTACHED NEW ACCESSORY DWELLING UNIT: 2 BEDROOMS, 2 BATHROOMS, KITCHEN, FRONT PORCH 57 SQ.FT. AND COVERED PATIO 480 SQ.FT.","$495,495.62",Issued,10-26-2023,09-09-2025,"RH Construction & Design, Inc."
"6212 Encinita Avenue Unit A-B , Temple City, California 91780",5385-001-015,B23-45634,Building,"NEW 1-STORY SINGLE FAMILY DWELLING: 4 BEDROOMS, 3.5 BATHROOMS WITH ATTACHED 2-CAR GARAGE, ATTACHED NEW ACCESSORY DWELLING UNIT: 2 BEDROOMS, 2 BATHROOMS, KITCHEN, FRONT PORCH 60 SQ.FT. AND COVER PATIO 186 SQ.FT.","$493,718.94",Issued,10-26-2023,09-09-2025,"RH Construction and Design Inc."
"5204 Sereno Drive Unit B , Temple City, California 91780",5388-010-067,B25-49787,Building,"NEW 800 SQ.FT. DETACHED ACCESSORY DWELLING UNIT: TWO BEDROOMS, TWO BATHROOM, KITCHEN AND 15 SQ.FT. FRONT PORCH","$200,000",Issued,08-07-2025,09-09-2025,"Arcus Construction, Inc."
"6242 Avon Avenue, San Gabriel, California 91775",5386-009-010,B25-49981,Building,"STUCCO REPAIR, ROOF FLASHINGS INSTALL ON ROOF",$1000,Issued,09-09-2025,09-09-2025,"Robert L Fung Construction Inc."
"4958 Loma Avenue, Temple City, California 91780",5388-013-009,B25-49986,Building,"25 SQ'S REMOVE AND INSTALL NEW EAGLE ROOFING TILES WITH UNDERLAYMENT","$15,000",Issued,09-09-2025,09-09-2025,"Clear View Roofing & Construction"
"9630 Longden Avenue, Temple City, California 91780",5385-016-008,B25-49988,Building,"REROOF, TEAR OFF & INSTALL COMP SHINGLES","$11,000",Issued,09-09-2025,09-09-2025,"Ramey Roofing Inc. dba Ramey Roofing"
"9632 Longden Avenue, Temple City, California 91780",5385-016-008,B25-49989,Building,"REROOF, TEAR OFF & INSTALL COMP SHINGLES","$11,000",Issued,09-09-2025,09-09-2025,"Ramey Roofing Inc. dba Ramey Roofing"
"9628 Longden Avenue, Temple City, California 91780",5385-016-008,B25-49990,Building,"REROOF, TEAR OFF & INSTALL COMP SHINGLES","$11,000",Issued,09-09-2025,09-09-2025,"Ramey Roofing Inc. dba Ramey Roofing"
"9634 Longden Avenue, Temple City, California 91780",5385-016-008,B25-49991,Building,"REROOF, TEAR OFF & INSTALL COMP SHINGLES","$11,000",Issued,09-09-2025,09-09-2025,"Ramey Roofing Inc. dba Ramey Roofing"
"6242 Avon Avenue, San Gabriel, California 91775",5386-009-010,E25-49982,Electrical,"200 AMP PANEL UPGRADE",$0,Issued,09-09-2025,09-09-2025,"Robert L Fung Construction Inc."
"5204 Sereno Drive Unit B , Temple City, California 91780",5388-010-067,E25-49983,Electrical,"ELECTRICAL FOR A NEW DETACHED ACCESSORY DWELLING UNIT WITH 100 AMP SUB-PANEL",$0,Issued,09-09-2025,09-09-2025,"Arcus Construction, Inc."
"6212 Encinita Avenue Unit A-B , Temple City, California 91780",5385-001-015,E25-49993,Electrical,"ELECTRICAL FOR A NEW SINGLE FAMILY DWELLING, ATTACHED ACCESSORY DWELLING UNIT WITH (2) 200 AMP SERVICE PANELS",$0,Issued,09-09-2025,09-09-2025,"RH Construction and Design Inc."
"6214 Encinita Avenue Unit A-B , Temple City, California 91780",5385-001-015,E25-49996,Electrical,"ELECTRICAL FOR A NEW SINGLE FAMILY DWELLING, ATTACHED ACCESSORY DWELLING UNIT WITH (2) 200 AMP SERVICE PANELS",$0,Issued,09-09-2025,09-09-2025,"RH Construction and Design Inc."
"5204 Sereno Drive Unit B , Temple City, California 91780",5388-010-067,M25-49984,Mechanical,"INSTALL (3) MINI SPLIT SYSTEM AND VENTILATION FANS FOR A NEW DETACHED ACCESSORY DWELLING UNIT",$0,Issued,09-09-2025,09-09-2025,"Arcus Construction, Inc."
"6212 Encinita Avenue Unit A-B , Temple City, California 91780",5385-001-015,M25-49994,Mechanical,"INSTALL HVAC SYSTEM FOR A NEW SINGLE FAMILY DWELLING AND ATTACHED ACCESSORY DWELLING UNIT",$0,Issued,09-09-2025,09-09-2025,"RH Construction and Design Inc."
"6214 Encinita Avenue Unit A-B , Temple City, California 91780",5385-001-015,M25-49997,Mechanical,"INSTALL HVAC SYSTEMS FOR A NEW SINGLE FAMILY DWELLING AND ATTACHED ACCESSORY DWELLING UNIT",$0,Issued,09-09-2025,09-09-2025,"RH Construction and Design Inc."
"5204 Sereno Drive Unit B , Temple City, California 91780",5388-010-067,P25-49985,Plumbing,"PLUMBING FOR A NEW DETACHED ACCESSORY DWELLING UNIT AND CONNECT TO PUBLIC SEWER",$0,Issued,09-09-2025,09-09-2025,"Arcus Construction, Inc."
"6212 Encinita Avenue Unit A-B , Temple City, California 91780",5385-001-015,P25-49995,Plumbing,"PLUMBING FOR A NEW SINGLE FAMILY DWELLING, ATTACHED ACCESSORY DWELLING UNIT AND CONNECT TO PUBLIC SEWER",$0,Issued,09-09-2025,09-09-2025,"RH Construction and Design Inc."
"6214 Encinita Avenue Unit A-B , Temple City, California 91780",5385-001-015,P25-49998,Plumbing,"PLUMBING FOR A NEW SINGLE FAMILY DWELLING, ATTACHED ACCESSORY DWELLING UNIT AND CONNECT TO PUBLIC SEWER",$0,Issued,09-09-2025,09-09-2025,"RH Construction and Design Inc."
"10233 Green Street Unit C, Temple City, California 91780",8585-005-022,B25-49934,Building,"CONVERT PORTION OF EXISTING HOUSE INTO 426 SQ.FT. JUNIOR ACCESSORY DWELLING UNIT: ONE BEDROOM, ONE BATHROOM AND KITCHEN",$5000,Issued,09-03-2025,09-10-2025,"Leavon Development Inc."
"9502 Live Oak Avenue Unit A , Temple City, California 91780",8588-006-001,B25-49992,Building,"TEAR OFF ROOFING SHINGLE COMPLETELY. INSTALL 40 POUND FELT. INSTALL LIGHT WEIGHT TILE 43 SQUARE'S","$17,000",Issued,09-09-2025,09-10-2025,"Bull Roofing Inc."
"4934 Golden West Avenue, Temple City, California 91780",8589-021-012,B25-49999,Building,"RE-ROOF USING 30-YEAR OWENS CORNING DURATION COOL PLUS SHINGLES OR 30 YEAR GAF TIMBERLINE COOL ROOF SHINGLES ON THE SLOPED ROOF (APPROX. 2700 SQ.FT.) AND MODIFIED TORCH ROOF SYSTEM ON THE FLAT SECTION ROOF. (APPROX. 900 SQ.FT.) REPLACING SHEATHING WITH NEW PLYWOOD","$33,400",Issued,09-10-2025,09-10-2025,"A1 Superior Roofing"
"9435 Blackley Street, Temple City, California 91780",8590-003-038,B25-50000,Building,"REMOVE AND REPLACE (7) WINDOWS. ALL WINDOWS WILL HAVE HIGH LOW-E4 SMART GLASS; BE EGRESS AND TITLE 24 COMPLIANT. 105,106 AND 107 ARE BEING CUT DOWN 10"" FOR EGRESS COMPLIANCE. REMAINING WINDOWS ARE LIKE FOR LIKE RETROFIT.",$5950,Issued,09-10-2025,09-10-2025,"Renewal by Andersen LLC"
"9827 Daines Drive, Temple City, California 91780",8588-016-038,B25-50001,Building,"TUB TO SHOWER (NON- STRUCTURAL): REMOVE EXISTING TUB. CONVERT DRAIN FROM 1.5"" to 2"". REMOVE AND REPLACE VALVE, INSTALL NEW WATERPROOF ACRYLIC SHOWER PAN AND WATERPROOF SOLID SURFACE WALLS",$6600,Issued,09-10-2025,09-10-2025,"Reborn Cabinets dba Reborn Bath Solutions"
"9502 Live Oak Avenue Unit B , Temple City, California 91780",8588-006-001,B25-50005,Building,"TEAR OFF ROOFING SHINGLE COMPLETELY. INSTALL 40 POUND FELT. INSTALL LIGHT WEIGHT TILE 6 SQUARE'S",$3000,Issued,09-10-2025,09-10-2025,"Bull Roofing Inc."
"5935 Kauffman Avenue Unit A , Temple City, California 91780",8587-020-005,B25-50010,Building,"INSTALL (8) MODULES WITH (8) MICRO-INVERTERS 3.24 KW SOLAR SYSTEM ON ROOFTOP","$15,300",Issued,09-10-2025,09-10-2025,"Sunside Solar Inc."
"5935 Kauffman Avenue Unit B , Temple City, California 91780",8587-020-005,B25-50011,Building,"INSTALL (8) MODULES WITH (8) MICRO-INVERTERS 3.24 KW SOLAR SYSTEM ON ROOFTOP","$15,300",Issued,09-10-2025,09-10-2025,"Sunside Solar Inc."
"5935 Kauffman Avenue Unit C , Temple City, California 91780",8587-020-005,B25-50012,Building,"INSTALL (8) MODULES WITH (8) MICRO-INVERTERS 3.24 KW SOLAR SYSTEM ON ROOFTOP","$15,300",Issued,09-10-2025,09-10-2025,"Sunside Solar Inc."
"9708 Daines Drive, Temple City, California 91780",8588-021-004,B25-50013,Building,"HOUSE - REMOVE ONE LAYER OF EXISTING COMP SHINGLE. INSTALL NEW COMP SHINGLE OVER EXISTING WOOD DECK 19 SQ.FT.","$10,200",Finaled,09-10-2025,09-10-2025,"Keefer's Roofing"
"9708 Daines Drive, Temple City, California 91780",8588-021-004,B25-50014,Building,"DETACHED GARAGE - REMOVE ONE LAYER OF EXISTING COMP SHINGLE. INSTALL NEW COMP SHINGLE OVER EXISTING WOOD DECK 5 SQ.FT.",$4000,Finaled,09-10-2025,09-10-2025,"Keefer's Roofing"
"6448 Oak Avenue Unit B , Temple City, California 91780",5382-014-029,E25-50003,Electrical,"ADD 100 AMP SUB-PANEL",$0,Issued,09-10-2025,09-10-2025,"Golden Giant Construction Inc."
"9718 Windsor Lane, Temple City, California 91780",8589-019-058,E25-50016,Electrical,"LEVEL 2 EV CHARGER INSTALLATION",$0,Issued,09-10-2025,09-10-2025,"New Quest Electric Inc."
"9827 Daines Drive, Temple City, California 91780",8588-016-038,P25-50002,Plumbing,"INSTALL SHOWER",$0,Issued,09-10-2025,09-10-2025,"Reborn Cabinets dba Reborn Bath Solutions"
"5752 Temple City Boulevard, Temple City, California 91780",8587-017-014,P25-50004,Plumbing,"REPLACE APPROX. 70 FT 4"" SEWER ON PRIVATE PROPERTY & INSTALL 4"" SEWER CLEAN OUT ACCESS AT EXIST OF FOUNDATION",$0,Finaled,09-10-2025,09-10-2025,"Madoian Enterprises Inc. dba Rooter Man Plumbing"
"10308 Freer Street, Temple City, California 91780",8585-019-002,P25-50006,Plumbing,"40 GALLON WATER HEATER CHANGE OUT IN THE GARAGE",$0,Issued,09-10-2025,09-10-2025,"Mike Diamond Plumbing dba Mike Diamond Plumbing Heating and Air Conditioning"
"10606 Hallwood Drive, Temple City, California 91780",8585-026-025,B25-49727,Building,"INTERIOR REMODEL OF EXISTING HOUSE 1553 SQ.FT. AND 550 SQ.FT. ADDITION OF 3 BEDROOMS, 3 BATHROOMS, KITCHEN, LIVING/DINING AREA AND STORAGE","$150,000",Issued,07-30-2025,09-11-2025,Owner-Builder
"9622 Woodruff Avenue, Temple City, California 91780",8587-019-002,B25-50023,Building,"TEAR OFF REROOF HOUSE & ATTACHED GARAGE SHINGLES","$10,000",Issued,09-11-2025,09-11-2025,"TD Construction"
"9414 Lemon Avenue, Temple City, California 91780",5382-014-026,D25-50017,Demolition,"DEMO (E) SFR",$0,Issued,09-11-2025,09-11-2025,"BBB Demolition Inc."
"10116 Olive Street Unit B, Temple City, California 91780",8585-002-011,E25-50018,Electrical,"MPU 200A",$0,Issued,09-11-2025,09-11-2025,
"10606 Hallwood Drive, Temple City, California 91780",8585-026-025,E25-50021,Electrical,"ADDITION: (103) LIGHTS SWITCHES RECEPTACLES, (4) LIGHTING FIXTURES, (1) FAU, (1) OVEN, (1) DISPOSAL, (1) DISHWASHER, (1) RANGE HOOD, (2) WASHING MACHINES, (4) EXHAUST DANS (1) 200A MPU",$0,Issued,09-11-2025,09-11-2025,
"9414 Lemon Avenue, Temple City, California 91780",5382-014-026,G24-48155,Grading,"GRADING FOR A NEW SINGLE FAMILY-DWELLING",$0,Issued,12-19-2024,09-11-2025,"BBB Demolition Inc."
"5554 Pal Mal Avenue, Temple City, California 91780",8586-010-046,M25-50019,Mechanical,"C/O HVAC SYSTEM",$0,Issued,09-11-2025,09-11-2025,"C & Y HVAC INC"
"10606 Hallwood Drive, Temple City, California 91780",8585-026-025,M25-50022,Mechanical,"ADDITION: (1) FURNACE/HEATER, (1) COMPRESSOR, (1) FIREPLACE, (4) INLETS/OUTLETS, (1) EVAP COOLER, (1) HOOD, (3) FANS",$0,Issued,09-11-2025,09-11-2025,
"10606 Hallwood Drive, Temple City, California 91780",8585-026-025,P25-50020,Plumbing,"ADDITION: (1) BACKWATER VALVE , (3) TUB/SHOWERS, (3) DISHWASHERS, (1) DRINKING FOUNTAIN, (1) FLOOR DRAIN, (3) LAVATORIES/SINKS (4) WATER CLOSET/URINAL/BIDET, (1) WATER HEATER",$0,Issued,09-11-2025,09-11-2025,
"10321 Olive Street, Temple City, California 91780",8586-028-047,P25-50024,Plumbing,"GAS LINE REPLACEMENT FROM METER TO BUILDING",$0,Issued,09-11-2025,09-11-2025,"High Speed Rooter & Plumbing"
"9185 Jaylee Drive Unit A-B , Temple City, California 91780",5382-015-013,B25-49836,Building,"NEW 800 SQ.FT. ATTACHED ACCESSORY DWELLING UNIT: TWO BEDROOMS, ONE BATHROOM, KITCHEN AND 15 SQ.FT. FRONT PORCH","$200,000",Issued,08-14-2025,09-15-2025,"Arcus Construction, Inc."
"9641 Val Street, Temple City, California 91780",5383-013-005,B25-50030,Building,"TEAR OFF EXISTING ROOF. REPLACE PLYWOOD AS NEEDED AND RE ROOF WITH TIMBERLINE HDZRS COLOR SANDALWOOD SRI 22","$18,000",Issued,09-15-2025,09-15-2025,Owner-Builder
"4847 Hallowell Avenue, Temple City, California 91780",8585-016-008,B25-50036,Building,"TEAR OFF EXISTING ROOF ON ENTIRE HOUSE (31 SQ.FT.) INSTALLATION OF PSU30 UNDERLAYMENT AND INSTALLATION OF LIGHTWEIGHT FLAT TILE. INSTALLATION ON THE FLAT PART T.P.O.L","$15,000",Finaled,09-15-2025,09-15-2025,"Jat Roofing Company Inc."
"9673 Blackley Street, Temple City, California 91780",8589-003-002,E25-50028,Electrical,"REPLACE ALL 3 PRONG RECEPTACLES, INSTALL (2) (N) EXTERIOR RECEPTACLES WITH DEDICATED CIRCUIT",$0,Issued,09-15-2025,09-15-2025,"HAS Electric Incorporated dba The Electric Connection"
"9185 Jaylee Drive Unit A-B , Temple City, California 91780",5382-015-013,E25-50031,Electrical,"ELECTRICAL FOR A NEW ATTACHED ACCESSORY DWELLING UNIT WITH 100 AMP SUB-PANEL",$0,Issued,09-15-2025,09-15-2025,"Arcus Construction, Inc."
"9528 Flaherty Street, Temple City, California 91780",5385-008-008,G25-50026,Grading,"SWIMMING POOL BACKFILLING WITH UNCERTIFIED FILL",$0,Issued,09-15-2025,09-15-2025,Owner-Builder
"9852 East Lemon Avenue, Arcadia, California 91007",5383-025-023,M25-50029,Mechanical,"3 TON CONDENSER C/O IN SIDE YARD, 3 TON INDOOR COIL C/O, 60K BTUS FURNACE C/O IN ATTIC",$0,Issued,09-15-2025,09-15-2025,"ARS American Residential Services of Californian Inc. dba Rightime Home Services"
"9185 Jaylee Drive Unit A-B , Temple City, California 91780",5382-015-013,M25-50032,Mechanical,"INSTALL (3) MINI SPLIT SYSTEM AND VENTILATION FANS FOR THE A NEW ATTACHED ACCESSORY DWELLING UNIT",$0,Issued,09-15-2025,09-15-2025,"Arcus Construction, Inc."
"9528 Flaherty Street, Temple City, California 91780",5385-008-008,MISC25-50025,Miscellaneous,"SWIMMING POOL BACKFILLING WITH UNCERTIFIED FILL (RESTRICTED AREA ON SIDE, NOT SUITABLE FOR BUILDING)",$0,Issued,09-15-2025,09-15-2025,Owner-Builder
"9185 Jaylee Drive Unit A-B , Temple City, California 91780",5382-015-013,P25-50033,Plumbing,"PLUMBING FOR A NEW ATTACHED ACCESSORY DWELLING UNIT AND CONNECT TO PUBLIC SEWER",$0,Issued,09-15-2025,09-15-2025,"Arcus Construction, Inc."
"5352 Welland Avenue, Temple City, California 91780",8573-035-033,B25-50037,Building,"TILE RESET 400 SQ.FT. REMOVE EXISTING TILE. INSTALL NEW TITANIUM PS30 UNDERLAYMENT. REINSTALL EXISTING TILES",$4000,Issued,09-16-2025,09-16-2025,"American Best Construction Inc."
"5939 Reno Avenue, Temple City, California 91780",5384-018-031,B25-50038,Building,"TEAR OFF AND RE-ROOF WITH COMPOSITION ASPHALT SHINGLES. CRRC #0850-0066 SRI #20","$11,000",Issued,09-16-2025,09-16-2025,"Allbest Roofing Inc."
"5733 Kauffman Avenue, Temple City, California 91780",8587-022-008,B25-50048,Building,"TEAR OFF AND REROOF 10 SQUARE'S FLAT ROOF WITH TORCH DOWN. BACKSIDE OF THE HOUSE.","$10,000",Issued,09-16-2025,09-16-2025,"Foothill Roofing Inc."
"4816 Willmonte Avenue, Temple City, California 91780",8589-025-039,B25-50051,Building,"INSTALL A 4.400 KW ROOFTOP PHOTOVOLTAIC SYSTEM CONSISTING OF (11) REC SOLAR REC400NP3 BLACK MODULES WITH (11) ENPHASE IQ8PLUS-72-M-US MICRO-INVERTERS A NEW 100A SUB-PANEL. INSTALL (1) ENPHASE 1Q BATTERY 5P-1P-NA ENERGY STORAGE SYSTEM",$0,Issued,09-16-2025,09-16-2025,"South West Solar Inc. dba South West Builders"
"6228 Loma Avenue Unit A , Temple City, California 91780",5384-011-004,E25-50042,Electrical,"(2) OUTLETS, (2) LIGHT FIXTURES AND EXHAUST FAN FOR NEW BATHROOM",$0,Issued,09-16-2025,09-16-2025,Owner-Builder
"6228 Loma Avenue Unit B , Temple City, California 91780",5384-011-004,E25-50045,Electrical,"(8) OUTLETS, (3) LIGHT FIXTURES, GARBAGE DISPOSAL, DISHWASHER, WASHING MACHINE, EXHAUST FAN WITH 100 AMP SERVICE PANEL FOR A DETACHED ACCESSORY DWELLING UNIT",$0,Issued,09-16-2025,09-16-2025,Owner-Builder
"4816 Willmonte Avenue, Temple City, California 91780",8589-025-039,E25-50052,Electrical,"NEW 100A SUB-PANEL. INSTALL (1) ENPHASE 1Q BATTERY 5P-1P-NA ENERGY STORAGE SYSTEM",$0,Issued,09-16-2025,09-16-2025,"South West Solar Inc. dba South West Builders"
"6228 Loma Avenue Unit A , Temple City, California 91780",5384-011-004,M25-50043,Mechanical,"(1) VENTILATION FAN FOR A NEW BATHROOM",$0,Issued,09-16-2025,09-16-2025,Owner-Builder
"6228 Loma Avenue Unit B , Temple City, California 91780",5384-011-004,M25-50046,Mechanical,"INSTALL (1) MINI SPLIT SYSTEM AND VENTILATION FANS FOR A DETACHED ACCESSORY DWELLING UNIT",$0,Issued,09-16-2025,09-16-2025,Owner-Builder
"6228 Loma Avenue Unit A , Temple City, California 91780",5384-011-004,P25-50044,Plumbing,"SHOWER, HOSE BIBB, LAVATORY AND WATER CLOSET FOR A NEW BATHROOM",$0,Issued,09-16-2025,09-16-2025,Owner-Builder
"6228 Loma Avenue Unit B , Temple City, California 91780",5384-011-004,P25-50047,Plumbing,"SHOWER, CLOTHES WASHER, DISHWASHER, HOSE BIBB, LAVATORY, SINK, WATER CLOSET, WATER HEATER, WATER MAIN AND CONNECT DETACHED ACCESSORY DWELLING TO PUBLIC SEWER",$0,Issued,09-16-2025,09-16-2025,Owner-Builder
"5910 Rosemead Boulevard Unit A-B , Temple City, California 91780",5384-016-017,B25-48887,Building,"MAIN HOUSE ADD 67 SQ.FT. FOR A NEW BATHROOM. EXISTING GARAGE REDUCE TO 224 SQ.FT. ATTACHED NEW 3-CAR GARAGE 801 SQ.FT. ATTACHED A NEW 2-STORY SINGLE FAMILY DWELLING: TWO BEDROOMS AND ONE BATHROOM.","$246,614.5",Issued,04-02-2025,09-17-2025,Owner-Builder
"5048 Alessandro Avenue, Temple City, California 91780",8590-023-023,B25-49209,Building,"427 SQ.FT. ADDITION OF NEW BEDROOM #4 AND ONE BATHROOM","$76,078.59",Issued,05-13-2025,09-17-2025,Owner-Builder
"4846 Agnes Avenue, Temple City, California 91780",8589-024-011,B25-49942,Building,"PV SOLAR ROOF MOUNT (10) MODULES 4.1 KW/DC, 3.8 KW/AC, 225A BUSS; 200A OCPD MPU (1) ESS + BUI, ESSENTIAL LOADS SUB-PANEL","$24,700",Issued,09-04-2025,09-17-2025,"Bright Planet Solar dba Bright Planet"
"9479 Olema Street, Temple City, California 91780",5382-014-051,B25-50007,Building,"INSTALL SOLAR AND ESS SYSTEM ON ROOF OF SFH AND ADU. SYSTEM COMPRISED OF (29) MODULES, (29) MICRO-INVERTERS AND (2) 10KWH BATTERIES SYSTEM SIZE: 12.18KW DC, 9425KW AC","$40,000",Issued,09-10-2025,09-17-2025,"Altadena Energy & Solar Inc."
"5839 Reno Avenue, Temple City, California 91780",5387-010-018,B25-50053,Building,"VOLUNTARY FOUNDATION SEISMIC RETROFIT PER LA CITY STANDARD PLAN #1 DETAIL #7, 10A AND 10B",$2950,Issued,09-17-2025,09-17-2025,"After Before Creations Inc. dba The Foundation Works"
"6008 Camellia Avenue, Temple City, California 91780",5385-018-016,B25-50054,Building,"VOLUNTARY FOUNDATION SEISMIC RETROFIT PER LA CITY STANDARD PLAN #1 DETAIL #7 AND 10B",$1700,Issued,09-17-2025,09-17-2025,"After Before Creations Inc. dba The Foundation Works"
"4879 Ardsley Drive, Temple City, California 91780",8590-017-019,B25-50056,Building,"EBB SEISMIC RETROFIT ACCORDING TO LOS ANGELES CITY STANDARD PLAN DETAIL #7",$3300,Issued,09-17-2025,09-17-2025,"Norman Ordonez"
"4928 Rio Hondo Avenue Unit A , Temple City, California 91780",8590-025-031,B25-50060,Building,"ADD NEW BATHROOM IN BEDROOM #1",$5000,Issued,09-17-2025,09-17-2025,Owner-Builder
"9506 Las Tunas Drive, Temple City, California 91780",8587-012-019,B25-50066,Building,"TEAR DOWN EXISTING SHINGLES/HOT MOPS/TORCHES ETC. REPLACE ROOF SHEATHING AS NEEDED. ADD A NEW LAYER OF SHINGLES PLUS FOR THE PARAPET PART, PEEL AND STICK CAP SHEET IS APPLIED","$22,800",Issued,09-17-2025,09-17-2025,"Shunde Roofing Inc."
"9177 Hermosa Drive Unit B , Temple City, California 91780",5384-013-036,B25-50067,Building,"4.1 KW PV SOLAR SYSTEM (10) MODULES. 13.5 KWH ENERGY STORAGE SYSTEM (1 UNIT)",$0,Issued,09-17-2025,09-17-2025,"Tesla Energy Operations Inc."
"4846 Agnes Avenue, Temple City, California 91780",8589-024-011,E25-49943,Electrical,"225A BUSS; 200A OCPD MPU (1) ESS + BUI, ESSENTIAL LOADS SUB-PANEL",$0,Issued,09-04-2025,09-17-2025,"Bright Planet Solar dba Bright Planet"
"9479 Olema Street, Temple City, California 91780",5382-014-051,E25-50008,Electrical,"(2) 10KWH BATTERIES SYSTEM SIZE: 12.18KW DC, 9425KW AC",$0,Issued,09-10-2025,09-17-2025,"Altadena Energy & Solar Inc."
"9718 Windsor Lane, Temple City, California 91780",8589-019-058,E25-50040,Electrical,"200 AMP MAIN PANEL UPGRADE",$0,Issued,09-16-2025,09-17-2025,"New Quest Electric Inc."
"5048 Alessandro Avenue, Temple City, California 91780",8590-023-023,E25-50057,Electrical,"(8) OUTLETS (4) LIGHT FIXTURES AND EXHAUST FAN",$0,Issued,09-17-2025,09-17-2025,Owner-Builder
"4928 Rio Hondo Avenue Unit A , Temple City, California 91780",8590-025-031,E25-50061,Electrical,"(5) OUTLETS, LIGHT FIXTURE AND EXHAUST FAN",$0,Issued,09-17-2025,09-17-2025,Owner-Builder
"5330 Arden Drive, Temple City, California 91780",8585-020-016,E25-50064,Electrical,"INSTALL EV CHARGE NEXT TO THE GARAGE",$0,Finaled,09-17-2025,09-17-2025,Owner-Builder
"9177 Hermosa Drive Unit B , Temple City, California 91780",5384-013-036,E25-50068,Electrical,"13.5 KWH ENERGY STORAGE SYSTEM (1 UNIT)",$0,Issued,09-17-2025,09-17-2025,"Tesla Energy Operations Inc."
"5910 Rosemead Boulevard Unit A-B , Temple City, California 91780",5384-016-017,E25-50069,Electrical,"(5) BRANCH CIRCUITS, (5) BRANCH CIRCUITS LIGHTING, (30) OUTLETS, (27) LIGHT FIXTURES, GARBAGE DISPOSAL, DISHWASHER, RANGE HOOD, WASHING MACHINE, EXHAUST FANS AND AC UNITS FOR ADDITION AND A NEW SINGLE FAMILY DWELLIN G",$0,Issued,09-17-2025,09-17-2025,Owner-Builder
"5910 Rosemead Boulevard Unit A-B , Temple City, California 91780",5384-016-017,G25-49401,Grading,"GRADING FOR A NEW SINGLE FAMILY HOME",$0,Issued,06-10-2025,09-17-2025,Owner-Builder
"5048 Alessandro Avenue, Temple City, California 91780",8590-023-023,M25-50058,Mechanical,"INSTALL (1) MINI SPLIT SYSTEM AND VENTILATION FAN",$0,Issued,09-17-2025,09-17-2025,Owner-Builder
"4928 Rio Hondo Avenue Unit A , Temple City, California 91780",8590-025-031,M25-50062,Mechanical,"(1) VENTILATION FAN",$0,Issued,09-17-2025,09-17-2025,Owner-Builder
"5910 Rosemead Boulevard Unit A-B , Temple City, California 91780",5384-016-017,M25-50070,Mechanical,"INSTALL (3) MINI SPLIT SYSTEMS AND VENTILATION FANS FOR A NEW SINGLE FAMILY DWELLING",$0,Issued,09-17-2025,09-17-2025,Owner-Builder
"5048 Alessandro Avenue, Temple City, California 91780",8590-023-023,P25-50059,Plumbing,"WALK-IN SHOWER, LAVATORY AND WATER CLOSET",$0,Issued,09-17-2025,09-17-2025,Owner-Builder
"4928 Rio Hondo Avenue Unit A , Temple City, California 91780",8590-025-031,P25-50063,Plumbing,"SHOWER, LAVATORY AND WATER CLOSET",$0,Issued,09-17-2025,09-17-2025,Owner-Builder
"5910 Rosemead Boulevard Unit A-B , Temple City, California 91780",5384-016-017,P25-50071,Plumbing,"BACKFLOW PREVENTION DEVICE, BATHTUBS/SHOWERS, CLOTHES WASHER, DISHWASHER, HOSE BIBBS, LAVATORIES, SINK, WATER CLOSETS, WATER HEATER, WATER MAIN AND CONNECT NEW SINGLE FAMILY DWELLING TO PUBLIC SEWER",$0,Issued,09-17-2025,09-17-2025,Owner-Builder
"10644 Fairhall Street Unit A-B , Temple City, California 91780",8585-027-006,B25-49564,Building,"NEW 784 SQ.FT. ATTACHED ACCESSORY DWELLING UNIT: TWO BEDROOMS, TWO BATHROOMS, LIVING ROOM/KITCHEN AND COVER PATIO","$150,000",Issued,07-08-2025,09-18-2025,"Chung's Construction and Electrical Inc."
"4700 Miller Drive #C-3, Temple City, California 91780",8592-003-052,B25-49641,Building,"TENANT IMPROVEMENT - INSTALL A WALK-IN COOLER (61 SF.FT.) EXISTING LOADING AREA AND STORAGE TO BE MAINTAINED AS SUCH. DOORWAYS AND CORRIDORS SHALL MAINTAINED OPEN.",$2000,Finaled,07-21-2025,09-18-2025,"Jiude Inc."
"6448 Oak Avenue Unit A-B , Temple City, California 91780",5382-014-029,B25-49979,Building,"SOLAR PV + BATTERY - INSTALL 35 X 410W PV MODULES (14.35 KW DC) * INSTALL 35 OPTIMIZERS * INSTALL 1 X 10 KW HYBRID INVERTER. *INSTALL1 X 20 KWH BATTERY. CONNECT TO 200A MAIN PANEL + BACKUP PANEL WITH AC DISCONNECT. *MOUNT ON ROOF IRON RIDGE RACKING.","$40,000",Issued,09-08-2025,09-18-2025,"Sunshine Pacific Group America, Inc."
"4700 Miller Drive #C-3, Temple City, California 91780",8592-003-052,E25-49642,Electrical,"ELECTRICAL - TENANT IMPROVEMENT TO INSTALL WALK-IN COOLER",$0,Finaled,07-21-2025,09-18-2025,"Jiude Inc."
"6448 Oak Avenue Unit A-B , Temple City, California 91780",5382-014-029,E25-49980,Electrical,"*INSTALL1 X 20 KWH BATTERY. CONNECT TO 200A MAIN PANEL + BACKUP PANEL WITH AC DISCONNECT. *MOUNT ON ROOF IRON RIDGE RACKING.",$0,Issued,09-08-2025,09-18-2025,"Sunshine Pacific Group America, Inc."
"10644 Fairhall Street Unit A-B , Temple City, California 91780",8585-027-006,E25-50072,Electrical,"ELECTRICAL FOR A NEW ATTACHED ACCESSORY DWELLING UNIT WITH 200 AMP SERVICE PANEL",$0,Issued,09-18-2025,09-18-2025,"Chung's Construction and Electrical Inc."
"4700 Miller Drive #C-3 , Temple City, California 91780",8592-003-052,M25-49643,Mechanical,"MECHANICAL - TENANT IMPROVEMENT - INSTALL NEW WALK-IN COOLER",$0,Finaled,07-21-2025,09-18-2025,"Jiude Inc."
"10644 Fairhall Street Unit A-B , Temple City, California 91780",8585-027-006,M25-50073,Mechanical,"INSTALL (4) MINI SPLIT SYSTEM AND VENTILATION FANS FOR A NEW ATTACHED ACCESSORY DWELLING UNIT",$0,Issued,09-18-2025,09-18-2025,"Chung's Construction and Electrical Inc."
"5827 1/2 Temple City Boulevard, Temple City, California 91780",8587-015-008,M25-50076,Mechanical,"INSTALL VENTILATION FAN ON RESTROOM",$0,Issued,09-18-2025,09-18-2025,"Diamond Q Construction, Inc."
"10644 Fairhall Street Unit A-B , Temple City, California 91780",8585-027-006,P25-50074,Plumbing,"PLUMBING FOR A NEW ATTACHED ACCESSORY DWELLING UNIT AND CONNECT TO PUBLIC SEWER",$0,Issued,09-18-2025,09-18-2025,"Chung's Construction and Electrical Inc."
"10319 Olive Street, Temple City, California 91780",8586-028-046,P25-50077,Plumbing,"WATER LINE REPLACEMENT FROM METER TO BUILDING",$0,Issued,09-18-2025,09-18-2025,"High Speed Rooter & Plumbing"
"10321 Olive Street, Temple City, California 91780",8586-028-047,P25-50078,Plumbing,"WATER LINE REPLACEMENT FROM METER TO BUILDING",$0,Issued,09-18-2025,09-18-2025,"High Speed Rooter & Plumbing"
"5411 Mcculloch Avenue, Temple City, California 91780",8573-007-022,B25-49871,Building,"INSTALLATION OF A 4.35 KW ROOF-MOUNTED SOLAR PV SYSTEM CONSISTING OF (10) MODULES (3) MCI-HIGH CURRENT MCIS, (1) INVERTER WITH BATTERY AND (1) BACKUP SWITCH 1624171-XX-Y","$40,000",Issued,08-21-2025,09-22-2025,"Ameco Solar LLC"
"4847 Hallowell Avenue, Temple City, California 91780",8585-016-008,B25-50079,Building,"SUPPLEMENTAL PERMIT FOR THE DETACHED GARAGE SEE ALSO PERMIT # (B25-50036) TO TEAR OFF EXISTING ROOF ON ENTIRE HOUSE (31 SQ.FT.) INSTALLATION OF PSU30 UNDERLAYMENT AND INSTALLATION OF LIGHTWEIGHT FLAT TILE. INSTALLATION ON THE FLAT PART T.P.O.L.",$0,Finaled,09-22-2025,09-22-2025,"Jat Roofing Company Inc."
"9147 Olema Street, Temple City, California 91780",5382-023-018,B25-50080,Building,"REMODEL TWO EXISTING BATHROOMS","$30,000",Issued,09-22-2025,09-22-2025,Owner-Builder
"10315 Freer Street, Temple City, California 91780",8585-020-007,B25-50087,Building,"TEAR OFF EXISTING ROOF AND REROOF WITH ASPHALT SHINGLES",$4000,Issued,09-22-2025,09-22-2025,Owner-Builder
"5939 North Bartlett Avenue, San Gabriel, California 91775",5386-014-042,B25-50090,Building,"TEAR OFF EXISTING ROOF. REROOF WITH SHINGLES - HOUSE & ATTACHED GARAGE",$6000,Issued,09-22-2025,09-22-2025,Owner-Builder
"10938 Danbury Street, Temple City, California 91780",8573-020-027,B25-50091,Building,"REMOVE OLD EXISTING ROOF. NEW RE ROOF WITH SHINGLES #0676-0131A",$8000,Issued,09-22-2025,09-22-2025,Owner-Builder
"5411 Mcculloch Avenue, Temple City, California 91780",8573-007-022,E25-49872,Electrical,"BATTERY AND (1) BACKUP SWITCH 1624171-XX-Y",$0,Issued,08-21-2025,09-22-2025,"Ameco Solar LLC"
"9526 Blackley Street, Temple City, California 91780",8590-007-027,E25-49944,Electrical,"ADD-ON BATTERY TO EXISTING PV SYSTEM 2 X IQBATTERY-10C-1P-NA 10 KWH (ENPHASE ENERGY INC.); 1 X ENPHASE COMBINER BOX 6C 1 X IQ METER COLLAR",$0,Finaled,09-04-2025,09-22-2025,"A W S Electrical & Solar Inc. dba A W S Electrical Services"
"9147 Olema Street, Temple City, California 91780",5382-023-018,E25-50081,Electrical,"ONE OUTLET",$0,Issued,09-22-2025,09-22-2025,Owner-Builder
"10751 Lynrose Street, Temple City, California 91780",8573-011-018,E25-50086,Electrical,"SERVICE PANEL UPGRADE TO 200 AMP. TO ADD 49 AMP 240V CIRCUIT FOR EV CHARGER (OUTSIDE OF GARAGE 7.68 KW) AND NEMA 14-50 OUTLET",$0,Issued,09-22-2025,09-22-2025,"Medana Electrical Service Corp."
"5527 Alessandro Avenue, Temple City, California 91780",8588-002-014,E25-50089,Electrical,"PANEL UPGRADE TO 200 AMP SERVICE",$0,Issued,09-22-2025,09-22-2025,"BC Electric Services Inc."
"6006 North Bartlett Avenue, San Gabriel, California 91775",5386-013-050,G25-50085,Grading,"POOL DEMO & BACKFILLING WITH STRUCTURAL COMPACTED FILL - ENGINEER CERTIFICATION IS REQUIRED FINAL",$0,Issued,09-22-2025,09-22-2025,"Prosperity Development Inc."
"5727 Sultana Avenue, Temple City, California 91780",5387-029-008,MISC25-50083,Miscellaneous,"TO VERIFY COMPLIANCE INSPECTION: TO REMOVE 2' SECTION ADDED TO TOP OF 8' WALL. REMOVE WALL AND DOOR ADDED AND REMOVE HVAC DUCT",$0,Finaled,09-22-2025,09-22-2025,Owner-Builder
"6006 North Bartlett Avenue, San Gabriel, California 91775",5386-013-050,MISC25-50084,Miscellaneous,"POOL DEMO & BACKFILLING WITH STRUCTURAL COMPACTED FILL - ENGINEER CERTIFICATION IS REQUIRED FINAL",$0,Issued,09-22-2025,09-22-2025,"Prosperity Development Inc."
"9147 Olema Street, Temple City, California 91780",5382-023-018,P25-50082,Plumbing,"REPLACING SHOWERS AND LAVATORIES",$0,Issued,09-22-2025,09-22-2025,Owner-Builder
"6261 Golden West Avenue, Temple City, California 91780",5385-021-008,B25-50009,Building,"TRELLIS PATIO 598 SQ.FT.","$11,960",Issued,09-10-2025,09-23-2025,"Jaden & Son Construction, Inc."
"5335 Noel Drive, Temple City, California 91780",5388-006-001,B25-50096,Building,"RE-TILE BATHROOM AROUND BATHTUB AREA",$600,Issued,09-23-2025,09-23-2025,"Sunrise Property Services Inc."
"9529 Broadway, Temple City, California 91780",8588-005-017,B25-50103,Building,"INSTALL ROOF MOUNTED SOLAR PHOTOVOLTAIC SYSTEM 2 KW WITH (5) MODULES. THE POWER GENERATED BY THE PV SYSTEM WILL BE INTERCONNECTED WITH THE UTILITY GRID THROUGH THE EXISTING ELECTRICAL SERVICE EQUIPMENT",$0,Issued,09-23-2025,09-23-2025,"Jun Yan Li dba SolarLife"
"6029 Agnes Avenue, Temple City, California 91780",5385-027-008,D25-50092,Demolition,"COMPLETE DEMO OF EXISTING RESIDENCE",$0,Issued,09-23-2025,09-23-2025,"Ortiz Demolition Inc."
"9414 Lemon Avenue, Temple City, California 91780",5382-014-026,E25-50093,Electrical,"TEMPORARY POWER POLE",$0,Issued,09-23-2025,09-23-2025,"Jotek Development Inc"
"9720 Olive Street, Temple City, California 91780",8589-003-018,E25-50097,Electrical,"UPGRADE PANEL TO 200 AMP SERVICE AND INSTALL EV CHARGER OUTSIDE THE GARAGE",$0,Finaled,09-23-2025,09-23-2025,"Horizon Construction & Electrical Inc."
"6322 Golden West Avenue, Temple City, California 91780",5383-020-011,E25-50100,Electrical,"(12) BRANCH CIRCUITS, (28) OUTLETS, (17) LIGHT FIXTURES, (2) EXHAUST FANS, WASHING MACHINE, AC UNITS WITH 100 AMP SUB-PANEL",$0,Issued,09-23-2025,09-23-2025,Owner-Builder
"8638 Hermosa Drive, San Gabriel, California 91775",5387-006-028,E25-50104,Electrical,"ADDING (1) INDOOR 100 AMP SUB-PANEL IN THE HOUSE & ADDING (12) CIRCUITS TO THE HOUSE",$0,Issued,09-23-2025,09-23-2025,"Izan Industries dba Izan Electric"
"6322 Golden West Avenue, Temple City, California 91780",5383-020-011,M25-50101,Mechanical,"INSTALL HVAC SYSTEM, AIR INLETS AND VENTILATION FANS",$0,Issued,09-23-2025,09-23-2025,Owner-Builder
"6322 Golden West Avenue, Temple City, California 91780",5383-020-011,P25-50102,Plumbing,"BATHTUB/SHOWERS, CLOTHES WASHER, LAVATORIES, WATER CLOSETS, WATER HEATER AND GAS OUTLETS",$0,Issued,09-23-2025,09-23-2025,Owner-Builder
"9600 Broadway, Temple City, California 91780",8588-023-019,B25-50039,Building,"WINDOW REPLACEMENT (15) WINDOWS LIKE FOR LIKE AND (1) DOOR","$11,942",Issued,09-16-2025,09-24-2025,Owner-Builder
"9844 Estrella Avenue, Temple City, California 91780",5383-021-004,B25-50109,Building,"REMODEL ONE BATHROOM, REPLACE ALL (E) WINDOWS TO NEW VINYL","$30,000",Issued,09-24-2025,09-24-2025,Owner-Builder
"9112 Olema Street, Temple City, California 91780",5382-023-027,B25-50113,Building,"REMOVE THE EXISTING SHINGLES, REPLACE ROOF SHEATHING AS NEEDED ADD NEW LAYER OF GAF TIMBERLINE HDZ SHINGLE CRRC # 0676-0137B ""MAIN HOUSE ONLY","$14,700",Issued,09-24-2025,09-24-2025,"Shunde Roofing Inc."
"10651 Roseglen Street, Temple City, California 91780",8585-028-005,B25-50114,Building,"MAIN HOUSE - REMOVE EXISTING SHINGLES, REPLACE SHEATHING AS NEEDED ADD NEW LAYER OF GAF TIMBERLINE HDZ REFLECTOR SERIES SADDLEWOOD SHINGLE CRRC # 0676-0133B","$10,000",Issued,09-24-2025,09-24-2025,"Shunde Roofing Inc."
"10651 Roseglen Street, Temple City, California 91780",8585-028-005,B25-50115,Building,"DETACHED GARAGE - REMOVE EXISTING SHINGLES, REPLACE SHEATHING AS NEEDED ADD NEW LAYER OF GAF TIMBERLINE HDZ REFLECTOR SERIES SADDLEWOOD SHINGLE CRRC # 0676-0133B",$3400,Issued,09-24-2025,09-24-2025,"Shunde Roofing Inc."
"5224 Farago Avenue, Temple City, California 91780",8574-009-051,B25-50116,Building,"SHINGLES ROOF REPLACEMENT OF 21 SQ.FT. ON MAIN HOUSE AND ATTACHED GARAGE. TEAR OFF REPLACE WOOD AS NEEDED","$12,000",Issued,09-24-2025,09-24-2025,"Epic Home Upgrade and Construction dba Epic Roof Replacement"
"9844 Estrella Avenue, Temple City, California 91780",5383-021-004,E25-50110,Electrical,"(1) BRANCH CIRCUIT, (55) OUTLETS, (35) LIGHT FIXTURES, EXHAUST FAN, (4) AC UNITS, (2) 100 AMP SUB-PANELS & 60 AMP EV CHARGER IN THE GARAGE",$0,Issued,09-24-2025,09-24-2025,Owner-Builder
"9844 Estrella Avenue, Temple City, California 91780",5383-021-004,M25-50111,Mechanical,"INSTALL (4) MINI SPLIT SYSTEMS AND VENTILATION FAN",$0,Issued,09-24-2025,09-24-2025,Owner-Builder
"9844 Estrella Avenue, Temple City, California 91780",5383-021-004,P25-50112,Plumbing,"BATHTUB/SHOWER, LAVATORIE, WATER CLOSET, WATER HEATER, WATER SOFTENER AND DRAINAGE/VENT PIPING",$0,Issued,09-24-2025,09-24-2025,Owner-Builder
"5926 North Bartlett Avenue Unit B , San Gabriel, California 91775",5386-013-042,B25-48832,Building,"NEW 799 SQ.FT. DETACHED ACCESSORY DWELLING UNIT: TWO BEDROOMS, TWO BATHROOMS, KITCHEN AND FRONT PORCH","$134,584.88",Issued,03-26-2025,09-25-2025,"Team Young Inc."
"5926 North Bartlett Avenue, San Gabriel, California 91775",5386-013-042,B25-48833,Building,"BUILD A NEW DETACHED 5-CAR GARAGE","$72,213.75",Issued,03-26-2025,09-25-2025,"Team Young Inc."
"6130 Rowland Avenue, Temple City, California 91780",5385-024-045,B25-50117,Building,"EXISTING TILE ROOF WILL BE LIFTED AND RELAYED WITH NEW SA TITANIUM FR SYNTHETIC UNDERLAYMENT THROUGHOUT HOUSE AND ATTACHED GARAGE","$12,500",Issued,09-24-2025,09-25-2025,"Certified Roofing Specialists"
"5926 North Bartlett Avenue, San Gabriel, California 91775",5386-013-042,D25-50126,Demolition,"DEMO EXISTING DETACHED GARAGE",$0,Issued,09-25-2025,09-25-2025,"Team Young Inc."
"9823 Woodruff Avenue, Temple City, California 91780",5385-027-014,E25-50118,Electrical,"INSTALL NEW ELECTRICAL RECEPTACLES, SWITCH AND LIGHTS FOR THE NEW ADDITION",$0,Issued,09-25-2025,09-25-2025,"Alliance Professional HVAC Inc."
"9501 Lemon Avenue, Arcadia, California 91780",5382-013-903,E25-50125,Electrical,"(1) 40' TEMPORARY POWER POLE",$0,Issued,09-25-2025,09-25-2025,"MasTec Network Solutions"
"5926 North Bartlett Avenue Unit B , San Gabriel, California 91775",5386-013-042,E25-50127,Electrical,"ELECTRICAL FOR A NEW DETACHED ACCESSORY DWELLING UNIT WITH A 200 AMP SERVICE PANEL",$0,Issued,09-25-2025,09-25-2025,"Team Young Inc."
"5926 North Bartlett Avenue, San Gabriel, California 91775",5386-013-042,E25-50128,Electrical,"(10) OUTLETS AND LIGHT FIXTURES WITH SUB-PANEL 100 AMP FOR THE NEW DETACHED GARAGE",$0,Issued,09-25-2025,09-25-2025,"Team Young Inc."
"6044 Loma Avenue Unit A , Temple City, California 91780",5384-013-011,M25-50121,Mechanical,"INSTALLATION OF TWO - 5 TON CENTRAL HEATING & COOLING SPLIT SYSTEMS, AIR INLETS AND EXHAUST VENTS FOR A NEW SINGLE FAMILY DWELLING",$0,Issued,09-25-2025,09-25-2025,"Wesco Air Conditioning Inc."
"6044 Loma Avenue Unit B , Temple City, California 91780",5384-013-011,M25-50122,Mechanical,"INSTALLATION OF ONE - 2 TON CENTRAL HEATING & COOLING SPLIT SYSTEM, AIR INLETS AND EXHAUST VENTS FOR A NEW DETACHED ACCESSORY DWELLING UNIT",$0,Issued,09-25-2025,09-25-2025,"Wesco Air Conditioning Inc."
"5926 North Bartlett Avenue Unit B , San Gabriel, California 91775",5386-013-042,M25-50129,Mechanical,"INSTALL (3) MINI SPLIT SYSTEM AND VENTILATION FANS FOR THE NEW DETACHED ACCESSORY DWELLING UNIT",$0,Issued,09-25-2025,09-25-2025,"Team Young Inc."
"10121 Green Street, Temple City, California 91780",8585-003-054,P25-50123,Plumbing,"REPAIR LEAK AFTER WATER METER",$0,Issued,09-25-2025,09-25-2025,"D O T Plumbing and Construction"
"5926 North Bartlett Avenue Unit B , San Gabriel, California 91775",5386-013-042,P25-50130,Plumbing,"PLUMBING FOR THE NEW DETACHED ACCESSORY DWELLING UNIT AND CONNECT TO PUBLIC SEWER",$0,Issued,09-25-2025,09-25-2025,"Team Young Inc."
"10252 Nadine Street, Temple City, California 91780",8586-026-021,B25-48322,Building,"NEW 2-STORY SINGLE FAMILY-DWELLING: 4 BEDROOMS, 4.5 BATHROOMS, WITH ATTACHED 2-CAR GARAGE AND FRONT PORCH","$600,000",Issued,01-21-2025,09-29-2025,"MSV Construction Inc."
"6373 Encinita Avenue Unit A-B , Temple City, California 91780",5382-023-011,B25-49102,Building,"(E) 1474 SQ.FT. MAIN HOUSE WILL BE CONVERTED TO (N) 1147 SQ.FT. INTERIOR REMODEL TO CREATE A NEW ONE BEDROOM, ONE BATHROOM AND RELOCATE EXISTING KITCHEN. CONVERT FAMILY ROOM INTO A (N) JADU: ONE BEDROOM, ONE BATHROOM AND KITCHEN","$39,367.72",Issued,05-01-2025,09-29-2025,"J & R Construction Design Inc."
"6373 Encinita Avenue Unit C , Temple City, California 91780",5382-023-011,B25-49103,Building,"EXISTING 360 SQ.FT. DETACHED GARAGE CONVERT INTO A DETACHED ACCESSORY DWELLING UNIT: ONE BEDROOM, ONE BATHROOM, LIVING ROOM AND KITCHEN","$36,532.28",Issued,05-01-2025,09-29-2025,"J & R Construction Design Inc."
"4809 Alessandro Avenue, Temple City, California 91780",8590-025-015,B25-49624,Building,"1-STORY ADDITION & REMODEL 1288 SQ.FT. OF 4 BEDROOMS, 3 BATHROOMS, KITCHEN/DINING, FAMILY ROOM, LIVING ROOM 53 SQ.FT. NEW ENTRANCE PORCH, 126 SQ.FT. COVERED PATIO AND REPLACE ALL EXISTING WINDOWS. TOTAL LIVING AREA 2119 SQ.FT.","$229,637.72",Issued,07-17-2025,09-29-2025,Owner-Builder
"6361 Encinita Avenue, Temple City, California 91780",5382-023-013,B25-49880,Building,"INTERIOR REMODEL (E) 1772 SQ.FT. AND MAKE (N) 146 SF ADDITION CONSISTS OF REMODEL EXISTING KITCHEN & LIVING ROOM, ADD NEW DINING AREA BETWEEN LIVING & KITCHEN. CONVERT (E) DINING TO (N) OFFICE. REMODEL EXISTING BATHROOM & LAUNDRY. ADD (N) ADDITION & REMODEL THE MASTER BEDROOM, (N) MUDROOM & POWDER. REPLACE ALL EXISTING WINDOWS WITH SAME SIZE AND STYLE","$90,000",Issued,08-25-2025,09-29-2025,"Willbii Inc."
"4853 Doreen Avenue Unit A , Temple City, California 91780",8585-024-036,B25-50049,Building,"INSTALL 6.09KW ROOF MOUNTED SOLAR PV SYSTEM. (14) MODULES WITH (14) MICRO-INVERTERS","$14,000",Issued,09-16-2025,09-29-2025,"Sun Bees Group dba True Power Solar"
"4853 Doreen Avenue Unit B , Temple City, California 91780",8585-024-036,B25-50050,Building,"INSTALL 2.61KW ROOF MOUNTED SOLAR PY SYSTEM. (6) MODULES WITH (6) MICRO-INVERTERS",$6000,Issued,09-16-2025,09-29-2025,"Sun Bees Group dba True Power Solar"
"5217 Hallowell Avenue, Temple City, California 91780",8585-019-019,B25-50131,Building,"REMOVE EXISTING ROOF COMP SHINGLE HOUSE 30 YR CLASS ""A"" SHINGLES AND MEMBRANE TORCH ON FLAT AREA HOUSE","$16,000",Issued,09-29-2025,09-29-2025,"Jim's Rooofing"
"5217 Hallowell Avenue, Temple City, California 91780",8585-019-019,B25-50132,Building,"REMOVE EXISTING ROOF COMP SHINGLE DETACHED GARAGE 30 YR CLASS ""A"" SHINGLES",$2800,Issued,09-29-2025,09-29-2025,"Jim's Rooofing"
"5004 Golden West Avenue, Temple City, California 91780",8589-022-021,B25-50137,Building,"VOLUNTARY FOUNDATION SEISMIC RETROFIT PER LA CITY STANDARD PLAN #1 DETAIL # 7",$3000,Issued,09-29-2025,09-29-2025,"ST Construction"
"6038 Muscatel Avenue Unit A , San Gabriel, California 91775",5386-011-034,B25-50139,Building,"TEAR OFF EXISTING ROOF AND RE ROOF WITH COMPOSITION SHINGLES TO MATCH NEW ADDITION (NO GARAGE)",$5000,Issued,09-29-2025,09-29-2025,"Robert L Fung Construction Inc."
"9600 Broadway, Temple City, California 91780",8588-023-019,B25-50143,Building,"CHANGE FROM OWNER-BUILDER TO CONTRACTOR TO WINDOW REPLACEMENT (15) WINDOWS AND (1) DOOR LIKE FOR LIKE (SEE ALSO PERMIT #B25-50039)",$0,Issued,09-29-2025,09-29-2025,"Henry Andronicos Inc. dba United Builders"
"5409 Baldwin Avenue, Temple City, California 91780",8588-019-017,B25-50145,Building,"INSTALL FIRE SPRINKLER SYSTEM FOR A NEW SINGLE FAMILY DWELLING",$2000,Issued,09-29-2025,09-29-2025,"Premier Fire Protection, Inc."
"5411 Baldwin Avenue, Temple City, California 91780",8588-019-017,B25-50146,Building,"INSTALL FIRE SPRINKLER SYSTEM FOR A NEW SINGLE FAMILY DWELLING",$2000,Issued,09-29-2025,09-29-2025,"Premier Fire Protection, Inc."
"5605 Noel Drive, Temple City, California 91780",5387-025-010,B25-50157,Building,"SYSTEM SIZE 3.24 KW DC, 11.5KW AC - MODULES (8) JA SOLAR: JAM54S31-405/MR-INVERTER (1) TESLA POWER WALL",$0,Issued,09-29-2025,09-29-2025,"Sunrun Installation Services"
"10252 Nadine Street, Temple City, California 91780",8586-026-021,E25-50133,Electrical,"TEMPORARY POWER POLE",$0,Issued,09-29-2025,09-29-2025,"MSV Construction Inc."
"10252 Nadine Street, Temple City, California 91780",8586-026-021,E25-50134,Electrical,"ELECTRICAL FOR A NEW SINGLE FAMILY DWELLING WITH 200 AMP SERVICE PANEL",$0,Issued,09-29-2025,09-29-2025,"MSV Construction Inc."
"10525 Olive Street, Temple City, California 91780",8586-029-032,E25-50138,Electrical,"MAIN ELECTRICAL PANEL UPGRADE TO 200 AMP SERVICE AND INSTALL EV CHARGER ON THE DRIVEWAY",$0,Issued,09-29-2025,09-29-2025,"GPRO Electric, Inc."
"6361 Encinita Avenue, Temple City, California 91780",5382-023-013,E25-50140,Electrical,"(8) BRANCH CIRCUITS, (2) BRANCH CIRCUITS LIGHTING, (35) OUTLETS, (20) LIGHT FIXTURES, GARBAGE DISPOSAL, DISHWASHER, RANGE HOOD, WASHING MACHINE AND FAU/AC UNITS",$0,Issued,09-29-2025,09-29-2025,"Willbii Inc."
"6029 Agnes Avenue, Temple City, California 91780",5385-027-008,E25-50144,Electrical,"TEMPORARY POWER POLE",$0,Issued,09-29-2025,09-29-2025,"Eric Construction Inc."
"6373 Encinita Avenue Unit A-B , Temple City, California 91780",5382-023-011,E25-50148,Electrical,"(12) BRANCH CIRCUITS, (6) BRANCH CIRCUITS LIGHTING, (40) OUTLETS, (12) LIGHT FIXTURES, DISHWASHER, RANGE HOOD, EXHAUST FANS AND AC UNITS FOR THE MAIN HOUSE & JUNIOR ADU",$0,Issued,09-29-2025,09-29-2025,"J & R Construction Design Inc."
"6373 Encinita Avenue Unit C , Temple City, California 91780",5382-023-011,E25-50151,Electrical,"(6) BRANCH CIRCUITS, (2) BRANCH CIRCUITS LIGHTING, (15) OUTLETS, (2) LIGHT FIXTURES, WASHING MACHINE, RANGE HOOD, EXHAUST FAN, AC UNIT AND 100 AMP SERVICE PANEL TO THE DETACHED ACCESSORY DWELLING UNIT",$0,Issued,09-29-2025,09-29-2025,"J & R Construction Design Inc."
"4809 Alessandro Avenue, Temple City, California 91780",8590-025-015,E25-50154,Electrical,"(6) BRANCH CIRCUITS, (53) OUTLETS, (35) LIGHT FIXTURES, FAU/AC UNITS, GARBAGE DISPOSAL, RANGE HOOD, WASHING MACHINE AND EXHAUST FANS",$0,Issued,09-29-2025,09-29-2025,Owner-Builder
"5605 Noel Drive, Temple City, California 91780",5387-025-010,E25-50158,Electrical,"(1) TESLA POWER WALL & MPU 225/200A",$0,Issued,09-29-2025,09-29-2025,"Sunrun Installation Services"
"10252 Nadine Street, Temple City, California 91780",8586-026-021,G25-48321,Grading,"GRADING FOR A NEW SINGLE FAMILY-DWELLING",$0,Issued,01-21-2025,09-29-2025,"MSV Construction Inc."
"10252 Nadine Street, Temple City, California 91780",8586-026-021,M25-50135,Mechanical,"INSTALL (2) HVAC SYSTEMS, AIR INLETS AND VENTILATION FANS FOR A NEW SINGLE FAMILY DWELLING",$0,Issued,09-29-2025,09-29-2025,"MSV Construction Inc."
"6361 Encinita Avenue, Temple City, California 91780",5382-023-013,M25-50141,Mechanical,"INSTALL HVAC SYSTEM AND VENTILATION FANS",$0,Issued,09-29-2025,09-29-2025,"Willbii Inc."
"6373 Encinita Avenue Unit A-B , Temple City, California 91780",5382-023-011,M25-50149,Mechanical,"INSTALL (4) MINI SPLIT SYSTEMS AND VENTILATION FANS FOR THE MAIN HOUSE & JUNIOR ADU",$0,Issued,09-29-2025,09-29-2025,"J & R Construction Design Inc."
"6373 Encinita Avenue Unit C , Temple City, California 91780",5382-023-011,M25-50152,Mechanical,"INSTALL (1) MINI SPLIT UNIT AND VENTILATION FAN FOR THE DETACHED ACCESSORY DWELLING UNIT",$0,Issued,09-29-2025,09-29-2025,"J & R Construction Design Inc."
"4809 Alessandro Avenue, Temple City, California 91780",8590-025-015,M25-50155,Mechanical,"INSTALL HVAC SYSTEM, AIR INLETS AND VENTILATION FANS",$0,Issued,09-29-2025,09-29-2025,Owner-Builder
"10252 Nadine Street, Temple City, California 91780",8586-026-021,P25-50136,Plumbing,"PLUMBING FOR A NEW SINGLE FAMILY DWELLING AND CONNECT TO PUBLIC SEWER",$0,Issued,09-29-2025,09-29-2025,"MSV Construction Inc."
"6361 Encinita Avenue, Temple City, California 91780",5382-023-013,P25-50142,Plumbing,"BATHTUBS/SHOWERS, CLOTHES WASHER, DISHWASHER, HOSE BIBBS, LAVATORIE, SINK , WATER HEATER, WATER CLOSETS AND GAS OUTLETS",$0,Issued,09-29-2025,09-29-2025,"Willbii Inc."
"6373 Encinita Avenue Unit A-B , Temple City, California 91780",5382-023-011,P25-50150,Plumbing,"SHOWERS, DISHWASHER, HOSE BIBBS, LAVATORIES, SINKS, WATER CLOSETS, WATER HEATER, GAS OUTLETS, WATER MAIN AND CONNECT JUNIOR ADU TO PUBLIC SEWER",$0,Issued,09-29-2025,09-29-2025,"J & R Construction Design Inc."
"6373 Encinita Avenue Unit C , Temple City, California 91780",5382-023-011,P25-50153,Plumbing,"SHOWER, CLOTHES WASHER, LAVATORY, SINK, HOSE BIBB, WATER CLOSET, WATER HEATER, GAS OUTLETS, WATER MAIN AND CONNECT DETACHED ACCESSORY DWELLING UNIT TO PUBLIC SEWER",$0,Issued,09-29-2025,09-29-2025,"J & R Construction Design Inc."
"4809 Alessandro Avenue, Temple City, California 91780",8590-025-015,P25-50156,Plumbing,"BATHTUB/SHOWER, CLOTHES WASHER, HOSE BIBB, LAVATORIES, SINK, WATER CLOSETS AND WATER HEATER",$0,Issued,09-29-2025,09-29-2025,Owner-Builder
"5722 North Muscatel Avenue, San Gabriel, California 91775",5387-011-042,B25-50163,Building,"TEAR OFF REROOF HOUSE SHINGLES",$5000,Issued,09-30-2025,09-30-2025,
"5722 North Muscatel Avenue, San Gabriel, California 91775",5387-011-042,B25-50164,Building,"TEAR OFF REROOF DETACHED GARAGE SHINGLES",$5000,Issued,09-30-2025,09-30-2025,
"9945 Nadine Street, Temple City, California 91780",8588-018-011,E25-50160,Electrical,"JADU: (11) LIGHTS SWITCHES RECEPTACLES, (1) ELECTRIC OVEN, (1) RANGE HOOD, (1) 100A SUBPANEL",$0,Issued,09-30-2025,09-30-2025,
"9945 Nadine Street, Temple City, California 91780",8588-018-011,M25-50162,Mechanical,"JADU: (1) MINI SPLIT",$0,Issued,09-30-2025,09-30-2025,
"9945 Nadine Street, Temple City, California 91780",8588-018-011,P25-50161,Plumbing,"JADU: (1) SINK",$0,Issued,09-30-2025,09-30-2025,
