row_index,target_field,sub_type_true,is_masked_type_subtype,final_value,final_confidence,decision_status,decision_method,selected_algorithm,supporting_algorithms,vote_count,candidate_count,generated_candidate_count,accepted_candidate_count,minimum_confidence,validation_record_status,is_accepted,candidates_json,sub_type_input
6,sub_type,In House Plan Check,1,Full Plan Check,0.7129320416787528,Accepted,majority_vote,association_rules,"[""association_rules"", ""clustering"", ""knn""]",3,4,4,4,0.0,valid,True,"[{""row_index"": 6, ""target_field"": ""sub_type"", ""algorithm"": ""grouped_majority"", ""predicted_value"": ""Over The Counter"", ""confidence"": 0.5, ""prediction_source"": ""group_majority"", ""passes_threshold"": true, ""candidate_status"": ""Accepted"", ""rejection_reason"": null, ""validation_record_status"": ""valid""}, {""row_index"": 6, ""target_field"": ""sub_type"", ""algorithm"": ""association_rules"", ""predicted_value"": ""Full Plan Check"", ""confidence"": 1.0, ""prediction_source"": ""matched_rules"", ""passes_threshold"": true, ""candidate_status"": ""Accepted"", ""rejection_reason"": null, ""validation_record_status"": ""valid""}, {""row_index"": 6, ""target_field"": ""sub_type"", ""algorithm"": ""clustering"", ""predicted_value"": ""Full Plan Check"", ""confidence"": 0.4, ""prediction_source"": ""cluster_majority"", ""passes_threshold"": true, ""candidate_status"": ""Accepted"", ""rejection_reason"": null, ""validation_record_status"": ""valid""}, {""row_index"": 6, ""target_field"": ""sub_type"", ""algorithm"": ""knn"", ""predicted_value"": ""Full Plan Check"", ""confidence"": 0.7387961250362586, ""prediction_source"": ""nearest_neighbors"", ""passes_threshold"": true, ""candidate_status"": ""Accepted"", ""rejection_reason"": null, ""validation_record_status"": ""valid""}]",
7,sub_type,In House Plan Check,1,In House Plan Check,1.0,Accepted,majority_vote,association_rules,"[""association_rules"", ""knn""]",2,4,4,4,0.0,valid,True,"[{""row_index"": 7, ""target_field"": ""sub_type"", ""algorithm"": ""grouped_majority"", ""predicted_value"": ""Over The Counter"", ""confidence"": 0.5, ""prediction_source"": ""group_majority"", ""passes_threshold"": true, ""candidate_status"": ""Accepted"", ""rejection_reason"": null, ""validation_record_status"": ""valid""}, {""row_index"": 7, ""target_field"": ""sub_type"", ""algorithm"": ""association_rules"", ""predicted_value"": ""In House Plan Check"", ""confidence"": 1.0, ""prediction_source"": ""matched_rules"", ""passes_threshold"": true, ""candidate_status"": ""Accepted"", ""rejection_reason"": null, ""validation_record_status"": ""valid""}, {""row_index"": 7, ""target_field"": ""sub_type"", ""algorithm"": ""clustering"", ""predicted_value"": ""Full Plan Check"", ""confidence"": 0.4, ""prediction_source"": ""cluster_majority"", ""passes_threshold"": true, ""candidate_status"": ""Accepted"", ""rejection_reason"": null, ""validation_record_status"": ""valid""}, {""row_index"": 7, ""target_field"": ""sub_type"", ""algorithm"": ""knn"", ""predicted_value"": ""In House Plan Check"", ""confidence"": 1.0, ""prediction_source"": ""nearest_neighbors"", ""passes_threshold"": true, ""candidate_status"": ""Accepted"", ""rejection_reason"": null, ""validation_record_status"": ""valid""}]",
9,sub_type,In House Plan Check,1,Over The Counter,0.7375,Accepted,unanimous_vote,association_rules,"[""association_rules"", ""clustering"", ""grouped_majority"", ""knn""]",4,4,4,4,0.0,valid,True,"[{""row_index"": 9, ""target_field"": ""sub_type"", ""algorithm"": ""grouped_majority"", ""predicted_value"": ""Over The Counter"", ""confidence"": 0.5, ""prediction_source"": ""group_majority"", ""passes_threshold"": true, ""candidate_status"": ""Accepted"", ""rejection_reason"": null, ""validation_record_status"": ""valid""}, {""row_index"": 9, ""target_field"": ""sub_type"", ""algorithm"": ""association_rules"", ""predicted_value"": ""Over The Counter"", ""confidence"": 0.8999999999999999, ""prediction_source"": ""matched_rules"", ""passes_threshold"": true, ""candidate_status"": ""Accepted"", ""rejection_reason"": null, ""validation_record_status"": ""valid""}, {""row_index"": 9, ""target_field"": ""sub_type"", ""algorithm"": ""clustering"", ""predicted_value"": ""Over The Counter"", ""confidence"": 0.75, ""prediction_source"": ""cluster_majority"", ""passes_threshold"": true, ""candidate_status"": ""Accepted"", ""rejection_reason"": null, ""validation_record_status"": ""valid""}, {""row_index"": 9, ""target_field"": ""sub_type"", ""algorithm"": ""knn"", ""predicted_value"": ""Over The Counter"", ""confidence"": 0.8, ""prediction_source"": ""nearest_neighbors"", ""passes_threshold"": true, ""candidate_status"": ""Accepted"", ""rejection_reason"": null, ""validation_record_status"": ""valid""}]",
11,sub_type,In House Plan Check,1,In House Plan Check,0.6666666666666666,Accepted,majority_vote,association_rules,"[""association_rules"", ""knn""]",2,4,4,4,0.0,valid,True,"[{""row_index"": 11, ""target_field"": ""sub_type"", ""algorithm"": ""grouped_majority"", ""predicted_value"": ""Over The Counter"", ""confidence"": 0.5, ""prediction_source"": ""group_majority"", ""passes_threshold"": true, ""candidate_status"": ""Accepted"", ""rejection_reason"": null, ""validation_record_status"": ""valid""}, {""row_index"": 11, ""target_field"": ""sub_type"", ""algorithm"": ""association_rules"", ""predicted_value"": ""In House Plan Check"", ""confidence"": 0.6666666666666666, ""prediction_source"": ""matched_rules"", ""passes_threshold"": true, ""candidate_status"": ""Accepted"", ""rejection_reason"": null, ""validation_record_status"": ""valid""}, {""row_index"": 11, ""target_field"": ""sub_type"", ""algorithm"": ""clustering"", ""predicted_value"": ""Full Plan Check"", ""confidence"": 0.4, ""prediction_source"": ""cluster_majority"", ""passes_threshold"": true, ""candidate_status"": ""Accepted"", ""rejection_reason"": null, ""validation_record_status"": ""valid""}, {""row_index"": 11, ""target_field"": ""sub_type"", ""algorithm"": ""knn"", ""predicted_value"": ""In House Plan Check"", ""confidence"": 0.6666666666666666, ""prediction_source"": ""nearest_neighbors"", ""passes_threshold"": true, ""candidate_status"": ""Accepted"", ""rejection_reason"": null, ""validation_record_status"": ""valid""}]",
16,sub_type,Over The Counter,1,Over The Counter,0.9375,Accepted,unanimous_vote,association_rules,"[""association_rules"", ""clustering"", ""grouped_majority"", ""knn""]",4,4,4,4,0.0,valid,True,"[{""row_index"": 16, ""target_field"": ""sub_type"", ""algorithm"": ""grouped_majority"", ""predicted_value"": ""Over The Counter"", ""confidence"": 1.0, ""prediction_source"": ""group_majority"", ""passes_threshold"": true, ""candidate_status"": ""Accepted"", ""rejection_reason"": null, ""validation_record_status"": ""valid""}, {""row_index"": 16, ""target_field"": ""sub_type"", ""algorithm"": ""association_rules"", ""predicted_value"": ""Over The Counter"", ""confidence"": 1.0, ""prediction_source"": ""matched_rules"", ""passes_threshold"": true, ""candidate_status"": ""Accepted"", ""rejection_reason"": null, ""validation_record_status"": ""valid""}, {""row_index"": 16, ""target_field"": ""sub_type"", ""algorithm"": ""clustering"", ""predicted_value"": ""Over The Counter"", ""confidence"": 0.75, ""prediction_source"": ""cluster_majority"", ""passes_threshold"": true, ""candidate_status"": ""Accepted"", ""rejection_reason"": null, ""validation_record_status"": ""valid""}, {""row_index"": 16, ""target_field"": ""sub_type"", ""algorithm"": ""knn"", ""predicted_value"": ""Over The Counter"", ""confidence"": 1.0, ""prediction_source"": ""nearest_neighbors"", ""passes_threshold"": true, ""candidate_status"": ""Accepted"", ""rejection_reason"": null, ""validation_record_status"": ""valid""}]",
17,sub_type,Over The Counter,1,Over The Counter,0.6560464596011252,Accepted,majority_vote,clustering,"[""clustering"", ""grouped_majority"", ""knn""]",3,4,4,4,0.0,valid,True,"[{""row_index"": 17, ""target_field"": ""sub_type"", ""algorithm"": ""grouped_majority"", ""predicted_value"": ""Over The Counter"", ""confidence"": 0.5, ""prediction_source"": ""group_majority"", ""passes_threshold"": true, ""candidate_status"": ""Accepted"", ""rejection_reason"": null, ""validation_record_status"": ""valid""}, {""row_index"": 17, ""target_field"": ""sub_type"", ""algorithm"": ""association_rules"", ""predicted_value"": ""Full Plan Check"", ""confidence"": 0.5, ""prediction_source"": ""matched_rules"", ""passes_threshold"": true, ""candidate_status"": ""Accepted"", ""rejection_reason"": null, ""validation_record_status"": ""valid""}, {""row_index"": 17, ""target_field"": ""sub_type"", ""algorithm"": ""clustering"", ""predicted_value"": ""Over The Counter"", ""confidence"": 0.8823529411764706, ""prediction_source"": ""cluster_majority"", ""passes_threshold"": true, ""candidate_status"": ""Accepted"", ""rejection_reason"": null, ""validation_record_status"": ""valid""}, {""row_index"": 17, ""target_field"": ""sub_type"", ""algorithm"": ""knn"", ""predicted_value"": ""Over The Counter"", ""confidence"": 0.585786437626905, ""prediction_source"": ""nearest_neighbors"", ""passes_threshold"": true, ""candidate_status"": ""Accepted"", ""rejection_reason"": null, ""validation_record_status"": ""valid""}]",
18,sub_type,Over The Counter,1,Over The Counter,0.7274509803921569,Accepted,majority_vote,clustering,"[""clustering"", ""grouped_majority"", ""knn""]",3,4,4,4,0.0,valid,True,"[{""row_index"": 18, ""target_field"": ""sub_type"", ""algorithm"": ""grouped_majority"", ""predicted_value"": ""Over The Counter"", ""confidence"": 0.5, ""prediction_source"": ""group_majority"", ""passes_threshold"": true, ""candidate_status"": ""Accepted"", ""rejection_reason"": null, ""validation_record_status"": ""valid""}, {""row_index"": 18, ""target_field"": ""sub_type"", ""algorithm"": ""association_rules"", ""predicted_value"": ""In House Plan Check"", ""confidence"": 0.6666666666666666, ""prediction_source"": ""matched_rules"", ""passes_threshold"": true, ""candidate_status"": ""Accepted"", ""rejection_reason"": null, ""validation_record_status"": ""valid""}, {""row_index"": 18, ""target_field"": ""sub_type"", ""algorithm"": ""clustering"", ""predicted_value"": ""Over The Counter"", ""confidence"": 0.8823529411764706, ""prediction_source"": ""cluster_majority"", ""passes_threshold"": true, ""candidate_status"": ""Accepted"", ""rejection_reason"": null, ""validation_record_status"": ""valid""}, {""row_index"": 18, ""target_field"": ""sub_type"", ""algorithm"": ""knn"", ""predicted_value"": ""Over The Counter"", ""confidence"": 0.8, ""prediction_source"": ""nearest_neighbors"", ""passes_threshold"": true, ""candidate_status"": ""Accepted"", ""rejection_reason"": null, ""validation_record_status"": ""valid""}]",
23,sub_type,Over The Counter,1,Over The Counter,0.7041666666666666,Accepted,unanimous_vote,association_rules,"[""association_rules"", ""clustering"", ""grouped_majority"", ""knn""]",4,4,4,4,0.0,valid,True,"[{""row_index"": 23, ""target_field"": ""sub_type"", ""algorithm"": ""grouped_majority"", ""predicted_value"": ""Over The Counter"", ""confidence"": 0.5, ""prediction_source"": ""group_majority"", ""passes_threshold"": true, ""candidate_status"": ""Accepted"", ""rejection_reason"": null, ""validation_record_status"": ""valid""}, {""row_index"": 23, ""target_field"": ""sub_type"", ""algorithm"": ""association_rules"", ""predicted_value"": ""Over The Counter"", ""confidence"": 0.8999999999999999, ""prediction_source"": ""matched_rules"", ""passes_threshold"": true, ""candidate_status"": ""Accepted"", ""rejection_reason"": null, ""validation_record_status"": ""valid""}, {""row_index"": 23, ""target_field"": ""sub_type"", ""algorithm"": ""clustering"", ""predicted_value"": ""Over The Counter"", ""confidence"": 0.75, ""prediction_source"": ""cluster_majority"", ""passes_threshold"": true, ""candidate_status"": ""Accepted"", ""rejection_reason"": null, ""validation_record_status"": ""valid""}, {""row_index"": 23, ""target_field"": ""sub_type"", ""algorithm"": ""knn"", ""predicted_value"": ""Over The Counter"", ""confidence"": 0.6666666666666666, ""prediction_source"": ""nearest_neighbors"", ""passes_threshold"": true, ""candidate_status"": ""Accepted"", ""rejection_reason"": null, ""validation_record_status"": ""valid""}]",
30,sub_type,Over The Counter,1,Over The Counter,0.8455882352941176,Accepted,unanimous_vote,association_rules,"[""association_rules"", ""clustering"", ""grouped_majority"", ""knn""]",4,4,4,4,0.0,valid,True,"[{""row_index"": 30, ""target_field"": ""sub_type"", ""algorithm"": ""grouped_majority"", ""predicted_value"": ""Over The Counter"", ""confidence"": 0.5, ""prediction_source"": ""group_majority"", ""passes_threshold"": true, ""candidate_status"": ""Accepted"", ""rejection_reason"": null, ""validation_record_status"": ""valid""}, {""row_index"": 30, ""target_field"": ""sub_type"", ""algorithm"": ""association_rules"", ""predicted_value"": ""Over The Counter"", ""confidence"": 1.0, ""prediction_source"": ""matched_rules"", ""passes_threshold"": true, ""candidate_status"": ""Accepted"", ""rejection_reason"": null, ""validation_record_status"": ""valid""}, {""row_index"": 30, ""target_field"": ""sub_type"", ""algorithm"": ""clustering"", ""predicted_value"": ""Over The Counter"", ""confidence"": 0.8823529411764706, ""prediction_source"": ""cluster_majority"", ""passes_threshold"": true, ""candidate_status"": ""Accepted"", ""rejection_reason"": null, ""validation_record_status"": ""valid""}, {""row_index"": 30, ""target_field"": ""sub_type"", ""algorithm"": ""knn"", ""predicted_value"": ""Over The Counter"", ""confidence"": 1.0, ""prediction_source"": ""nearest_neighbors"", ""passes_threshold"": true, ""candidate_status"": ""Accepted"", ""rejection_reason"": null, ""validation_record_status"": ""valid""}]",
33,sub_type,Over The Counter,1,Over The Counter,0.7955882352941177,Accepted,unanimous_vote,association_rules,"[""association_rules"", ""clustering"", ""grouped_majority"", ""knn""]",4,4,4,4,0.0,valid,True,"[{""row_index"": 33, ""target_field"": ""sub_type"", ""algorithm"": ""grouped_majority"", ""predicted_value"": ""Over The Counter"", ""confidence"": 0.5, ""prediction_source"": ""group_majority"", ""passes_threshold"": true, ""candidate_status"": ""Accepted"", ""rejection_reason"": null, ""validation_record_status"": ""valid""}, {""row_index"": 33, ""target_field"": ""sub_type"", ""algorithm"": ""association_rules"", ""predicted_value"": ""Over The Counter"", ""confidence"": 1.0, ""prediction_source"": ""matched_rules"", ""passes_threshold"": true, ""candidate_status"": ""Accepted"", ""rejection_reason"": null, ""validation_record_status"": ""valid""}, {""row_index"": 33, ""target_field"": ""sub_type"", ""algorithm"": ""clustering"", ""predicted_value"": ""Over The Counter"", ""confidence"": 0.8823529411764706, ""prediction_source"": ""cluster_majority"", ""passes_threshold"": true, ""candidate_status"": ""Accepted"", ""rejection_reason"": null, ""validation_record_status"": ""valid""}, {""row_index"": 33, ""target_field"": ""sub_type"", ""algorithm"": ""knn"", ""predicted_value"": ""Over The Counter"", ""confidence"": 0.8, ""prediction_source"": ""nearest_neighbors"", ""passes_threshold"": true, ""candidate_status"": ""Accepted"", ""rejection_reason"": null, ""validation_record_status"": ""valid""}]",
34,sub_type,Over The Counter,1,Over The Counter,0.7041666666666666,Accepted,unanimous_vote,association_rules,"[""association_rules"", ""clustering"", ""grouped_majority"", ""knn""]",4,4,4,4,0.0,valid,True,"[{""row_index"": 34, ""target_field"": ""sub_type"", ""algorithm"": ""grouped_majority"", ""predicted_value"": ""Over The Counter"", ""confidence"": 0.5, ""prediction_source"": ""group_majority"", ""passes_threshold"": true, ""candidate_status"": ""Accepted"", ""rejection_reason"": null, ""validation_record_status"": ""valid""}, {""row_index"": 34, ""target_field"": ""sub_type"", ""algorithm"": ""association_rules"", ""predicted_value"": ""Over The Counter"", ""confidence"": 0.8999999999999999, ""prediction_source"": ""matched_rules"", ""passes_threshold"": true, ""candidate_status"": ""Accepted"", ""rejection_reason"": null, ""validation_record_status"": ""valid""}, {""row_index"": 34, ""target_field"": ""sub_type"", ""algorithm"": ""clustering"", ""predicted_value"": ""Over The Counter"", ""confidence"": 0.75, ""prediction_source"": ""cluster_majority"", ""passes_threshold"": true, ""candidate_status"": ""Accepted"", ""rejection_reason"": null, ""validation_record_status"": ""valid""}, {""row_index"": 34, ""target_field"": ""sub_type"", ""algorithm"": ""knn"", ""predicted_value"": ""Over The Counter"", ""confidence"": 0.6666666666666666, ""prediction_source"": ""nearest_neighbors"", ""passes_threshold"": true, ""candidate_status"": ""Accepted"", ""rejection_reason"": null, ""validation_record_status"": ""valid""}]",
39,sub_type,Over The Counter,1,Over The Counter,0.7295489806110692,Accepted,unanimous_vote,association_rules,"[""association_rules"", ""clustering"", ""grouped_majority"", ""knn""]",4,4,4,4,0.0,valid,True,"[{""row_index"": 39, ""target_field"": ""sub_type"", ""algorithm"": ""grouped_majority"", ""predicted_value"": ""Over The Counter"", ""confidence"": 0.5, ""prediction_source"": ""group_majority"", ""passes_threshold"": true, ""candidate_status"": ""Accepted"", ""rejection_reason"": null, ""validation_record_status"": ""valid""}, {""row_index"": 39, ""target_field"": ""sub_type"", ""algorithm"": ""association_rules"", ""predicted_value"": ""Over The Counter"", ""confidence"": 0.8947368421052632, ""prediction_source"": ""matched_rules"", ""passes_threshold"": true, ""candidate_status"": ""Accepted"", ""rejection_reason"": null, ""validation_record_status"": ""valid""}, {""row_index"": 39, ""target_field"": ""sub_type"", ""algorithm"": ""clustering"", ""predicted_value"": ""Over The Counter"", ""confidence"": 0.75, ""prediction_source"": ""cluster_majority"", ""passes_threshold"": true, ""candidate_status"": ""Accepted"", ""rejection_reason"": null, ""validation_record_status"": ""valid""}, {""row_index"": 39, ""target_field"": ""sub_type"", ""algorithm"": ""knn"", ""predicted_value"": ""Over The Counter"", ""confidence"": 0.7734590803390136, ""prediction_source"": ""nearest_neighbors"", ""passes_threshold"": true, ""candidate_status"": ""Accepted"", ""rejection_reason"": null, ""validation_record_status"": ""valid""}]",
41,sub_type,In House Plan Check,1,Residential Building Report,0.7034965034965035,Accepted,majority_vote,association_rules,"[""association_rules"", ""clustering"", ""knn""]",3,4,4,4,0.0,valid,True,"[{""row_index"": 41, ""target_field"": ""sub_type"", ""algorithm"": ""grouped_majority"", ""predicted_value"": ""Over The Counter"", ""confidence"": 1.0, ""prediction_source"": ""group_majority"", ""passes_threshold"": true, ""candidate_status"": ""Accepted"", ""rejection_reason"": null, ""validation_record_status"": ""valid""}, {""row_index"": 41, ""target_field"": ""sub_type"", ""algorithm"": ""association_rules"", ""predicted_value"": ""Residential Building Report"", ""confidence"": 0.8181818181818181, ""prediction_source"": ""matched_rules"", ""passes_threshold"": true, ""candidate_status"": ""Accepted"", ""rejection_reason"": null, ""validation_record_status"": ""valid""}, {""row_index"": 41, ""target_field"": ""sub_type"", ""algorithm"": ""clustering"", ""predicted_value"": ""Residential Building Report"", ""confidence"": 0.6923076923076923, ""prediction_source"": ""cluster_majority"", ""passes_threshold"": true, ""candidate_status"": ""Accepted"", ""rejection_reason"": null, ""validation_record_status"": ""valid""}, {""row_index"": 41, ""target_field"": ""sub_type"", ""algorithm"": ""knn"", ""predicted_value"": ""Residential Building Report"", ""confidence"": 0.6, ""prediction_source"": ""nearest_neighbors"", ""passes_threshold"": true, ""candidate_status"": ""Accepted"", ""rejection_reason"": null, ""validation_record_status"": ""valid""}]",
43,sub_type,Over The Counter,1,Over The Counter,0.9705882352941176,Accepted,unanimous_vote,association_rules,"[""association_rules"", ""clustering"", ""grouped_majority"", ""knn""]",4,4,4,4,0.0,valid,True,"[{""row_index"": 43, ""target_field"": ""sub_type"", ""algorithm"": ""grouped_majority"", ""predicted_value"": ""Over The Counter"", ""confidence"": 1.0, ""prediction_source"": ""group_majority"", ""passes_threshold"": true, ""candidate_status"": ""Accepted"", ""rejection_reason"": null, ""validation_record_status"": ""valid""}, {""row_index"": 43, ""target_field"": ""sub_type"", ""algorithm"": ""association_rules"", ""predicted_value"": ""Over The Counter"", ""confidence"": 1.0, ""prediction_source"": ""matched_rules"", ""passes_threshold"": true, ""candidate_status"": ""Accepted"", ""rejection_reason"": null, ""validation_record_status"": ""valid""}, {""row_index"": 43, ""target_field"": ""sub_type"", ""algorithm"": ""clustering"", ""predicted_value"": ""Over The Counter"", ""confidence"": 0.8823529411764706, ""prediction_source"": ""cluster_majority"", ""passes_threshold"": true, ""candidate_status"": ""Accepted"", ""rejection_reason"": null, ""validation_record_status"": ""valid""}, {""row_index"": 43, ""target_field"": ""sub_type"", ""algorithm"": ""knn"", ""predicted_value"": ""Over The Counter"", ""confidence"": 1.0, ""prediction_source"": ""nearest_neighbors"", ""passes_threshold"": true, ""candidate_status"": ""Accepted"", ""rejection_reason"": null, ""validation_record_status"": ""valid""}]",
45,sub_type,Over The Counter,1,Over The Counter,1.0,Accepted,unanimous_vote,association_rules,"[""association_rules"", ""clustering"", ""grouped_majority"", ""knn""]",4,4,4,4,0.0,valid,True,"[{""row_index"": 45, ""target_field"": ""sub_type"", ""algorithm"": ""grouped_majority"", ""predicted_value"": ""Over The Counter"", ""confidence"": 1.0, ""prediction_source"": ""group_majority"", ""passes_threshold"": true, ""candidate_status"": ""Accepted"", ""rejection_reason"": null, ""validation_record_status"": ""valid""}, {""row_index"": 45, ""target_field"": ""sub_type"", ""algorithm"": ""association_rules"", ""predicted_value"": ""Over The Counter"", ""confidence"": 1.0, ""prediction_source"": ""matched_rules"", ""passes_threshold"": true, ""candidate_status"": ""Accepted"", ""rejection_reason"": null, ""validation_record_status"": ""valid""}, {""row_index"": 45, ""target_field"": ""sub_type"", ""algorithm"": ""clustering"", ""predicted_value"": ""Over The Counter"", ""confidence"": 1.0, ""prediction_source"": ""cluster_majority"", ""passes_threshold"": true, ""candidate_status"": ""Accepted"", ""rejection_reason"": null, ""validation_record_status"": ""valid""}, {""row_index"": 45, ""target_field"": ""sub_type"", ""algorithm"": ""knn"", ""predicted_value"": ""Over The Counter"", ""confidence"": 1.0, ""prediction_source"": ""nearest_neighbors"", ""passes_threshold"": true, ""candidate_status"": ""Accepted"", ""rejection_reason"": null, ""validation_record_status"": ""valid""}]",
46,sub_type,Over The Counter,1,Over The Counter,0.9705882352941176,Accepted,unanimous_vote,association_rules,"[""association_rules"", ""clustering"", ""grouped_majority"", ""knn""]",4,4,4,4,0.0,valid,True,"[{""row_index"": 46, ""target_field"": ""sub_type"", ""algorithm"": ""grouped_majority"", ""predicted_value"": ""Over The Counter"", ""confidence"": 1.0, ""prediction_source"": ""group_majority"", ""passes_threshold"": true, ""candidate_status"": ""Accepted"", ""rejection_reason"": null, ""validation_record_status"": ""valid""}, {""row_index"": 46, ""target_field"": ""sub_type"", ""algorithm"": ""association_rules"", ""predicted_value"": ""Over The Counter"", ""confidence"": 1.0, ""prediction_source"": ""matched_rules"", ""passes_threshold"": true, ""candidate_status"": ""Accepted"", ""rejection_reason"": null, ""validation_record_status"": ""valid""}, {""row_index"": 46, ""target_field"": ""sub_type"", ""algorithm"": ""clustering"", ""predicted_value"": ""Over The Counter"", ""confidence"": 0.8823529411764706, ""prediction_source"": ""cluster_majority"", ""passes_threshold"": true, ""candidate_status"": ""Accepted"", ""rejection_reason"": null, ""validation_record_status"": ""valid""}, {""row_index"": 46, ""target_field"": ""sub_type"", ""algorithm"": ""knn"", ""predicted_value"": ""Over The Counter"", ""confidence"": 1.0, ""prediction_source"": ""nearest_neighbors"", ""passes_threshold"": true, ""candidate_status"": ""Accepted"", ""rejection_reason"": null, ""validation_record_status"": ""valid""}]",
49,sub_type,Over The Counter,1,Over The Counter,0.9607843137254902,Accepted,majority_vote,grouped_majority,"[""clustering"", ""grouped_majority"", ""knn""]",3,4,4,4,0.0,valid,True,"[{""row_index"": 49, ""target_field"": ""sub_type"", ""algorithm"": ""grouped_majority"", ""predicted_value"": ""Over The Counter"", ""confidence"": 1.0, ""prediction_source"": ""group_majority"", ""passes_threshold"": true, ""candidate_status"": ""Accepted"", ""rejection_reason"": null, ""validation_record_status"": ""valid""}, {""row_index"": 49, ""target_field"": ""sub_type"", ""algorithm"": ""association_rules"", ""predicted_value"": ""Full Plan Check"", ""confidence"": 1.0, ""prediction_source"": ""matched_rules"", ""passes_threshold"": true, ""candidate_status"": ""Accepted"", ""rejection_reason"": null, ""validation_record_status"": ""valid""}, {""row_index"": 49, ""target_field"": ""sub_type"", ""algorithm"": ""clustering"", ""predicted_value"": ""Over The Counter"", ""confidence"": 0.8823529411764706, ""prediction_source"": ""cluster_majority"", ""passes_threshold"": true, ""candidate_status"": ""Accepted"", ""rejection_reason"": null, ""validation_record_status"": ""valid""}, {""row_index"": 49, ""target_field"": ""sub_type"", ""algorithm"": ""knn"", ""predicted_value"": ""Over The Counter"", ""confidence"": 1.0, ""prediction_source"": ""nearest_neighbors"", ""passes_threshold"": true, ""candidate_status"": ""Accepted"", ""rejection_reason"": null, ""validation_record_status"": ""valid""}]",
53,sub_type,Over The Counter,1,Over The Counter,1.0,Accepted,majority_vote,clustering,"[""clustering"", ""grouped_majority"", ""knn""]",3,4,4,4,0.0,valid,True,"[{""row_index"": 53, ""target_field"": ""sub_type"", ""algorithm"": ""grouped_majority"", ""predicted_value"": ""Over The Counter"", ""confidence"": 1.0, ""prediction_source"": ""group_majority"", ""passes_threshold"": true, ""candidate_status"": ""Accepted"", ""rejection_reason"": null, ""validation_record_status"": ""valid""}, {""row_index"": 53, ""target_field"": ""sub_type"", ""algorithm"": ""association_rules"", ""predicted_value"": ""Full Plan Check"", ""confidence"": 0.5, ""prediction_source"": ""matched_rules"", ""passes_threshold"": true, ""candidate_status"": ""Accepted"", ""rejection_reason"": null, ""validation_record_status"": ""valid""}, {""row_index"": 53, ""target_field"": ""sub_type"", ""algorithm"": ""clustering"", ""predicted_value"": ""Over The Counter"", ""confidence"": 1.0, ""prediction_source"": ""cluster_majority"", ""passes_threshold"": true, ""candidate_status"": ""Accepted"", ""rejection_reason"": null, ""validation_record_status"": ""valid""}, {""row_index"": 53, ""target_field"": ""sub_type"", ""algorithm"": ""knn"", ""predicted_value"": ""Over The Counter"", ""confidence"": 1.0, ""prediction_source"": ""nearest_neighbors"", ""passes_threshold"": true, ""candidate_status"": ""Accepted"", ""rejection_reason"": null, ""validation_record_status"": ""valid""}]",
55,sub_type,Over The Counter,1,Over The Counter,1.0,Accepted,majority_vote,clustering,"[""clustering"", ""grouped_majority"", ""knn""]",3,4,4,4,0.0,valid,True,"[{""row_index"": 55, ""target_field"": ""sub_type"", ""algorithm"": ""grouped_majority"", ""predicted_value"": ""Over The Counter"", ""confidence"": 1.0, ""prediction_source"": ""group_majority"", ""passes_threshold"": true, ""candidate_status"": ""Accepted"", ""rejection_reason"": null, ""validation_record_status"": ""valid""}, {""row_index"": 55, ""target_field"": ""sub_type"", ""algorithm"": ""association_rules"", ""predicted_value"": ""Full Plan Check"", ""confidence"": 1.0, ""prediction_source"": ""matched_rules"", ""passes_threshold"": true, ""candidate_status"": ""Accepted"", ""rejection_reason"": null, ""validation_record_status"": ""valid""}, {""row_index"": 55, ""target_field"": ""sub_type"", ""algorithm"": ""clustering"", ""predicted_value"": ""Over The Counter"", ""confidence"": 1.0, ""prediction_source"": ""cluster_majority"", ""passes_threshold"": true, ""candidate_status"": ""Accepted"", ""rejection_reason"": null, ""validation_record_status"": ""valid""}, {""row_index"": 55, ""target_field"": ""sub_type"", ""algorithm"": ""knn"", ""predicted_value"": ""Over The Counter"", ""confidence"": 1.0, ""prediction_source"": ""nearest_neighbors"", ""passes_threshold"": true, ""candidate_status"": ""Accepted"", ""rejection_reason"": null, ""validation_record_status"": ""valid""}]",
57,sub_type,Over The Counter,1,Over The Counter,1.0,Accepted,unanimous_vote,association_rules,"[""association_rules"", ""clustering"", ""grouped_majority"", ""knn""]",4,4,4,4,0.0,valid,True,"[{""row_index"": 57, ""target_field"": ""sub_type"", ""algorithm"": ""grouped_majority"", ""predicted_value"": ""Over The Counter"", ""confidence"": 1.0, ""prediction_source"": ""group_majority"", ""passes_threshold"": true, ""candidate_status"": ""Accepted"", ""rejection_reason"": null, ""validation_record_status"": ""valid""}, {""row_index"": 57, ""target_field"": ""sub_type"", ""algorithm"": ""association_rules"", ""predicted_value"": ""Over The Counter"", ""confidence"": 1.0, ""prediction_source"": ""matched_rules"", ""passes_threshold"": true, ""candidate_status"": ""Accepted"", ""rejection_reason"": null, ""validation_record_status"": ""valid""}, {""row_index"": 57, ""target_field"": ""sub_type"", ""algorithm"": ""clustering"", ""predicted_value"": ""Over The Counter"", ""confidence"": 1.0, ""prediction_source"": ""cluster_majority"", ""passes_threshold"": true, ""candidate_status"": ""Accepted"", ""rejection_reason"": null, ""validation_record_status"": ""valid""}, {""row_index"": 57, ""target_field"": ""sub_type"", ""algorithm"": ""knn"", ""predicted_value"": ""Over The Counter"", ""confidence"": 1.0, ""prediction_source"": ""nearest_neighbors"", ""passes_threshold"": true, ""candidate_status"": ""Accepted"", ""rejection_reason"": null, ""validation_record_status"": ""valid""}]",
58,sub_type,Over The Counter,1,Over The Counter,0.9705882352941176,Accepted,unanimous_vote,association_rules,"[""association_rules"", ""clustering"", ""grouped_majority"", ""knn""]",4,4,4,4,0.0,valid,True,"[{""row_index"": 58, ""target_field"": ""sub_type"", ""algorithm"": ""grouped_majority"", ""predicted_value"": ""Over The Counter"", ""confidence"": 1.0, ""prediction_source"": ""group_majority"", ""passes_threshold"": true, ""candidate_status"": ""Accepted"", ""rejection_reason"": null, ""validation_record_status"": ""valid""}, {""row_index"": 58, ""target_field"": ""sub_type"", ""algorithm"": ""association_rules"", ""predicted_value"": ""Over The Counter"", ""confidence"": 1.0, ""prediction_source"": ""matched_rules"", ""passes_threshold"": true, ""candidate_status"": ""Accepted"", ""rejection_reason"": null, ""validation_record_status"": ""valid""}, {""row_index"": 58, ""target_field"": ""sub_type"", ""algorithm"": ""clustering"", ""predicted_value"": ""Over The Counter"", ""confidence"": 0.8823529411764706, ""prediction_source"": ""cluster_majority"", ""passes_threshold"": true, ""candidate_status"": ""Accepted"", ""rejection_reason"": null, ""validation_record_status"": ""valid""}, {""row_index"": 58, ""target_field"": ""sub_type"", ""algorithm"": ""knn"", ""predicted_value"": ""Over The Counter"", ""confidence"": 1.0, ""prediction_source"": ""nearest_neighbors"", ""passes_threshold"": true, ""candidate_status"": ""Accepted"", ""rejection_reason"": null, ""validation_record_status"": ""valid""}]",
62,sub_type,Over The Counter,1,Over The Counter,0.9607843137254902,Accepted,majority_vote,grouped_majority,"[""clustering"", ""grouped_majority"", ""knn""]",3,4,4,4,0.0,valid,True,"[{""row_index"": 62, ""target_field"": ""sub_type"", ""algorithm"": ""grouped_majority"", ""predicted_value"": ""Over The Counter"", ""confidence"": 1.0, ""prediction_source"": ""group_majority"", ""passes_threshold"": true, ""candidate_status"": ""Accepted"", ""rejection_reason"": null, ""validation_record_status"": ""valid""}, {""row_index"": 62, ""target_field"": ""sub_type"", ""algorithm"": ""association_rules"", ""predicted_value"": ""Residential Building Report"", ""confidence"": 0.75, ""prediction_source"": ""matched_rules"", ""passes_threshold"": true, ""candidate_status"": ""Accepted"", ""rejection_reason"": null, ""validation_record_status"": ""valid""}, {""row_index"": 62, ""target_field"": ""sub_type"", ""algorithm"": ""clustering"", ""predicted_value"": ""Over The Counter"", ""confidence"": 0.8823529411764706, ""prediction_source"": ""cluster_majority"", ""passes_threshold"": true, ""candidate_status"": ""Accepted"", ""rejection_reason"": null, ""validation_record_status"": ""valid""}, {""row_index"": 62, ""target_field"": ""sub_type"", ""algorithm"": ""knn"", ""predicted_value"": ""Over The Counter"", ""confidence"": 1.0, ""prediction_source"": ""nearest_neighbors"", ""passes_threshold"": true, ""candidate_status"": ""Accepted"", ""rejection_reason"": null, ""validation_record_status"": ""valid""}]",
63,sub_type,Over The Counter,1,Over The Counter,1.0,Accepted,unanimous_vote,association_rules,"[""association_rules"", ""clustering"", ""grouped_majority"", ""knn""]",4,4,4,4,0.0,valid,True,"[{""row_index"": 63, ""target_field"": ""sub_type"", ""algorithm"": ""grouped_majority"", ""predicted_value"": ""Over The Counter"", ""confidence"": 1.0, ""prediction_source"": ""group_majority"", ""passes_threshold"": true, ""candidate_status"": ""Accepted"", ""rejection_reason"": null, ""validation_record_status"": ""valid""}, {""row_index"": 63, ""target_field"": ""sub_type"", ""algorithm"": ""association_rules"", ""predicted_value"": ""Over The Counter"", ""confidence"": 1.0, ""prediction_source"": ""matched_rules"", ""passes_threshold"": true, ""candidate_status"": ""Accepted"", ""rejection_reason"": null, ""validation_record_status"": ""valid""}, {""row_index"": 63, ""target_field"": ""sub_type"", ""algorithm"": ""clustering"", ""predicted_value"": ""Over The Counter"", ""confidence"": 1.0, ""prediction_source"": ""cluster_majority"", ""passes_threshold"": true, ""candidate_status"": ""Accepted"", ""rejection_reason"": null, ""validation_record_status"": ""valid""}, {""row_index"": 63, ""target_field"": ""sub_type"", ""algorithm"": ""knn"", ""predicted_value"": ""Over The Counter"", ""confidence"": 1.0, ""prediction_source"": ""nearest_neighbors"", ""passes_threshold"": true, ""candidate_status"": ""Accepted"", ""rejection_reason"": null, ""validation_record_status"": ""valid""}]",
65,sub_type,Over The Counter,1,Over The Counter,1.0,Accepted,unanimous_vote,association_rules,"[""association_rules"", ""clustering"", ""grouped_majority"", ""knn""]",4,4,4,4,0.0,valid,True,"[{""row_index"": 65, ""target_field"": ""sub_type"", ""algorithm"": ""grouped_majority"", ""predicted_value"": ""Over The Counter"", ""confidence"": 1.0, ""prediction_source"": ""group_majority"", ""passes_threshold"": true, ""candidate_status"": ""Accepted"", ""rejection_reason"": null, ""validation_record_status"": ""valid""}, {""row_index"": 65, ""target_field"": ""sub_type"", ""algorithm"": ""association_rules"", ""predicted_value"": ""Over The Counter"", ""confidence"": 1.0, ""prediction_source"": ""matched_rules"", ""passes_threshold"": true, ""candidate_status"": ""Accepted"", ""rejection_reason"": null, ""validation_record_status"": ""valid""}, {""row_index"": 65, ""target_field"": ""sub_type"", ""algorithm"": ""clustering"", ""predicted_value"": ""Over The Counter"", ""confidence"": 1.0, ""prediction_source"": ""cluster_majority"", ""passes_threshold"": true, ""candidate_status"": ""Accepted"", ""rejection_reason"": null, ""validation_record_status"": ""valid""}, {""row_index"": 65, ""target_field"": ""sub_type"", ""algorithm"": ""knn"", ""predicted_value"": ""Over The Counter"", ""confidence"": 1.0, ""prediction_source"": ""nearest_neighbors"", ""passes_threshold"": true, ""candidate_status"": ""Accepted"", ""rejection_reason"": null, ""validation_record_status"": ""valid""}]",
66,sub_type,Over The Counter,1,Over The Counter,0.9705882352941176,Accepted,unanimous_vote,association_rules,"[""association_rules"", ""clustering"", ""grouped_majority"", ""knn""]",4,4,4,4,0.0,valid,True,"[{""row_index"": 66, ""target_field"": ""sub_type"", ""algorithm"": ""grouped_majority"", ""predicted_value"": ""Over The Counter"", ""confidence"": 1.0, ""prediction_source"": ""group_majority"", ""passes_threshold"": true, ""candidate_status"": ""Accepted"", ""rejection_reason"": null, ""validation_record_status"": ""valid""}, {""row_index"": 66, ""target_field"": ""sub_type"", ""algorithm"": ""association_rules"", ""predicted_value"": ""Over The Counter"", ""confidence"": 1.0, ""prediction_source"": ""matched_rules"", ""passes_threshold"": true, ""candidate_status"": ""Accepted"", ""rejection_reason"": null, ""validation_record_status"": ""valid""}, {""row_index"": 66, ""target_field"": ""sub_type"", ""algorithm"": ""clustering"", ""predicted_value"": ""Over The Counter"", ""confidence"": 0.8823529411764706, ""prediction_source"": ""cluster_majority"", ""passes_threshold"": true, ""candidate_status"": ""Accepted"", ""rejection_reason"": null, ""validation_record_status"": ""valid""}, {""row_index"": 66, ""target_field"": ""sub_type"", ""algorithm"": ""knn"", ""predicted_value"": ""Over The Counter"", ""confidence"": 1.0, ""prediction_source"": ""nearest_neighbors"", ""passes_threshold"": true, ""candidate_status"": ""Accepted"", ""rejection_reason"": null, ""validation_record_status"": ""valid""}]",
69,sub_type,Over The Counter,1,Over The Counter,1.0,Accepted,majority_vote,clustering,"[""clustering"", ""grouped_majority"", ""knn""]",3,4,4,4,0.0,valid,True,"[{""row_index"": 69, ""target_field"": ""sub_type"", ""algorithm"": ""grouped_majority"", ""predicted_value"": ""Over The Counter"", ""confidence"": 1.0, ""prediction_source"": ""group_majority"", ""passes_threshold"": true, ""candidate_status"": ""Accepted"", ""rejection_reason"": null, ""validation_record_status"": ""valid""}, {""row_index"": 69, ""target_field"": ""sub_type"", ""algorithm"": ""association_rules"", ""predicted_value"": ""In House Plan Check"", ""confidence"": 0.5, ""prediction_source"": ""matched_rules"", ""passes_threshold"": true, ""candidate_status"": ""Accepted"", ""rejection_reason"": null, ""validation_record_status"": ""valid""}, {""row_index"": 69, ""target_field"": ""sub_type"", ""algorithm"": ""clustering"", ""predicted_value"": ""Over The Counter"", ""confidence"": 1.0, ""prediction_source"": ""cluster_majority"", ""passes_threshold"": true, ""candidate_status"": ""Accepted"", ""rejection_reason"": null, ""validation_record_status"": ""valid""}, {""row_index"": 69, ""target_field"": ""sub_type"", ""algorithm"": ""knn"", ""predicted_value"": ""Over The Counter"", ""confidence"": 1.0, ""prediction_source"": ""nearest_neighbors"", ""passes_threshold"": true, ""candidate_status"": ""Accepted"", ""rejection_reason"": null, ""validation_record_status"": ""valid""}]",
70,sub_type,Over The Counter,1,Over The Counter,0.9607843137254902,Accepted,majority_vote,grouped_majority,"[""clustering"", ""grouped_majority"", ""knn""]",3,4,4,4,0.0,valid,True,"[{""row_index"": 70, ""target_field"": ""sub_type"", ""algorithm"": ""grouped_majority"", ""predicted_value"": ""Over The Counter"", ""confidence"": 1.0, ""prediction_source"": ""group_majority"", ""passes_threshold"": true, ""candidate_status"": ""Accepted"", ""rejection_reason"": null, ""validation_record_status"": ""valid""}, {""row_index"": 70, ""target_field"": ""sub_type"", ""algorithm"": ""association_rules"", ""predicted_value"": ""Residential Building Report"", ""confidence"": 0.75, ""prediction_source"": ""matched_rules"", ""passes_threshold"": true, ""candidate_status"": ""Accepted"", ""rejection_reason"": null, ""validation_record_status"": ""valid""}, {""row_index"": 70, ""target_field"": ""sub_type"", ""algorithm"": ""clustering"", ""predicted_value"": ""Over The Counter"", ""confidence"": 0.8823529411764706, ""prediction_source"": ""cluster_majority"", ""passes_threshold"": true, ""candidate_status"": ""Accepted"", ""rejection_reason"": null, ""validation_record_status"": ""valid""}, {""row_index"": 70, ""target_field"": ""sub_type"", ""algorithm"": ""knn"", ""predicted_value"": ""Over The Counter"", ""confidence"": 1.0, ""prediction_source"": ""nearest_neighbors"", ""passes_threshold"": true, ""candidate_status"": ""Accepted"", ""rejection_reason"": null, ""validation_record_status"": ""valid""}]",
75,sub_type,Over The Counter,1,Over The Counter,1.0,Accepted,unanimous_vote,association_rules,"[""association_rules"", ""clustering"", ""grouped_majority"", ""knn""]",4,4,4,4,0.0,valid,True,"[{""row_index"": 75, ""target_field"": ""sub_type"", ""algorithm"": ""grouped_majority"", ""predicted_value"": ""Over The Counter"", ""confidence"": 1.0, ""prediction_source"": ""group_majority"", ""passes_threshold"": true, ""candidate_status"": ""Accepted"", ""rejection_reason"": null, ""validation_record_status"": ""valid""}, {""row_index"": 75, ""target_field"": ""sub_type"", ""algorithm"": ""association_rules"", ""predicted_value"": ""Over The Counter"", ""confidence"": 1.0, ""prediction_source"": ""matched_rules"", ""passes_threshold"": true, ""candidate_status"": ""Accepted"", ""rejection_reason"": null, ""validation_record_status"": ""valid""}, {""row_index"": 75, ""target_field"": ""sub_type"", ""algorithm"": ""clustering"", ""predicted_value"": ""Over The Counter"", ""confidence"": 1.0, ""prediction_source"": ""cluster_majority"", ""passes_threshold"": true, ""candidate_status"": ""Accepted"", ""rejection_reason"": null, ""validation_record_status"": ""valid""}, {""row_index"": 75, ""target_field"": ""sub_type"", ""algorithm"": ""knn"", ""predicted_value"": ""Over The Counter"", ""confidence"": 1.0, ""prediction_source"": ""nearest_neighbors"", ""passes_threshold"": true, ""candidate_status"": ""Accepted"", ""rejection_reason"": null, ""validation_record_status"": ""valid""}]",
76,sub_type,Over The Counter,1,Over The Counter,1.0,Accepted,majority_vote,clustering,"[""clustering"", ""grouped_majority"", ""knn""]",3,4,4,4,0.0,valid,True,"[{""row_index"": 76, ""target_field"": ""sub_type"", ""algorithm"": ""grouped_majority"", ""predicted_value"": ""Over The Counter"", ""confidence"": 1.0, ""prediction_source"": ""group_majority"", ""passes_threshold"": true, ""candidate_status"": ""Accepted"", ""rejection_reason"": null, ""validation_record_status"": ""valid""}, {""row_index"": 76, ""target_field"": ""sub_type"", ""algorithm"": ""association_rules"", ""predicted_value"": ""Full Plan Check"", ""confidence"": 1.0, ""prediction_source"": ""matched_rules"", ""passes_threshold"": true, ""candidate_status"": ""Accepted"", ""rejection_reason"": null, ""validation_record_status"": ""valid""}, {""row_index"": 76, ""target_field"": ""sub_type"", ""algorithm"": ""clustering"", ""predicted_value"": ""Over The Counter"", ""confidence"": 1.0, ""prediction_source"": ""cluster_majority"", ""passes_threshold"": true, ""candidate_status"": ""Accepted"", ""rejection_reason"": null, ""validation_record_status"": ""valid""}, {""row_index"": 76, ""target_field"": ""sub_type"", ""algorithm"": ""knn"", ""predicted_value"": ""Over The Counter"", ""confidence"": 1.0, ""prediction_source"": ""nearest_neighbors"", ""passes_threshold"": true, ""candidate_status"": ""Accepted"", ""rejection_reason"": null, ""validation_record_status"": ""valid""}]",
78,sub_type,Over The Counter,1,Over The Counter,1.0,Accepted,unanimous_vote,association_rules,"[""association_rules"", ""clustering"", ""grouped_majority"", ""knn""]",4,4,4,4,0.0,valid,True,"[{""row_index"": 78, ""target_field"": ""sub_type"", ""algorithm"": ""grouped_majority"", ""predicted_value"": ""Over The Counter"", ""confidence"": 1.0, ""prediction_source"": ""group_majority"", ""passes_threshold"": true, ""candidate_status"": ""Accepted"", ""rejection_reason"": null, ""validation_record_status"": ""valid""}, {""row_index"": 78, ""target_field"": ""sub_type"", ""algorithm"": ""association_rules"", ""predicted_value"": ""Over The Counter"", ""confidence"": 1.0, ""prediction_source"": ""matched_rules"", ""passes_threshold"": true, ""candidate_status"": ""Accepted"", ""rejection_reason"": null, ""validation_record_status"": ""valid""}, {""row_index"": 78, ""target_field"": ""sub_type"", ""algorithm"": ""clustering"", ""predicted_value"": ""Over The Counter"", ""confidence"": 1.0, ""prediction_source"": ""cluster_majority"", ""passes_threshold"": true, ""candidate_status"": ""Accepted"", ""rejection_reason"": null, ""validation_record_status"": ""valid""}, {""row_index"": 78, ""target_field"": ""sub_type"", ""algorithm"": ""knn"", ""predicted_value"": ""Over The Counter"", ""confidence"": 1.0, ""prediction_source"": ""nearest_neighbors"", ""passes_threshold"": true, ""candidate_status"": ""Accepted"", ""rejection_reason"": null, ""validation_record_status"": ""valid""}]",
80,sub_type,Over The Counter,1,Over The Counter,0.9705882352941176,Accepted,unanimous_vote,association_rules,"[""association_rules"", ""clustering"", ""grouped_majority"", ""knn""]",4,4,4,4,0.0,valid,True,"[{""row_index"": 80, ""target_field"": ""sub_type"", ""algorithm"": ""grouped_majority"", ""predicted_value"": ""Over The Counter"", ""confidence"": 1.0, ""prediction_source"": ""group_majority"", ""passes_threshold"": true, ""candidate_status"": ""Accepted"", ""rejection_reason"": null, ""validation_record_status"": ""valid""}, {""row_index"": 80, ""target_field"": ""sub_type"", ""algorithm"": ""association_rules"", ""predicted_value"": ""Over The Counter"", ""confidence"": 1.0, ""prediction_source"": ""matched_rules"", ""passes_threshold"": true, ""candidate_status"": ""Accepted"", ""rejection_reason"": null, ""validation_record_status"": ""valid""}, {""row_index"": 80, ""target_field"": ""sub_type"", ""algorithm"": ""clustering"", ""predicted_value"": ""Over The Counter"", ""confidence"": 0.8823529411764706, ""prediction_source"": ""cluster_majority"", ""passes_threshold"": true, ""candidate_status"": ""Accepted"", ""rejection_reason"": null, ""validation_record_status"": ""valid""}, {""row_index"": 80, ""target_field"": ""sub_type"", ""algorithm"": ""knn"", ""predicted_value"": ""Over The Counter"", ""confidence"": 1.0, ""prediction_source"": ""nearest_neighbors"", ""passes_threshold"": true, ""candidate_status"": ""Accepted"", ""rejection_reason"": null, ""validation_record_status"": ""valid""}]",
81,sub_type,Over The Counter,1,Over The Counter,1.0,Accepted,unanimous_vote,association_rules,"[""association_rules"", ""clustering"", ""grouped_majority"", ""knn""]",4,4,4,4,0.0,valid,True,"[{""row_index"": 81, ""target_field"": ""sub_type"", ""algorithm"": ""grouped_majority"", ""predicted_value"": ""Over The Counter"", ""confidence"": 1.0, ""prediction_source"": ""group_majority"", ""passes_threshold"": true, ""candidate_status"": ""Accepted"", ""rejection_reason"": null, ""validation_record_status"": ""valid""}, {""row_index"": 81, ""target_field"": ""sub_type"", ""algorithm"": ""association_rules"", ""predicted_value"": ""Over The Counter"", ""confidence"": 1.0, ""prediction_source"": ""matched_rules"", ""passes_threshold"": true, ""candidate_status"": ""Accepted"", ""rejection_reason"": null, ""validation_record_status"": ""valid""}, {""row_index"": 81, ""target_field"": ""sub_type"", ""algorithm"": ""clustering"", ""predicted_value"": ""Over The Counter"", ""confidence"": 1.0, ""prediction_source"": ""cluster_majority"", ""passes_threshold"": true, ""candidate_status"": ""Accepted"", ""rejection_reason"": null, ""validation_record_status"": ""valid""}, {""row_index"": 81, ""target_field"": ""sub_type"", ""algorithm"": ""knn"", ""predicted_value"": ""Over The Counter"", ""confidence"": 1.0, ""prediction_source"": ""nearest_neighbors"", ""passes_threshold"": true, ""candidate_status"": ""Accepted"", ""rejection_reason"": null, ""validation_record_status"": ""valid""}]",
82,sub_type,Over The Counter,1,Over The Counter,1.0,Accepted,majority_vote,clustering,"[""clustering"", ""grouped_majority"", ""knn""]",3,4,4,4,0.0,valid,True,"[{""row_index"": 82, ""target_field"": ""sub_type"", ""algorithm"": ""grouped_majority"", ""predicted_value"": ""Over The Counter"", ""confidence"": 1.0, ""prediction_source"": ""group_majority"", ""passes_threshold"": true, ""candidate_status"": ""Accepted"", ""rejection_reason"": null, ""validation_record_status"": ""valid""}, {""row_index"": 82, ""target_field"": ""sub_type"", ""algorithm"": ""association_rules"", ""predicted_value"": ""In House Plan Check"", ""confidence"": 0.5, ""prediction_source"": ""matched_rules"", ""passes_threshold"": true, ""candidate_status"": ""Accepted"", ""rejection_reason"": null, ""validation_record_status"": ""valid""}, {""row_index"": 82, ""target_field"": ""sub_type"", ""algorithm"": ""clustering"", ""predicted_value"": ""Over The Counter"", ""confidence"": 1.0, ""prediction_source"": ""cluster_majority"", ""passes_threshold"": true, ""candidate_status"": ""Accepted"", ""rejection_reason"": null, ""validation_record_status"": ""valid""}, {""row_index"": 82, ""target_field"": ""sub_type"", ""algorithm"": ""knn"", ""predicted_value"": ""Over The Counter"", ""confidence"": 1.0, ""prediction_source"": ""nearest_neighbors"", ""passes_threshold"": true, ""candidate_status"": ""Accepted"", ""rejection_reason"": null, ""validation_record_status"": ""valid""}]",
86,sub_type,Over The Counter,1,Over The Counter,1.0,Accepted,unanimous_vote,association_rules,"[""association_rules"", ""clustering"", ""grouped_majority"", ""knn""]",4,4,4,4,0.0,valid,True,"[{""row_index"": 86, ""target_field"": ""sub_type"", ""algorithm"": ""grouped_majority"", ""predicted_value"": ""Over The Counter"", ""confidence"": 1.0, ""prediction_source"": ""group_majority"", ""passes_threshold"": true, ""candidate_status"": ""Accepted"", ""rejection_reason"": null, ""validation_record_status"": ""valid""}, {""row_index"": 86, ""target_field"": ""sub_type"", ""algorithm"": ""association_rules"", ""predicted_value"": ""Over The Counter"", ""confidence"": 1.0, ""prediction_source"": ""matched_rules"", ""passes_threshold"": true, ""candidate_status"": ""Accepted"", ""rejection_reason"": null, ""validation_record_status"": ""valid""}, {""row_index"": 86, ""target_field"": ""sub_type"", ""algorithm"": ""clustering"", ""predicted_value"": ""Over The Counter"", ""confidence"": 1.0, ""prediction_source"": ""cluster_majority"", ""passes_threshold"": true, ""candidate_status"": ""Accepted"", ""rejection_reason"": null, ""validation_record_status"": ""valid""}, {""row_index"": 86, ""target_field"": ""sub_type"", ""algorithm"": ""knn"", ""predicted_value"": ""Over The Counter"", ""confidence"": 1.0, ""prediction_source"": ""nearest_neighbors"", ""passes_threshold"": true, ""candidate_status"": ""Accepted"", ""rejection_reason"": null, ""validation_record_status"": ""valid""}]",
88,sub_type,Over The Counter,1,Over The Counter,0.9705882352941176,Accepted,unanimous_vote,association_rules,"[""association_rules"", ""clustering"", ""grouped_majority"", ""knn""]",4,4,4,4,0.0,valid,True,"[{""row_index"": 88, ""target_field"": ""sub_type"", ""algorithm"": ""grouped_majority"", ""predicted_value"": ""Over The Counter"", ""confidence"": 1.0, ""prediction_source"": ""group_majority"", ""passes_threshold"": true, ""candidate_status"": ""Accepted"", ""rejection_reason"": null, ""validation_record_status"": ""valid""}, {""row_index"": 88, ""target_field"": ""sub_type"", ""algorithm"": ""association_rules"", ""predicted_value"": ""Over The Counter"", ""confidence"": 1.0, ""prediction_source"": ""matched_rules"", ""passes_threshold"": true, ""candidate_status"": ""Accepted"", ""rejection_reason"": null, ""validation_record_status"": ""valid""}, {""row_index"": 88, ""target_field"": ""sub_type"", ""algorithm"": ""clustering"", ""predicted_value"": ""Over The Counter"", ""confidence"": 0.8823529411764706, ""prediction_source"": ""cluster_majority"", ""passes_threshold"": true, ""candidate_status"": ""Accepted"", ""rejection_reason"": null, ""validation_record_status"": ""valid""}, {""row_index"": 88, ""target_field"": ""sub_type"", ""algorithm"": ""knn"", ""predicted_value"": ""Over The Counter"", ""confidence"": 1.0, ""prediction_source"": ""nearest_neighbors"", ""passes_threshold"": true, ""candidate_status"": ""Accepted"", ""rejection_reason"": null, ""validation_record_status"": ""valid""}]",
90,sub_type,Over The Counter,1,Over The Counter,1.0,Accepted,majority_vote,clustering,"[""clustering"", ""grouped_majority"", ""knn""]",3,4,4,4,0.0,valid,True,"[{""row_index"": 90, ""target_field"": ""sub_type"", ""algorithm"": ""grouped_majority"", ""predicted_value"": ""Over The Counter"", ""confidence"": 1.0, ""prediction_source"": ""group_majority"", ""passes_threshold"": true, ""candidate_status"": ""Accepted"", ""rejection_reason"": null, ""validation_record_status"": ""valid""}, {""row_index"": 90, ""target_field"": ""sub_type"", ""algorithm"": ""association_rules"", ""predicted_value"": ""Residential Building Report"", ""confidence"": 0.6428571428571428, ""prediction_source"": ""matched_rules"", ""passes_threshold"": true, ""candidate_status"": ""Accepted"", ""rejection_reason"": null, ""validation_record_status"": ""valid""}, {""row_index"": 90, ""target_field"": ""sub_type"", ""algorithm"": ""clustering"", ""predicted_value"": ""Over The Counter"", ""confidence"": 1.0, ""prediction_source"": ""cluster_majority"", ""passes_threshold"": true, ""candidate_status"": ""Accepted"", ""rejection_reason"": null, ""validation_record_status"": ""valid""}, {""row_index"": 90, ""target_field"": ""sub_type"", ""algorithm"": ""knn"", ""predicted_value"": ""Over The Counter"", ""confidence"": 1.0, ""prediction_source"": ""nearest_neighbors"", ""passes_threshold"": true, ""candidate_status"": ""Accepted"", ""rejection_reason"": null, ""validation_record_status"": ""valid""}]",
91,sub_type,Over The Counter,1,,1.0,Requires Review,average_confidence_tiebreak,grouped_majority,"[""grouped_majority"", ""knn""]",2,4,4,4,0.0,valid,False,"[{""row_index"": 91, ""target_field"": ""sub_type"", ""algorithm"": ""grouped_majority"", ""predicted_value"": ""Over The Counter"", ""confidence"": 1.0, ""prediction_source"": ""group_majority"", ""passes_threshold"": true, ""candidate_status"": ""Accepted"", ""rejection_reason"": null, ""validation_record_status"": ""valid""}, {""row_index"": 91, ""target_field"": ""sub_type"", ""algorithm"": ""association_rules"", ""predicted_value"": ""Residential Building Report"", ""confidence"": 0.8181818181818181, ""prediction_source"": ""matched_rules"", ""passes_threshold"": true, ""candidate_status"": ""Accepted"", ""rejection_reason"": null, ""validation_record_status"": ""valid""}, {""row_index"": 91, ""target_field"": ""sub_type"", ""algorithm"": ""clustering"", ""predicted_value"": ""Residential Building Report"", ""confidence"": 0.6923076923076923, ""prediction_source"": ""cluster_majority"", ""passes_threshold"": true, ""candidate_status"": ""Accepted"", ""rejection_reason"": null, ""validation_record_status"": ""valid""}, {""row_index"": 91, ""target_field"": ""sub_type"", ""algorithm"": ""knn"", ""predicted_value"": ""Over The Counter"", ""confidence"": 1.0, ""prediction_source"": ""nearest_neighbors"", ""passes_threshold"": true, ""candidate_status"": ""Accepted"", ""rejection_reason"": null, ""validation_record_status"": ""valid""}]",
93,sub_type,Over The Counter,1,Over The Counter,0.9174770543455135,Accepted,unanimous_vote,association_rules,"[""association_rules"", ""clustering"", ""grouped_majority"", ""knn""]",4,4,4,4,0.0,valid,True,"[{""row_index"": 93, ""target_field"": ""sub_type"", ""algorithm"": ""grouped_majority"", ""predicted_value"": ""Over The Counter"", ""confidence"": 1.0, ""prediction_source"": ""group_majority"", ""passes_threshold"": true, ""candidate_status"": ""Accepted"", ""rejection_reason"": null, ""validation_record_status"": ""valid""}, {""row_index"": 93, ""target_field"": ""sub_type"", ""algorithm"": ""association_rules"", ""predicted_value"": ""Over The Counter"", ""confidence"": 1.0, ""prediction_source"": ""matched_rules"", ""passes_threshold"": true, ""candidate_status"": ""Accepted"", ""rejection_reason"": null, ""validation_record_status"": ""valid""}, {""row_index"": 93, ""target_field"": ""sub_type"", ""algorithm"": ""clustering"", ""predicted_value"": ""Over The Counter"", ""confidence"": 0.8823529411764706, ""prediction_source"": ""cluster_majority"", ""passes_threshold"": true, ""candidate_status"": ""Accepted"", ""rejection_reason"": null, ""validation_record_status"": ""valid""}, {""row_index"": 93, ""target_field"": ""sub_type"", ""algorithm"": ""knn"", ""predicted_value"": ""Over The Counter"", ""confidence"": 0.7875552762055837, ""prediction_source"": ""nearest_neighbors"", ""passes_threshold"": true, ""candidate_status"": ""Accepted"", ""rejection_reason"": null, ""validation_record_status"": ""valid""}]",
95,sub_type,Over The Counter,1,Over The Counter,0.9705882352941176,Accepted,unanimous_vote,association_rules,"[""association_rules"", ""clustering"", ""grouped_majority"", ""knn""]",4,4,4,4,0.0,valid,True,"[{""row_index"": 95, ""target_field"": ""sub_type"", ""algorithm"": ""grouped_majority"", ""predicted_value"": ""Over The Counter"", ""confidence"": 1.0, ""prediction_source"": ""group_majority"", ""passes_threshold"": true, ""candidate_status"": ""Accepted"", ""rejection_reason"": null, ""validation_record_status"": ""valid""}, {""row_index"": 95, ""target_field"": ""sub_type"", ""algorithm"": ""association_rules"", ""predicted_value"": ""Over The Counter"", ""confidence"": 1.0, ""prediction_source"": ""matched_rules"", ""passes_threshold"": true, ""candidate_status"": ""Accepted"", ""rejection_reason"": null, ""validation_record_status"": ""valid""}, {""row_index"": 95, ""target_field"": ""sub_type"", ""algorithm"": ""clustering"", ""predicted_value"": ""Over The Counter"", ""confidence"": 0.8823529411764706, ""prediction_source"": ""cluster_majority"", ""passes_threshold"": true, ""candidate_status"": ""Accepted"", ""rejection_reason"": null, ""validation_record_status"": ""valid""}, {""row_index"": 95, ""target_field"": ""sub_type"", ""algorithm"": ""knn"", ""predicted_value"": ""Over The Counter"", ""confidence"": 1.0, ""prediction_source"": ""nearest_neighbors"", ""passes_threshold"": true, ""candidate_status"": ""Accepted"", ""rejection_reason"": null, ""validation_record_status"": ""valid""}]",
100,sub_type,Over The Counter,1,Over The Counter,0.9174770543455135,Accepted,unanimous_vote,association_rules,"[""association_rules"", ""clustering"", ""grouped_majority"", ""knn""]",4,4,4,4,0.0,valid,True,"[{""row_index"": 100, ""target_field"": ""sub_type"", ""algorithm"": ""grouped_majority"", ""predicted_value"": ""Over The Counter"", ""confidence"": 1.0, ""prediction_source"": ""group_majority"", ""passes_threshold"": true, ""candidate_status"": ""Accepted"", ""rejection_reason"": null, ""validation_record_status"": ""valid""}, {""row_index"": 100, ""target_field"": ""sub_type"", ""algorithm"": ""association_rules"", ""predicted_value"": ""Over The Counter"", ""confidence"": 1.0, ""prediction_source"": ""matched_rules"", ""passes_threshold"": true, ""candidate_status"": ""Accepted"", ""rejection_reason"": null, ""validation_record_status"": ""valid""}, {""row_index"": 100, ""target_field"": ""sub_type"", ""algorithm"": ""clustering"", ""predicted_value"": ""Over The Counter"", ""confidence"": 0.8823529411764706, ""prediction_source"": ""cluster_majority"", ""passes_threshold"": true, ""candidate_status"": ""Accepted"", ""rejection_reason"": null, ""validation_record_status"": ""valid""}, {""row_index"": 100, ""target_field"": ""sub_type"", ""algorithm"": ""knn"", ""predicted_value"": ""Over The Counter"", ""confidence"": 0.7875552762055837, ""prediction_source"": ""nearest_neighbors"", ""passes_threshold"": true, ""candidate_status"": ""Accepted"", ""rejection_reason"": null, ""validation_record_status"": ""valid""}]",
101,sub_type,Over The Counter,1,Over The Counter,1.0,Accepted,unanimous_vote,association_rules,"[""association_rules"", ""clustering"", ""grouped_majority"", ""knn""]",4,4,4,4,0.0,valid,True,"[{""row_index"": 101, ""target_field"": ""sub_type"", ""algorithm"": ""grouped_majority"", ""predicted_value"": ""Over The Counter"", ""confidence"": 1.0, ""prediction_source"": ""group_majority"", ""passes_threshold"": true, ""candidate_status"": ""Accepted"", ""rejection_reason"": null, ""validation_record_status"": ""valid""}, {""row_index"": 101, ""target_field"": ""sub_type"", ""algorithm"": ""association_rules"", ""predicted_value"": ""Over The Counter"", ""confidence"": 1.0, ""prediction_source"": ""matched_rules"", ""passes_threshold"": true, ""candidate_status"": ""Accepted"", ""rejection_reason"": null, ""validation_record_status"": ""valid""}, {""row_index"": 101, ""target_field"": ""sub_type"", ""algorithm"": ""clustering"", ""predicted_value"": ""Over The Counter"", ""confidence"": 1.0, ""prediction_source"": ""cluster_majority"", ""passes_threshold"": true, ""candidate_status"": ""Accepted"", ""rejection_reason"": null, ""validation_record_status"": ""valid""}, {""row_index"": 101, ""target_field"": ""sub_type"", ""algorithm"": ""knn"", ""predicted_value"": ""Over The Counter"", ""confidence"": 1.0, ""prediction_source"": ""nearest_neighbors"", ""passes_threshold"": true, ""candidate_status"": ""Accepted"", ""rejection_reason"": null, ""validation_record_status"": ""valid""}]",
102,sub_type,Residential Building Report,1,Residential Building Report,0.898076923076923,Accepted,unanimous_vote,association_rules,"[""association_rules"", ""clustering"", ""grouped_majority"", ""knn""]",4,4,4,4,0.0,valid,True,"[{""row_index"": 102, ""target_field"": ""sub_type"", ""algorithm"": ""grouped_majority"", ""predicted_value"": ""Residential Building Report"", ""confidence"": 0.9, ""prediction_source"": ""group_majority"", ""passes_threshold"": true, ""candidate_status"": ""Accepted"", ""rejection_reason"": null, ""validation_record_status"": ""valid""}, {""row_index"": 102, ""target_field"": ""sub_type"", ""algorithm"": ""association_rules"", ""predicted_value"": ""Residential Building Report"", ""confidence"": 1.0, ""prediction_source"": ""matched_rules"", ""passes_threshold"": true, ""candidate_status"": ""Accepted"", ""rejection_reason"": null, ""validation_record_status"": ""valid""}, {""row_index"": 102, ""target_field"": ""sub_type"", ""algorithm"": ""clustering"", ""predicted_value"": ""Residential Building Report"", ""confidence"": 0.6923076923076923, ""prediction_source"": ""cluster_majority"", ""passes_threshold"": true, ""candidate_status"": ""Accepted"", ""rejection_reason"": null, ""validation_record_status"": ""valid""}, {""row_index"": 102, ""target_field"": ""sub_type"", ""algorithm"": ""knn"", ""predicted_value"": ""Residential Building Report"", ""confidence"": 1.0, ""prediction_source"": ""nearest_neighbors"", ""passes_threshold"": true, ""candidate_status"": ""Accepted"", ""rejection_reason"": null, ""validation_record_status"": ""valid""}]",
107,sub_type,Residential Building Report,1,Residential Building Report,0.898076923076923,Accepted,unanimous_vote,association_rules,"[""association_rules"", ""clustering"", ""grouped_majority"", ""knn""]",4,4,4,4,0.0,valid,True,"[{""row_index"": 107, ""target_field"": ""sub_type"", ""algorithm"": ""grouped_majority"", ""predicted_value"": ""Residential Building Report"", ""confidence"": 0.9, ""prediction_source"": ""group_majority"", ""passes_threshold"": true, ""candidate_status"": ""Accepted"", ""rejection_reason"": null, ""validation_record_status"": ""valid""}, {""row_index"": 107, ""target_field"": ""sub_type"", ""algorithm"": ""association_rules"", ""predicted_value"": ""Residential Building Report"", ""confidence"": 1.0, ""prediction_source"": ""matched_rules"", ""passes_threshold"": true, ""candidate_status"": ""Accepted"", ""rejection_reason"": null, ""validation_record_status"": ""valid""}, {""row_index"": 107, ""target_field"": ""sub_type"", ""algorithm"": ""clustering"", ""predicted_value"": ""Residential Building Report"", ""confidence"": 0.6923076923076923, ""prediction_source"": ""cluster_majority"", ""passes_threshold"": true, ""candidate_status"": ""Accepted"", ""rejection_reason"": null, ""validation_record_status"": ""valid""}, {""row_index"": 107, ""target_field"": ""sub_type"", ""algorithm"": ""knn"", ""predicted_value"": ""Residential Building Report"", ""confidence"": 1.0, ""prediction_source"": ""nearest_neighbors"", ""passes_threshold"": true, ""candidate_status"": ""Accepted"", ""rejection_reason"": null, ""validation_record_status"": ""valid""}]",
113,sub_type,Residential Building Report,1,Residential Building Report,0.898076923076923,Accepted,unanimous_vote,association_rules,"[""association_rules"", ""clustering"", ""grouped_majority"", ""knn""]",4,4,4,4,0.0,valid,True,"[{""row_index"": 113, ""target_field"": ""sub_type"", ""algorithm"": ""grouped_majority"", ""predicted_value"": ""Residential Building Report"", ""confidence"": 0.9, ""prediction_source"": ""group_majority"", ""passes_threshold"": true, ""candidate_status"": ""Accepted"", ""rejection_reason"": null, ""validation_record_status"": ""valid""}, {""row_index"": 113, ""target_field"": ""sub_type"", ""algorithm"": ""association_rules"", ""predicted_value"": ""Residential Building Report"", ""confidence"": 1.0, ""prediction_source"": ""matched_rules"", ""passes_threshold"": true, ""candidate_status"": ""Accepted"", ""rejection_reason"": null, ""validation_record_status"": ""valid""}, {""row_index"": 113, ""target_field"": ""sub_type"", ""algorithm"": ""clustering"", ""predicted_value"": ""Residential Building Report"", ""confidence"": 0.6923076923076923, ""prediction_source"": ""cluster_majority"", ""passes_threshold"": true, ""candidate_status"": ""Accepted"", ""rejection_reason"": null, ""validation_record_status"": ""valid""}, {""row_index"": 113, ""target_field"": ""sub_type"", ""algorithm"": ""knn"", ""predicted_value"": ""Residential Building Report"", ""confidence"": 1.0, ""prediction_source"": ""nearest_neighbors"", ""passes_threshold"": true, ""candidate_status"": ""Accepted"", ""rejection_reason"": null, ""validation_record_status"": ""valid""}]",
114,sub_type,Residential Building Report,1,Residential Building Report,0.898076923076923,Accepted,unanimous_vote,association_rules,"[""association_rules"", ""clustering"", ""grouped_majority"", ""knn""]",4,4,4,4,0.0,valid,True,"[{""row_index"": 114, ""target_field"": ""sub_type"", ""algorithm"": ""grouped_majority"", ""predicted_value"": ""Residential Building Report"", ""confidence"": 0.9, ""prediction_source"": ""group_majority"", ""passes_threshold"": true, ""candidate_status"": ""Accepted"", ""rejection_reason"": null, ""validation_record_status"": ""valid""}, {""row_index"": 114, ""target_field"": ""sub_type"", ""algorithm"": ""association_rules"", ""predicted_value"": ""Residential Building Report"", ""confidence"": 1.0, ""prediction_source"": ""matched_rules"", ""passes_threshold"": true, ""candidate_status"": ""Accepted"", ""rejection_reason"": null, ""validation_record_status"": ""valid""}, {""row_index"": 114, ""target_field"": ""sub_type"", ""algorithm"": ""clustering"", ""predicted_value"": ""Residential Building Report"", ""confidence"": 0.6923076923076923, ""prediction_source"": ""cluster_majority"", ""passes_threshold"": true, ""candidate_status"": ""Accepted"", ""rejection_reason"": null, ""validation_record_status"": ""valid""}, {""row_index"": 114, ""target_field"": ""sub_type"", ""algorithm"": ""knn"", ""predicted_value"": ""Residential Building Report"", ""confidence"": 1.0, ""prediction_source"": ""nearest_neighbors"", ""passes_threshold"": true, ""candidate_status"": ""Accepted"", ""rejection_reason"": null, ""validation_record_status"": ""valid""}]",
115,sub_type,Residential Building Report,1,Residential Building Report,0.898076923076923,Accepted,unanimous_vote,association_rules,"[""association_rules"", ""clustering"", ""grouped_majority"", ""knn""]",4,4,4,4,0.0,valid,True,"[{""row_index"": 115, ""target_field"": ""sub_type"", ""algorithm"": ""grouped_majority"", ""predicted_value"": ""Residential Building Report"", ""confidence"": 0.9, ""prediction_source"": ""group_majority"", ""passes_threshold"": true, ""candidate_status"": ""Accepted"", ""rejection_reason"": null, ""validation_record_status"": ""valid""}, {""row_index"": 115, ""target_field"": ""sub_type"", ""algorithm"": ""association_rules"", ""predicted_value"": ""Residential Building Report"", ""confidence"": 1.0, ""prediction_source"": ""matched_rules"", ""passes_threshold"": true, ""candidate_status"": ""Accepted"", ""rejection_reason"": null, ""validation_record_status"": ""valid""}, {""row_index"": 115, ""target_field"": ""sub_type"", ""algorithm"": ""clustering"", ""predicted_value"": ""Residential Building Report"", ""confidence"": 0.6923076923076923, ""prediction_source"": ""cluster_majority"", ""passes_threshold"": true, ""candidate_status"": ""Accepted"", ""rejection_reason"": null, ""validation_record_status"": ""valid""}, {""row_index"": 115, ""target_field"": ""sub_type"", ""algorithm"": ""knn"", ""predicted_value"": ""Residential Building Report"", ""confidence"": 1.0, ""prediction_source"": ""nearest_neighbors"", ""passes_threshold"": true, ""candidate_status"": ""Accepted"", ""rejection_reason"": null, ""validation_record_status"": ""valid""}]",
116,sub_type,Residential Building Report,1,Residential Building Report,0.898076923076923,Accepted,unanimous_vote,association_rules,"[""association_rules"", ""clustering"", ""grouped_majority"", ""knn""]",4,4,4,4,0.0,valid,True,"[{""row_index"": 116, ""target_field"": ""sub_type"", ""algorithm"": ""grouped_majority"", ""predicted_value"": ""Residential Building Report"", ""confidence"": 0.9, ""prediction_source"": ""group_majority"", ""passes_threshold"": true, ""candidate_status"": ""Accepted"", ""rejection_reason"": null, ""validation_record_status"": ""valid""}, {""row_index"": 116, ""target_field"": ""sub_type"", ""algorithm"": ""association_rules"", ""predicted_value"": ""Residential Building Report"", ""confidence"": 1.0, ""prediction_source"": ""matched_rules"", ""passes_threshold"": true, ""candidate_status"": ""Accepted"", ""rejection_reason"": null, ""validation_record_status"": ""valid""}, {""row_index"": 116, ""target_field"": ""sub_type"", ""algorithm"": ""clustering"", ""predicted_value"": ""Residential Building Report"", ""confidence"": 0.6923076923076923, ""prediction_source"": ""cluster_majority"", ""passes_threshold"": true, ""candidate_status"": ""Accepted"", ""rejection_reason"": null, ""validation_record_status"": ""valid""}, {""row_index"": 116, ""target_field"": ""sub_type"", ""algorithm"": ""knn"", ""predicted_value"": ""Residential Building Report"", ""confidence"": 1.0, ""prediction_source"": ""nearest_neighbors"", ""passes_threshold"": true, ""candidate_status"": ""Accepted"", ""rejection_reason"": null, ""validation_record_status"": ""valid""}]",
119,sub_type,Solar,1,Over The Counter,0.7361842105263159,Accepted,unanimous_vote,association_rules,"[""association_rules"", ""clustering"", ""grouped_majority"", ""knn""]",4,4,4,4,0.0,valid,True,"[{""row_index"": 119, ""target_field"": ""sub_type"", ""algorithm"": ""grouped_majority"", ""predicted_value"": ""Over The Counter"", ""confidence"": 0.5, ""prediction_source"": ""group_majority"", ""passes_threshold"": true, ""candidate_status"": ""Accepted"", ""rejection_reason"": null, ""validation_record_status"": ""valid""}, {""row_index"": 119, ""target_field"": ""sub_type"", ""algorithm"": ""association_rules"", ""predicted_value"": ""Over The Counter"", ""confidence"": 0.8947368421052632, ""prediction_source"": ""matched_rules"", ""passes_threshold"": true, ""candidate_status"": ""Accepted"", ""rejection_reason"": null, ""validation_record_status"": ""valid""}, {""row_index"": 119, ""target_field"": ""sub_type"", ""algorithm"": ""clustering"", ""predicted_value"": ""Over The Counter"", ""confidence"": 0.75, ""prediction_source"": ""cluster_majority"", ""passes_threshold"": true, ""candidate_status"": ""Accepted"", ""rejection_reason"": null, ""validation_record_status"": ""valid""}, {""row_index"": 119, ""target_field"": ""sub_type"", ""algorithm"": ""knn"", ""predicted_value"": ""Over The Counter"", ""confidence"": 0.8, ""prediction_source"": ""nearest_neighbors"", ""passes_threshold"": true, ""candidate_status"": ""Accepted"", ""rejection_reason"": null, ""validation_record_status"": ""valid""}]",
